id,web_name,statusnew,defcons,total_points,minutes,goals_scored,assists,clean_sheets,goals_conceded,match_id,minutes_played,goals,assists,minutesinmatch,goalsinmatch,assistsinmatch,cumminutes,cumgoals,cumassists,cumcleansheets,cumgoalsconceded,cumsaves,positionnew,position,nextgwpoints,gw2statusnew,gw2status,gw2min,gw2goalsscored,gw2assists,gw2cs,gw2goals_conceded,gw2defcons,gw2match-id,gw2minutes_playedinmatch,gw2goalsinmatch,gw2assistsinmatch,gw2cummins,gw2cumgoals,gw2cumassits,gw2cumcs,gw2cumgoalsconceded,gw2cumsaves,gw3statusnew,gw3status,gw3min,gw3goalsscored,gw3assists,gw3cs,gw3defcons,gw3points,gw3match-id,gw3minutes_playedinmatch,gw3goalsinmatch,gw3goals_conceded,gw3assistsinmatch,gw3cummins,gw3cumgoals,gw3cumassists,gw3cumcs,gw3cumgoalsconceded,gw3cumsdefcons,gw3cumsaves,gw3cumtotalpoints,nwxtgwpoints
1,Raya,1,0,10,90,0,0,1,0,25-26-prem-manchester-united-vs-arsenal,90,0,0,90,0,0,90,0,0,1,0,7,1,Goalkeeper,6,1,a,90,0,0,1,0,17,25-26-prem-arsenal-vs-leeds-united,90,0,0,180,0,0,0,2,0,1,a,90,0,0,0,1,12,25-26-prem-liverpool-vs-arsenal,90,0,1,0,270,0,0,2,1,29,10,18,6
2,Arrizabalaga,1,0,0,0,0,0,0,0,#N/A,#N/A,#N/A,0,#N/A,#N/A,#N/A,0,0,0,0,0,0,1,Goalkeeper,0,1,a,0,0,0,0,0,0,#N/A,#N/A,#N/A,#N/A,0,0,0,0,0,0,1,a,0,0,0,0,0,0,#N/A,#N/A,#N/A,0,#N/A,0,0,0,0,0,0,0,0,0
3,Hein,2,0,0,0,0,0,0,0,#N/A,#N/A,#N/A,0,#N/A,#N/A,#N/A,0,0,0,0,0,0,1,Goalkeeper,0,1,a,0,0,0,0,0,0,#N/A,#N/A,#N/A,#N/A,0,0,0,0,0,0,2,u,0,0,0,0,0,0,#N/A,#N/A,#N/A,0,#N/A,0,0,0,0,0,0,0,0,0
4,Setford,2,0,0,0,0,0,0,0,#N/A,#N/A,#N/A,0,#N/A,#N/A,#N/A,0,0,0,0,0,0,1,Goalkeeper,0,1,a,0,0,0,0,0,0,#N/A,#N/A,#N/A,#N/A,0,0,0,0,0,0,1,a,0,0,0,0,0,0,#N/A,#N/A,#N/A,0,#N/A,0,0,0,0,0,0,0,0,0
5,Gabriel,3,7,6,90,0,0,1,0,25-26-prem-manchester-united-vs-arsenal,90,0,0,90,0,0,90,0,0,1,0,0,2,Defender,6,1,a,90,0,0,1,0,8,25-26-prem-arsenal-vs-leeds-united,90,0,0,180,0,0,0,2,0,1,a,90,0,0,0,1,9,25-26-prem-liverpool-vs-arsenal,90,0,1,0,270,0,0,2,1,24,0,14,0
6,Saliba,4,14,9,90,0,0,1,0,25-26-prem-manchester-united-vs-arsenal,90,0,0,90,0,0,90,0,0,1,0,0,2,Defender,6,1,a,90,0,0,1,0,12,25-26-prem-arsenal-vs-leeds-united,90,0,0,180,0,0,0,2,0,1,a,4,0,0,0,0,3,25-26-prem-liverpool-vs-arsenal,5,0,0,0,184,0,0,2,0,29,0,16,1
7,Calafiori,5,4,13,71,1,0,1,0,25-26-prem-manchester-united-vs-arsenal,72,1,0,72,1,0,71,1,0,1,0,0,2,Defender,13,1,a,63,0,2,1,0,7,25-26-prem-arsenal-vs-leeds-united,64,0,2,134,1,1,2,2,0,1,a,90,0,0,0,1,10,25-26-prem-liverpool-vs-arsenal,90,0,1,0,224,1,2,2,1,21,0,28,0
8,J.Timber,4,3,0,19,0,0,0,0,25-26-prem-manchester-united-vs-arsenal,19,0,0,19,0,0,19,0,0,0,0,0,2,Defender,24,1,a,63,2,1,1,0,8,25-26-prem-arsenal-vs-leeds-united,64,2,1,82,2,2,1,1,0,1,a,90,0,0,0,1,11,25-26-prem-liverpool-vs-arsenal,90,0,1,0,172,2,1,1,1,22,0,26,0
9,Kiwior,2,0,0,0,0,0,0,0,#N/A,#N/A,#N/A,0,#N/A,#N/A,#N/A,0,0,0,0,0,0,2,Defender,0,1,a,0,0,0,0,0,0,#N/A,#N/A,#N/A,#N/A,0,0,0,0,0,0,1,a,0,0,0,0,0,0,#N/A,#N/A,#N/A,0,#N/A,0,0,0,0,0,0,0,0,9
10,Lewis-Skelly,1,1,0,18,0,0,0,0,25-26-prem-manchester-united-vs-arsenal,18,0,0,18,0,0,18,0,0,0,0,0,2,Defender,1,1,a,26,0,0,0,0,3,25-26-prem-arsenal-vs-leeds-united,26,0,0,44,0,0,0,0,0,1,a,0,0,0,0,0,0,#N/A,#N/A,#N/A,0,#N/A,44,0,0,0,0,4,0,1,0
11,White,1,8,6,70,0,0,1,0,25-26-prem-manchester-united-vs-arsenal,71,0,0,71,0,0,70,0,0,1,0,0,2,Defender,0,4,d,0,0,0,0,0,4,#N/A,#N/A,#N/A,#N/A,70,0,0,0,1,0,4,d,0,0,0,0,0,0,#N/A,#N/A,#N/A,0,#N/A,70,0,0,1,0,12,0,6,5
13,Clarke,1,0,0,0,0,0,0,0,#N/A,#N/A,#N/A,0,#N/A,#N/A,#N/A,0,0,0,0,0,0,2,Defender,0,1,a,0,0,0,0,0,0,#N/A,#N/A,#N/A,#N/A,0,0,0,0,0,0,1,a,0,0,0,0,0,0,#N/A,#N/A,#N/A,0,#N/A,0,0,0,0,0,0,0,0,8
14,Kacurri,2,0,0,0,0,0,0,0,#N/A,#N/A,#N/A,0,#N/A,#N/A,#N/A,0,0,0,0,0,0,2,Defender,0,1,a,0,0,0,0,0,0,#N/A,#N/A,#N/A,#N/A,0,0,0,0,0,0,1,a,0,0,0,0,0,0,#N/A,#N/A,#N/A,0,#N/A,0,0,0,0,0,0,0,0,0
15,Nichols,1,0,0,0,0,0,0,0,#N/A,#N/A,#N/A,0,#N/A,#N/A,#N/A,0,0,0,0,0,0,2,Defender,0,1,a,0,0,0,0,0,0,#N/A,#N/A,#N/A,#N/A,0,0,0,0,0,0,1,a,0,0,0,0,0,0,#N/A,#N/A,#N/A,0,#N/A,0,0,0,0,0,0,0,0,1
16,Saka,1,5,3,90,0,0,1,0,25-26-prem-manchester-united-vs-arsenal,90,0,0,90,0,0,90,0,0,1,0,0,3,Midfielder,6,4,d,52,1,0,0,0,0,25-26-prem-arsenal-vs-leeds-united,53,1,0,142,1,1,0,1,0,3,i,0,0,0,0,0,0,#N/A,#N/A,#N/A,0,#N/A,142,1,0,1,0,9,0,9,0
17,Ødegaard,1,14,5,90,0,0,1,0,25-26-prem-manchester-united-vs-arsenal,90,0,0,90,0,0,90,0,0,1,0,0,3,Midfielder,1,4,d,37,0,0,0,0,2,25-26-prem-arsenal-vs-leeds-united,38,0,0,127,0,0,0,1,0,4,d,20,0,0,0,1,1,25-26-prem-liverpool-vs-arsenal,20,0,1,0,147,0,0,1,1,17,0,7,0
18,Madueke,1,0,1,30,0,0,0,0,25-26-prem-manchester-united-vs-arsenal,30,0,0,30,0,0,30,0,0,0,0,0,3,Midfielder,3,1,a,63,0,0,1,0,3,25-26-prem-arsenal-vs-leeds-united,64,0,0,93,0,0,0,1,0,1,a,88,0,0,0,1,2,25-26-prem-liverpool-vs-arsenal,89,0,1,0,181,0,0,1,1,5,0,6,0
19,Martinelli,1,4,1,59,0,0,0,0,25-26-prem-manchester-united-vs-arsenal,60,0,0,60,0,0,59,0,0,0,0,0,3,Midfielder,0,1,a,0,0,0,0,0,0,#N/A,#N/A,#N/A,#N/A,59,0,0,0,0,0,1,a,69,0,0,1,0,3,25-26-prem-liverpool-vs-arsenal,70,0,0,0,128,0,0,1,0,7,0,4,0
20,Trossard,4,0,0,0,0,0,0,0,#N/A,#N/A,#N/A,0,#N/A,#N/A,#N/A,0,0,0,0,0,0,3,Midfielder,1,1,a,37,0,0,0,0,0,25-26-prem-arsenal-vs-leeds-united,37,0,0,37,0,0,0,0,0,4,d,0,0,0,0,0,0,#N/A,#N/A,#N/A,0,#N/A,37,0,0,0,0,0,0,1,0
21,Rice,4,4,6,82,0,1,1,0,25-26-prem-manchester-united-vs-arsenal,83,0,1,83,0,0,82,0,1,1,0,0,3,Midfielder,6,1,a,90,0,1,1,0,3,25-26-prem-arsenal-vs-leeds-united,90,0,1,172,0,0,2,2,0,1,a,90,0,0,0,1,13,25-26-prem-liverpool-vs-arsenal,90,0,1,0,262,0,2,2,1,20,0,16,1
22,Merino,1,1,1,7,0,0,0,0,25-26-prem-manchester-united-vs-arsenal,7,0,0,7,0,0,7,0,0,0,0,0,3,Midfielder,0,1,a,0,0,0,0,0,0,#N/A,#N/A,#N/A,#N/A,7,0,0,0,0,0,1,a,69,0,0,1,0,5,25-26-prem-liverpool-vs-arsenal,70,0,0,0,76,0,0,1,0,6,0,4,3
23,Fábio Vieira,2,0,0,0,0,0,0,0,#N/A,#N/A,#N/A,0,#N/A,#N/A,#N/A,0,0,0,0,0,0,3,Midfielder,0,1,a,0,0,0,0,0,0,#N/A,#N/A,#N/A,#N/A,0,0,0,0,0,0,1,a,0,0,0,0,0,0,#N/A,#N/A,#N/A,0,#N/A,0,0,0,0,0,0,0,0,1
24,Nørgaard,1,0,0,0,0,0,0,0,#N/A,#N/A,#N/A,0,#N/A,#N/A,#N/A,0,0,0,0,0,0,3,Midfielder,0,3,i,0,0,0,0,0,0,#N/A,#N/A,#N/A,#N/A,0,0,0,0,0,0,4,d,0,0,0,0,0,0,#N/A,#N/A,#N/A,0,#N/A,0,0,0,0,0,0,0,0,4
25,Nwaneri,1,0,0,0,0,0,0,0,#N/A,#N/A,#N/A,0,#N/A,#N/A,#N/A,0,0,0,0,0,0,3,Midfielder,1,1,a,52,0,0,0,0,4,25-26-prem-arsenal-vs-leeds-united,52,0,0,52,0,0,0,0,0,1,a,0,0,0,0,0,0,#N/A,#N/A,#N/A,0,#N/A,52,0,0,0,0,4,0,1,1
26,Zubimendi,1,12,5,90,0,0,1,0,25-26-prem-manchester-united-vs-arsenal,90,0,0,90,0,0,90,0,0,1,0,0,3,Midfielder,3,1,a,90,0,0,1,0,8,25-26-prem-arsenal-vs-leeds-united,90,0,0,180,0,0,0,2,0,1,a,90,0,0,0,1,7,25-26-prem-liverpool-vs-arsenal,90,0,1,0,270,0,0,2,1,27,0,9,3
28,Kabia,2,0,0,0,0,0,0,0,#N/A,#N/A,#N/A,0,#N/A,#N/A,#N/A,0,0,0,0,0,0,3,Midfielder,0,1,a,0,0,0,0,0,0,#N/A,#N/A,#N/A,#N/A,0,0,0,0,0,0,1,a,0,0,0,0,0,0,#N/A,#N/A,#N/A,0,#N/A,0,0,0,0,0,0,0,0,0
29,Sambi,2,0,0,0,0,0,0,0,#N/A,#N/A,#N/A,0,#N/A,#N/A,#N/A,0,0,0,0,0,0,3,Midfielder,0,1,a,0,0,0,0,0,0,#N/A,#N/A,,#N/A,0,0,0,0,0,0,1,a,0,0,0,0,0,0,#N/A,#N/A,#N/A,0,#N/A,0,0,0,0,0,0,0,0,0
30,Havertz,3,3,1,30,0,0,0,0,25-26-prem-manchester-united-vs-arsenal,30,0,0,30,0,0,30,0,0,0,0,0,4,Forward,0,3,i,0,0,0,0,0,0,#N/A,#N/A,#N/A,#N/A,30,0,0,0,0,0,3,i,0,0,0,0,0,0,#N/A,#N/A,#N/A,0,#N/A,30,0,0,0,0,3,0,1,3
31,G.Jesus,1,0,0,0,0,0,0,0,#N/A,#N/A,#N/A,0,#N/A,#N/A,#N/A,0,0,0,0,0,0,4,Forward,0,3,i,0,0,0,0,0,0,#N/A,#N/A,#N/A,#N/A,0,0,0,0,0,0,3,i,0,0,0,0,0,0,#N/A,#N/A,#N/A,0,#N/A,0,0,0,0,0,0,0,0,16
266,Eze,1,7,3,83,0,0,1,0,25-26-prem-chelsea-vs-crystal-palace,84,0,0,84,0,0,83,0,0,1,0,0,3,Midfielder,0,1,a,0,0,0,0,0,0,#N/A,#N/A,#N/A,#N/A,83,0,0,0,1,0,1,a,20,0,0,0,1,1,25-26-prem-liverpool-vs-arsenal,20,0,1,0,103,0,0,1,1,8,0,4,0
662,Mosquera,3,0,0,0,0,0,0,0,#N/A,#N/A,#N/A,0,#N/A,#N/A,#N/A,0,0,0,0,0,0,2,Defender,1,1,a,26,0,0,0,0,2,25-26-prem-arsenal-vs-leeds-united,26,0,0,26,0,0,0,0,0,1,a,85,0,0,0,1,12,25-26-prem-liverpool-vs-arsenal,85,0,1,0,111,0,0,0,1,14,0,3,0
666,Gyökeres,1,2,1,59,0,0,0,0,25-26-prem-manchester-united-vs-arsenal,60,0,0,60,0,0,59,0,0,0,0,0,4,Forward,12,1,a,90,2,0,1,0,5,25-26-prem-arsenal-vs-leeds-united,90,2,0,149,2,2,0,1,0,1,a,90,0,0,0,1,2,25-26-prem-liverpool-vs-arsenal,90,0,1,0,239,2,0,1,1,9,0,14,0
700,Dowman,3,0,0,0,0,0,0,0,#N/A,#N/A,#N/A,0,#N/A,#N/A,#N/A,0,0,0,0,0,0,3,Midfielder,4,1,a,26,0,1,0,0,3,25-26-prem-arsenal-vs-leeds-united,26,0,0,26,0,0,1,0,0,1,a,1,0,0,0,0,0,25-26-prem-liverpool-vs-arsenal,1,0,0,0,27,0,1,0,0,3,0,5,0
711,Harriman-Annous,1,0,0,0,0,0,0,0,#N/A,#N/A,#N/A,0,#N/A,#N/A,#N/A,0,0,0,0,0,0,3,Midfielder,0,1,a,0,0,0,0,0,0,#N/A,#N/A,#N/A,#N/A,0,0,0,0,0,0,1,a,0,0,0,0,0,0,#N/A,#N/A,#N/A,0,#N/A,0,0,0,0,0,0,0,0,6
725,Hincapie,1,0,0,0,0,0,0,0,#N/A,#N/A,#N/A,0,#N/A,#N/A,#N/A,0,0,0,0,0,0,2,Defender,0,1,a,0,0,0,0,0,0,#N/A,#N/A,#N/A,#N/A,0,0,0,0,0,0,1,a,0,0,0,0,0,0,#N/A,#N/A,#N/A,0,#N/A,0,0,0,0,0,0,0,0,7
759,Salmon,1,0,0,0,0,0,0,0,#N/A,#N/A,#N/A,0,#N/A,#N/A,#N/A,0,0,0,0,0,0,2,Defender,#N/A,#N/A,#N/A,#N/A,#N/A,#N/A,#N/A,#N/A,#N/A,#N/A,#N/A,#N/A,#N/A,#N/A,#N/A,#N/A,#N/A,#N/A,#N/A,#N/A,#N/A,#N/A,#N/A,#N/A,#N/A,#N/A,#N/A,#N/A,#N/A,#N/A,#N/A,#N/A,#N/A,#N/A,#N/A,#N/A,#N/A,#N/A,#N/A,#N/A,6
32,Martinez,4,0,0,0,0,0,0,0,#N/A,#N/A,#N/A,0,#N/A,#N/A,#N/A,0,0,0,0,0,0,1,Goalkeeper,2,1,a,90,0,0,0,1,10,25-26-prem-brentford-vs-aston-villa,90,0,0,90,0,0,0,0,1,1,a,0,0,0,0,0,0,#N/A,#N/A,#N/A,0,#N/A,90,0,0,0,1,10,1,2,0
33,M.Bizot,1,0,7,90,0,0,1,0,25-26-prem-aston-villa-vs-newcastle-united,90,0,0,90,0,0,90,0,0,1,0,3,1,Goalkeeper,0,1,a,0,0,0,0,0,13,#N/A,#N/A,#N/A,#N/A,90,0,0,0,1,0,1,a,90,0,0,0,3,10,25-26-prem-aston-villa-vs-crystal-palace,90,0,3,0,180,0,0,1,3,23,4,7,0
34,Gauci,2,0,0,0,0,0,0,0,#N/A,#N/A,#N/A,0,#N/A,#N/A,#N/A,0,0,0,0,0,0,1,Goalkeeper,0,2,u,0,0,0,0,0,0,#N/A,#N/A,#N/A,#N/A,0,0,0,0,0,0,2,u,0,0,0,0,0,0,#N/A,#N/A,#N/A,0,#N/A,0,0,0,0,0,0,0,0,0
35,Marschall,2,0,0,0,0,0,0,0,#N/A,#N/A,#N/A,0,#N/A,#N/A,#N/A,0,0,0,0,0,0,1,Goalkeeper,0,2,u,0,0,0,0,0,0,#N/A,#N/A,#N/A,#N/A,0,0,0,0,0,0,2,u,0,0,0,0,0,0,#N/A,#N/A,#N/A,0,#N/A,0,0,0,0,0,0,0,0,6
36,Cash,1,11,8,90,0,0,1,0,25-26-prem-aston-villa-vs-newcastle-united,90,0,0,90,0,0,90,0,0,1,0,0,2,Defender,2,1,a,90,0,0,0,1,13,25-26-prem-brentford-vs-aston-villa,90,0,0,180,0,0,0,1,1,1,a,73,0,0,0,2,4,25-26-prem-aston-villa-vs-crystal-palace,74,0,2,0,253,0,0,1,3,28,0,10,0
37,Digne,1,7,6,90,0,0,1,0,25-26-prem-aston-villa-vs-newcastle-united,90,0,0,90,0,0,90,0,0,1,0,0,2,Defender,2,1,a,63,0,0,0,1,7,25-26-prem-brentford-vs-aston-villa,64,0,0,153,0,0,0,1,1,1,a,7,0,0,0,0,0,25-26-prem-aston-villa-vs-crystal-palace,7,0,0,0,160,0,0,1,1,14,0,9,0
38,Konsa,1,3,3,65,0,0,1,0,25-26-prem-aston-villa-vs-newcastle-united,66,0,0,66,0,0,65,0,0,1,0,0,2,Defender,0,1,a,0,0,0,0,0,1,#N/A,#N/A,#N/A,#N/A,65,0,0,0,1,0,1,a,90,0,0,0,3,10,25-26-prem-aston-villa-vs-crystal-palace,90,0,3,0,155,0,0,1,3,14,0,4,0
39,Maatsen,1,0,0,0,0,0,0,0,#N/A,#N/A,#N/A,0,#N/A,#N/A,#N/A,0,0,0,0,0,0,2,Defender,1,1,a,26,0,0,0,0,6,25-26-prem-brentford-vs-aston-villa,26,0,0,26,0,0,0,0,0,1,a,83,0,0,0,3,11,25-26-prem-aston-villa-vs-crystal-palace,84,0,3,0,109,0,0,0,3,17,0,2,5
40,Mings,3,5,6,90,0,0,1,0,25-26-prem-aston-villa-vs-newcastle-united,90,0,0,90,0,0,90,0,0,1,0,0,2,Defender,2,1,a,90,0,0,0,1,13,25-26-prem-brentford-vs-aston-villa,90,0,0,180,0,0,0,1,1,1,a,90,0,0,0,3,6,25-26-prem-aston-villa-vs-crystal-palace,90,0,3,0,270,0,0,1,4,24,0,9,5
41,Pau,4,0,0,0,0,0,0,0,#N/A,#N/A,#N/A,0,#N/A,#N/A,#N/A,0,0,0,0,0,0,2,Defender,2,1,a,90,0,0,0,1,11,25-26-prem-brentford-vs-aston-villa,90,0,0,90,0,0,0,0,1,1,a,16,0,0,0,1,2,25-26-prem-aston-villa-vs-crystal-palace,16,0,1,0,106,0,0,0,2,13,0,3,6
42,A.García,1,0,0,0,0,0,0,0,#N/A,#N/A,#N/A,0,#N/A,#N/A,#N/A,0,0,0,0,0,0,2,Defender,0,4,d,0,0,0,0,0,0,#N/A,#N/A,#N/A,#N/A,0,0,0,0,0,0,4,d,0,0,0,0,0,0,#N/A,#N/A,#N/A,0,#N/A,0,0,0,0,0,0,0,0,0
43,Alex Moreno,2,0,0,0,0,0,0,0,#N/A,#N/A,#N/A,0,#N/A,#N/A,#N/A,0,0,0,0,0,0,2,Defender,0,1,a,0,0,0,0,0,0,#N/A,#N/A,#N/A,#N/A,0,0,0,0,0,0,2,u,0,0,0,0,0,0,#N/A,#N/A,#N/A,0,#N/A,0,0,0,0,0,0,0,0,9
44,Bogarde,1,0,0,0,0,0,0,0,#N/A,#N/A,#N/A,0,#N/A,#N/A,#N/A,0,0,0,0,0,0,2,Defender,0,1,a,16,0,0,0,0,0,25-26-prem-brentford-vs-aston-villa,16,0,0,16,0,0,0,0,0,1,a,6,0,0,0,0,0,25-26-prem-aston-villa-vs-crystal-palace,6,0,0,0,22,0,0,0,0,0,0,1,0
45,Sousa,1,0,0,0,0,0,0,0,#N/A,#N/A,#N/A,0,#N/A,#N/A,#N/A,0,0,0,0,0,0,2,Defender,0,1,a,0,0,0,0,0,0,#N/A,#N/A,#N/A,#N/A,0,0,0,0,0,0,1,a,0,0,0,0,0,0,#N/A,#N/A,#N/A,0,#N/A,0,0,0,0,0,0,0,0,0
46,Yasin,2,0,0,0,0,0,0,0,#N/A,#N/A,#N/A,0,#N/A,#N/A,#N/A,0,0,0,0,0,0,2,Defender,0,1,a,0,0,0,0,0,0,#N/A,#N/A,#N/A,#N/A,0,0,0,0,0,0,1,a,0,0,0,0,0,0,#N/A,#N/A,#N/A,0,#N/A,0,0,0,0,0,0,0,0,0
47,Rogers,1,7,3,90,0,0,1,0,25-26-prem-aston-villa-vs-newcastle-united,90,0,0,90,0,0,90,0,0,1,0,0,3,Midfielder,2,1,a,90,0,0,0,1,1,25-26-prem-brentford-vs-aston-villa,90,0,0,180,0,0,0,1,1,1,a,90,0,0,0,3,7,25-26-prem-aston-villa-vs-crystal-palace,90,0,3,0,270,0,0,1,4,15,0,7,9
48,Tielemans,1,7,3,90,0,0,1,0,25-26-prem-aston-villa-vs-newcastle-united,90,0,0,90,0,0,90,0,0,1,0,0,3,Midfielder,2,1,a,90,0,0,0,1,3,25-26-prem-brentford-vs-aston-villa,90,0,0,180,0,0,0,1,1,1,a,90,0,0,0,3,7,25-26-prem-aston-villa-vs-crystal-palace,90,0,3,0,270,0,0,1,4,17,0,7,0
49,Bailey,2,0,0,0,0,0,0,0,#N/A,#N/A,#N/A,0,#N/A,#N/A,#N/A,0,0,0,0,0,0,3,Midfielder,0,2,u,0,0,0,0,0,0,#N/A,#N/A,#N/A,#N/A,0,0,0,0,0,0,2,u,0,0,0,0,0,0,#N/A,#N/A,#N/A,0,#N/A,0,0,0,0,0,0,0,0,0
50,Buendía,1,0,0,0,0,0,0,0,#N/A,#N/A,#N/A,0,#N/A,#N/A,#N/A,0,0,0,0,0,0,3,Midfielder,1,1,a,58,0,0,0,0,3,25-26-prem-brentford-vs-aston-villa,59,0,0,58,0,0,0,0,0,1,a,45,0,0,0,2,7,25-26-prem-aston-villa-vs-crystal-palace,45,0,2,0,103,0,0,0,2,10,0,2,3
51,Iling Jr,2,0,0,0,0,0,0,0,#N/A,#N/A,#N/A,0,#N/A,#N/A,#N/A,0,0,0,0,0,0,3,Midfielder,0,1,a,0,0,0,0,0,0,#N/A,#N/A,#N/A,#N/A,0,0,0,0,0,0,1,a,0,0,0,0,0,0,#N/A,#N/A,#N/A,0,#N/A,0,0,0,0,0,0,0,0,1
53,Malen,1,0,1,6,0,0,0,0,25-26-prem-aston-villa-vs-newcastle-united,6,0,0,6,0,0,6,0,0,0,0,0,3,Midfielder,1,1,a,26,0,0,0,0,1,25-26-prem-brentford-vs-aston-villa,26,0,0,32,0,0,0,0,0,1,a,82,0,0,0,3,3,25-26-prem-aston-villa-vs-crystal-palace,83,0,3,0,114,0,0,0,3,4,0,4,0
54,McGinn,1,7,3,83,0,0,1,0,25-26-prem-aston-villa-vs-newcastle-united,84,0,0,84,0,0,83,0,0,1,0,0,3,Midfielder,2,1,a,73,0,0,0,1,4,25-26-prem-brentford-vs-aston-villa,74,0,0,156,0,0,0,1,1,1,a,73,0,0,0,2,6,25-26-prem-aston-villa-vs-crystal-palace,74,0,2,0,229,0,0,1,3,17,0,7,2
55,Barkley,3,0,0,0,0,0,0,0,#N/A,#N/A,#N/A,0,#N/A,#N/A,#N/A,0,0,0,0,0,0,3,Midfielder,0,4,d,0,0,0,0,0,0,#N/A,#N/A,#N/A,#N/A,0,0,0,0,0,0,4,d,0,0,0,0,0,0,#N/A,#N/A,#N/A,0,#N/A,0,0,0,0,0,0,0,0,0
56,Barrenechea,2,0,0,0,0,0,0,0,#N/A,#N/A,#N/A,0,#N/A,#N/A,#N/A,0,0,0,0,0,0,3,Midfielder,0,2,u,0,0,0,0,0,0,#N/A,#N/A,#N/A,#N/A,0,0,0,0,0,0,2,u,0,0,0,0,0,0,#N/A,#N/A,#N/A,0,#N/A,0,0,0,0,0,0,0,0,1
57,Dobbin,2,0,0,0,0,0,0,0,#N/A,#N/A,#N/A,0,#N/A,#N/A,#N/A,0,0,0,0,0,0,3,Midfielder,0,1,a,0,0,0,0,0,0,#N/A,#N/A,#N/A,#N/A,0,0,0,0,0,0,2,u,0,0,0,0,0,0,#N/A,#N/A,#N/A,0,#N/A,0,0,0,0,0,0,0,0,3
58,Kamara,1,11,2,90,0,0,1,0,25-26-prem-aston-villa-vs-newcastle-united,90,0,0,90,0,0,90,0,0,1,0,0,3,Midfielder,1,4,d,15,0,0,0,1,1,25-26-prem-brentford-vs-aston-villa,16,0,0,105,0,0,0,1,1,4,d,0,0,0,0,0,0,#N/A,#N/A,#N/A,0,#N/A,105,0,0,1,1,12,0,3,0
59,Onana,1,14,5,90,0,0,1,0,25-26-prem-aston-villa-vs-newcastle-united,90,0,0,90,0,0,90,0,0,1,0,0,3,Midfielder,1,1,a,63,0,0,0,1,9,25-26-prem-brentford-vs-aston-villa,64,0,0,153,0,0,0,1,1,4,d,0,0,0,0,0,0,#N/A,#N/A,#N/A,0,#N/A,153,0,0,1,1,23,0,6,0
60,Broggio,1,0,0,0,0,0,0,0,#N/A,#N/A,#N/A,0,#N/A,#N/A,#N/A,0,0,0,0,0,0,3,Midfielder,0,1,a,0,0,0,0,0,0,#N/A,#N/A,#N/A,#N/A,0,0,0,0,0,0,1,a,0,0,0,0,0,0,#N/A,#N/A,#N/A,0,#N/A,0,0,0,0,0,0,0,0,0
61,Dendoncker,2,0,0,0,0,0,0,0,#N/A,#N/A,#N/A,0,#N/A,#N/A,#N/A,0,0,0,0,0,0,3,Midfielder,0,2,u,0,0,0,0,0,0,#N/A,#N/A,#N/A,#N/A,0,0,0,0,0,0,2,u,0,0,0,0,0,0,#N/A,#N/A,#N/A,0,#N/A,0,0,0,0,0,0,0,0,0
62,Jimoh-Aloba,1,0,0,0,0,0,0,0,#N/A,#N/A,#N/A,0,#N/A,#N/A,#N/A,0,0,0,0,0,0,3,Midfielder,0,1,a,0,0,0,0,0,0,#N/A,#N/A,#N/A,#N/A,0,0,0,0,0,0,1,a,0,0,0,0,0,0,#N/A,#N/A,#N/A,0,#N/A,0,0,0,0,0,0,0,0,0
63,Young,1,0,0,0,0,0,0,0,#N/A,#N/A,#N/A,0,#N/A,#N/A,#N/A,0,0,0,0,0,0,3,Midfielder,0,1,a,0,0,0,0,0,0,#N/A,#N/A,#N/A,#N/A,0,0,0,0,0,0,1,a,0,0,0,0,0,0,#N/A,#N/A,#N/A,0,#N/A,0,0,0,0,0,0,0,0,0
64,Watkins,1,5,2,90,0,0,1,0,25-26-prem-aston-villa-vs-newcastle-united,90,0,0,90,0,0,90,0,0,1,0,0,4,Forward,2,1,a,90,0,0,0,1,4,25-26-prem-brentford-vs-aston-villa,90,0,0,180,0,0,0,1,1,1,a,90,0,0,0,3,1,25-26-prem-aston-villa-vs-crystal-palace,90,0,3,0,270,0,0,1,4,10,0,6,0
65,Redmond,2,0,0,0,0,0,0,0,#N/A,#N/A,#N/A,0,#N/A,#N/A,#N/A,0,0,0,0,0,0,4,Forward,0,1,a,0,0,0,0,0,0,#N/A,#N/A,#N/A,#N/A,0,0,0,0,0,0,1,a,0,0,0,0,0,0,#N/A,#N/A,#N/A,0,#N/A,0,0,0,0,0,0,0,0,0
389,Elliott,1,0,0,0,0,0,0,0,#N/A,#N/A,#N/A,0,#N/A,#N/A,#N/A,0,0,0,0,0,0,3,Midfielder,1,1,a,1,0,0,0,0,0,25-26-prem-newcastle-united-vs-liverpool,1,0,0,1,0,0,0,0,0,1,a,0,0,0,0,0,0,#N/A,#N/A,#N/A,0,#N/A,1,0,0,0,0,0,0,1,0
456,Sancho,1,0,0,0,0,0,0,0,#N/A,#N/A,#N/A,0,#N/A,#N/A,#N/A,0,0,0,0,0,0,3,Midfielder,0,1,a,0,0,0,0,0,0,#N/A,#N/A,#N/A,#N/A,0,0,0,0,0,0,1,a,0,0,0,0,0,0,#N/A,#N/A,#N/A,0,#N/A,0,0,0,0,0,0,0,0,2
677,Guessand,1,0,0,0,0,0,0,0,#N/A,#N/A,#N/A,0,#N/A,#N/A,#N/A,0,0,0,0,0,0,3,Midfielder,1,1,a,15,0,0,0,0,2,25-26-prem-brentford-vs-aston-villa,15,0,0,15,0,0,0,0,0,1,a,45,0,0,0,1,4,25-26-prem-aston-villa-vs-crystal-palace,45,0,1,0,60,0,0,0,1,6,0,2,0
688,Wright,1,0,0,0,0,0,0,0,#N/A,#N/A,#N/A,0,#N/A,#N/A,#N/A,0,0,0,0,0,0,1,Goalkeeper,0,1,a,0,0,0,0,0,0,#N/A,#N/A,#N/A,#N/A,0,0,0,0,0,0,1,a,0,0,0,0,0,0,#N/A,#N/A,#N/A,0,#N/A,0,0,0,0,0,0,0,0,1
701,Rowe,2,0,0,0,0,0,0,0,#N/A,#N/A,#N/A,0,#N/A,#N/A,#N/A,0,0,0,0,0,0,2,Defender,0,1,a,0,0,0,0,0,0,#N/A,#N/A,#N/A,#N/A,0,0,0,0,0,0,1,a,0,0,0,0,0,0,#N/A,#N/A,#N/A,0,#N/A,0,0,0,0,0,0,0,0,0
702,Burrowes,1,0,0,0,0,0,0,0,#N/A,#N/A,#N/A,0,#N/A,#N/A,#N/A,0,0,0,0,0,0,3,Midfielder,0,1,a,0,0,0,0,0,0,#N/A,#N/A,#N/A,#N/A,0,0,0,0,0,0,1,a,16,0,0,0,1,1,25-26-prem-aston-villa-vs-crystal-palace,16,0,1,0,16,0,0,0,1,1,0,1,1
703,Proctor,1,0,0,0,0,0,0,0,#N/A,#N/A,#N/A,0,#N/A,#N/A,#N/A,0,0,0,0,0,0,1,Goalkeeper,0,1,a,0,0,0,0,0,0,#N/A,#N/A,#N/A,#N/A,0,0,0,0,0,0,1,a,0,0,0,0,0,0,#N/A,#N/A,#N/A,0,#N/A,0,0,0,0,0,0,0,0,0
710,Patterson,1,0,0,0,0,0,0,0,#N/A,#N/A,#N/A,0,#N/A,#N/A,#N/A,0,0,0,0,0,0,2,Defender,0,1,a,0,0,0,0,0,0,#N/A,#N/A,#N/A,#N/A,0,0,0,0,0,0,1,a,0,0,0,0,0,0,#N/A,#N/A,#N/A,0,#N/A,0,0,0,0,0,0,0,0,0
719,Lindelöf,1,0,0,0,0,0,0,0,#N/A,#N/A,#N/A,0,#N/A,#N/A,#N/A,0,0,0,0,0,0,2,Defender,0,1,a,0,0,0,0,0,0,#N/A,#N/A,#N/A,#N/A,0,0,0,0,0,0,1,a,0,0,0,0,0,0,#N/A,#N/A,#N/A,0,#N/A,0,0,0,0,0,0,0,0,0
754,George Hemmings,1,0,0,0,0,0,0,0,#N/A,#N/A,#N/A,0,#N/A,#N/A,#N/A,0,0,0,0,0,0,3,Midfielder,#N/A,#N/A,#N/A,#N/A,#N/A,#N/A,#N/A,#N/A,#N/A,#N/A,#N/A,#N/A,#N/A,#N/A,#N/A,#N/A,#N/A,#N/A,#N/A,#N/A,#N/A,#N/A,#N/A,#N/A,#N/A,#N/A,#N/A,#N/A,#N/A,#N/A,#N/A,#N/A,#N/A,#N/A,#N/A,#N/A,#N/A,#N/A,#N/A,#N/A,0
757,Hollingshead,1,0,0,0,0,0,0,0,#N/A,#N/A,#N/A,0,#N/A,#N/A,#N/A,0,0,0,0,0,0,1,Goalkeeper,#N/A,#N/A,#N/A,#N/A,#N/A,#N/A,#N/A,#N/A,#N/A,#N/A,#N/A,#N/A,#N/A,#N/A,#N/A,#N/A,#N/A,#N/A,#N/A,#N/A,#N/A,#N/A,#N/A,#N/A,#N/A,#N/A,#N/A,#N/A,#N/A,#N/A,#N/A,#N/A,#N/A,#N/A,#N/A,#N/A,#N/A,#N/A,#N/A,#N/A,0
183,Weiss,1,0,0,0,0,0,0,0,#N/A,#N/A,#N/A,0,#N/A,#N/A,#N/A,0,0,0,0,0,0,1,Goalkeeper,0,1,a,0,0,0,0,0,0,#N/A,#N/A,#N/A,#N/A,0,0,0,0,0,0,1,a,0,0,0,0,0,0,#N/A,#N/A,#N/A,0,#N/A,0,0,0,0,0,0,0,0,1
184,Green,2,0,0,0,0,0,0,0,#N/A,#N/A,#N/A,0,#N/A,#N/A,#N/A,0,0,0,0,0,0,1,Goalkeeper,0,1,a,0,0,0,0,0,0,#N/A,#N/A,#N/A,#N/A,0,0,0,0,0,0,1,a,0,0,0,0,0,0,#N/A,#N/A,#N/A,0,#N/A,0,0,0,0,0,0,0,0,0
185,Hladký,1,0,0,0,0,0,0,0,#N/A,#N/A,#N/A,0,#N/A,#N/A,#N/A,0,0,0,0,0,0,1,Goalkeeper,0,1,a,0,0,0,0,0,0,#N/A,#N/A,#N/A,#N/A,0,0,0,0,0,0,1,a,0,0,0,0,0,0,#N/A,#N/A,#N/A,0,#N/A,0,0,0,0,0,0,0,0,0
186,Roberts,3,0,0,0,0,0,0,0,#N/A,#N/A,#N/A,0,#N/A,#N/A,#N/A,0,0,0,0,0,0,2,Defender,0,3,i,0,0,0,0,0,0,#N/A,#N/A,#N/A,#N/A,0,0,0,0,0,0,3,i,0,0,0,0,0,0,#N/A,#N/A,#N/A,0,#N/A,0,0,0,0,0,0,0,0,0
187,Walker,5,5,1,90,0,0,0,3,25-26-prem-tottenham-hotspur-vs-burnley,90,0,0,90,0,0,90,0,0,0,3,0,2,Defender,6,1,a,90,0,0,1,0,17,25-26-prem-burnley-vs-sunderland,90,0,0,180,0,0,0,1,3,1,a,90,0,0,0,3,10,25-26-prem-manchester-united-vs-burnley,90,0,3,0,270,0,0,1,6,32,0,7,0
188,Delcroix,1,0,0,0,0,0,0,0,#N/A,#N/A,#N/A,0,#N/A,#N/A,#N/A,0,0,0,0,0,0,2,Defender,0,1,a,0,0,0,0,0,0,#N/A,#N/A,#N/A,#N/A,0,0,0,0,0,0,1,a,0,0,0,0,0,0,#N/A,#N/A,#N/A,0,#N/A,0,0,0,0,0,0,0,0,2
189,Dodgson,2,0,0,0,0,0,0,0,#N/A,#N/A,#N/A,0,#N/A,#N/A,#N/A,0,0,0,0,0,0,2,Defender,0,2,u,0,0,0,0,0,0,#N/A,#N/A,#N/A,#N/A,0,0,0,0,0,0,2,u,0,0,0,0,0,0,#N/A,#N/A,#N/A,0,#N/A,0,0,0,0,0,0,0,0,0
190,Ekdal,1,5,1,90,0,0,0,3,25-26-prem-tottenham-hotspur-vs-burnley,90,0,0,90,0,0,90,0,0,0,3,0,2,Defender,9,1,a,90,0,0,1,0,18,25-26-prem-burnley-vs-sunderland,90,0,0,180,0,0,0,1,3,1,a,82,0,0,0,2,18,25-26-prem-manchester-united-vs-burnley,83,0,2,0,262,0,0,1,5,41,0,13,0
191,Estève,1,8,1,90,0,0,0,3,25-26-prem-tottenham-hotspur-vs-burnley,90,0,0,90,0,0,90,0,0,0,3,0,2,Defender,6,1,a,82,0,0,1,0,10,25-26-prem-burnley-vs-sunderland,83,0,0,172,0,0,0,1,3,1,a,90,0,0,0,3,9,25-26-prem-manchester-united-vs-burnley,90,0,3,0,262,0,0,1,6,27,0,8,4
192,Hartman,1,6,1,90,0,0,0,3,25-26-prem-tottenham-hotspur-vs-burnley,90,0,0,90,0,0,90,0,0,0,3,0,2,Defender,6,1,a,90,0,0,1,0,13,25-26-prem-burnley-vs-sunderland,90,0,0,180,0,0,0,1,3,1,a,90,0,0,0,3,12,25-26-prem-manchester-united-vs-burnley,90,0,3,0,270,0,0,1,6,31,0,8,4
193,Humphreys,3,0,0,0,0,0,0,0,#N/A,#N/A,#N/A,0,#N/A,#N/A,#N/A,0,0,0,0,0,0,2,Defender,0,4,d,0,0,0,0,0,0,#N/A,#N/A,#N/A,#N/A,0,0,0,0,0,0,1,a,0,0,0,0,0,0,25-26-efl-cup-derby-county-vs-burnley,45,0,0,0,0,0,0,0,0,0,0,0,4
194,Jordan,3,0,0,0,0,0,0,0,#N/A,#N/A,#N/A,0,#N/A,#N/A,#N/A,0,0,0,0,0,0,2,Defender,0,3,i,0,0,0,0,0,0,#N/A,#N/A,#N/A,#N/A,0,0,0,0,0,0,3,i,0,0,0,0,0,0,#N/A,#N/A,#N/A,0,#N/A,0,0,0,0,0,0,0,0,0
195,Lucas Pires,5,0,0,0,0,0,0,0,#N/A,#N/A,#N/A,0,#N/A,#N/A,#N/A,0,0,0,0,0,0,2,Defender,0,1,a,0,0,0,0,0,0,#N/A,#N/A,#N/A,#N/A,0,0,0,0,0,0,1,a,0,0,0,0,0,0,#N/A,#N/A,#N/A,0,#N/A,0,0,0,0,0,0,0,0,0
196,Sambo,2,0,0,0,0,0,0,0,#N/A,#N/A,#N/A,0,#N/A,#N/A,#N/A,0,0,0,0,0,0,2,Defender,0,2,u,0,0,0,0,0,0,#N/A,#N/A,#N/A,#N/A,0,0,0,0,0,0,2,u,0,0,0,0,0,0,#N/A,#N/A,#N/A,0,#N/A,0,0,0,0,0,0,0,0,0
197,Sonne,1,0,1,73,0,0,0,3,25-26-prem-tottenham-hotspur-vs-burnley,74,0,0,74,0,0,73,0,0,0,3,0,2,Defender,1,1,a,21,0,0,0,0,3,25-26-prem-burnley-vs-sunderland,21,0,0,94,0,0,0,0,3,1,a,8,0,0,0,1,2,25-26-prem-manchester-united-vs-burnley,8,0,1,0,102,0,0,0,4,5,0,3,0
198,Tuanzebe,4,0,0,0,0,0,0,0,#N/A,#N/A,#N/A,0,#N/A,#N/A,#N/A,0,0,0,0,0,0,2,Defender,0,4,d,0,0,0,0,0,0,#N/A,#N/A,#N/A,#N/A,0,0,0,0,0,0,1,a,0,0,0,0,0,0,25-26-efl-cup-derby-county-vs-burnley,45,0,0,0,0,0,0,0,0,0,0,0,0
199,Worrall,1,0,0,0,0,0,0,0,#N/A,#N/A,#N/A,0,#N/A,#N/A,#N/A,0,0,0,0,0,0,2,Defender,1,1,a,7,0,0,0,0,3,25-26-prem-burnley-vs-sunderland,7,0,0,7,0,0,0,0,0,1,a,7,0,0,0,1,3,25-26-prem-manchester-united-vs-burnley,7,0,1,0,14,0,0,0,1,6,0,2,0
200,Anthony,1,4,2,84,0,0,0,3,25-26-prem-tottenham-hotspur-vs-burnley,85,0,0,85,0,0,84,0,0,0,3,0,3,Midfielder,13,1,a,90,1,1,1,0,11,25-26-prem-burnley-vs-sunderland,90,1,1,174,1,1,1,1,3,1,a,90,1,0,0,3,6,25-26-prem-manchester-united-vs-burnley,90,1,3,0,264,2,1,1,6,21,0,21,1
201,Benson,2,0,0,0,0,0,0,0,#N/A,#N/A,#N/A,0,#N/A,#N/A,#N/A,0,0,0,0,0,0,3,Midfielder,0,1,a,0,0,0,0,0,0,#N/A,#N/A,#N/A,#N/A,0,0,0,0,0,0,1,a,0,0,0,0,0,0,#N/A,#N/A,#N/A,0,#N/A,0,0,0,0,0,0,0,0,3
202,Bruun Larsen,1,2,1,27,0,0,0,1,25-26-prem-tottenham-hotspur-vs-burnley,27,0,0,27,0,0,27,0,0,0,1,0,3,Midfielder,3,1,a,68,0,0,1,0,4,25-26-prem-burnley-vs-sunderland,69,0,0,95,0,0,0,1,1,1,a,81,0,1,0,2,7,25-26-prem-manchester-united-vs-burnley,82,0,2,1,176,0,1,1,3,13,0,9,0
203,Boateng,1,0,0,0,0,0,0,0,#N/A,#N/A,#N/A,0,#N/A,#N/A,#N/A,0,0,0,0,0,0,3,Midfielder,0,1,a,0,0,0,0,0,0,#N/A,#N/A,#N/A,#N/A,0,0,0,0,0,0,1,a,0,0,0,0,0,0,#N/A,#N/A,#N/A,0,#N/A,0,0,0,0,0,0,0,0,0
204,Churlinov,2,0,0,0,0,0,0,0,#N/A,#N/A,#N/A,0,#N/A,#N/A,#N/A,0,0,0,0,0,0,3,Midfielder,0,1,a,0,0,0,0,0,0,#N/A,#N/A,#N/A,#N/A,0,0,0,0,0,0,1,a,0,0,0,0,0,0,#N/A,#N/A,#N/A,0,#N/A,0,0,0,0,0,0,0,0,0
205,Cullen,1,12,4,90,0,0,0,3,25-26-prem-tottenham-hotspur-vs-burnley,90,0,0,90,0,0,90,0,0,0,3,0,3,Midfielder,14,1,a,90,1,1,1,0,7,25-26-prem-burnley-vs-sunderland,90,1,1,180,1,1,1,1,3,1,a,90,0,0,0,3,14,25-26-prem-manchester-united-vs-burnley,90,0,3,0,270,1,1,1,6,33,0,20,0
206,Edwards,1,0,1,5,0,0,0,0,25-26-prem-tottenham-hotspur-vs-burnley,5,0,0,5,0,0,5,0,0,0,0,0,3,Midfielder,0,1,a,0,0,0,0,0,0,#N/A,#N/A,#N/A,#N/A,5,0,0,0,0,0,1,a,0,0,0,0,0,0,25-26-efl-cup-derby-county-vs-burnley,90,0,0,0,5,0,0,0,0,0,0,1,3
207,Hannibal,5,1,2,62,0,0,0,2,25-26-prem-tottenham-hotspur-vs-burnley,63,0,0,63,0,0,62,0,0,0,2,0,3,Midfielder,5,1,a,82,0,0,1,0,13,25-26-prem-burnley-vs-sunderland,83,0,0,144,0,0,0,1,2,1,a,64,0,0,0,2,3,25-26-prem-manchester-united-vs-burnley,65,0,2,0,208,0,0,1,4,17,0,9,0
208,Koleosho,2,0,0,0,0,0,0,0,#N/A,#N/A,#N/A,0,#N/A,#N/A,#N/A,0,0,0,0,0,0,3,Midfielder,0,2,u,0,0,0,0,0,0,#N/A,#N/A,#N/A,#N/A,0,0,0,0,0,0,2,u,0,0,0,0,0,0,#N/A,#N/A,#N/A,0,#N/A,0,0,0,0,0,0,0,0,1
209,Laurent,1,6,2,62,0,0,0,2,25-26-prem-tottenham-hotspur-vs-burnley,63,0,0,63,0,0,62,0,0,0,2,0,3,Midfielder,1,1,a,21,0,0,0,0,4,25-26-prem-burnley-vs-sunderland,21,0,0,83,0,0,0,0,2,1,a,14,0,0,0,1,4,25-26-prem-manchester-united-vs-burnley,14,0,1,0,97,0,0,0,3,14,0,3,0
210,Tchaouna,1,2,1,16,0,0,0,0,25-26-prem-tottenham-hotspur-vs-burnley,16,0,0,16,0,0,16,0,0,0,0,0,3,Midfielder,1,1,a,7,0,0,0,0,2,25-26-prem-burnley-vs-sunderland,7,0,0,23,0,0,0,0,0,1,a,25,0,1,0,1,1,25-26-prem-manchester-united-vs-burnley,25,0,1,0,48,0,1,0,1,5,0,5,2
211,A.Ramsey,2,0,0,0,0,0,0,0,#N/A,#N/A,#N/A,0,#N/A,#N/A,#N/A,0,0,0,0,0,0,3,Midfielder,0,1,a,0,0,0,0,0,0,#N/A,#N/A,#N/A,#N/A,0,0,0,0,0,0,1,a,0,0,0,0,0,0,25-26-efl-cup-derby-county-vs-burnley,90,1,0,0,0,0,0,0,0,0,0,0,3
212,Adewumi,2,0,0,0,0,0,0,0,#N/A,#N/A,#N/A,0,#N/A,#N/A,#N/A,0,0,0,0,0,0,3,Midfielder,0,2,u,0,0,0,0,0,0,#N/A,#N/A,#N/A,#N/A,0,0,0,0,0,0,2,u,0,0,0,0,0,0,#N/A,#N/A,#N/A,0,#N/A,0,0,0,0,0,0,0,0,0
213,Banel,1,0,0,0,0,0,0,0,#N/A,#N/A,#N/A,0,#N/A,#N/A,#N/A,0,0,0,0,0,0,3,Midfielder,0,1,a,0,0,0,0,0,0,#N/A,#N/A,#N/A,#N/A,0,0,0,0,0,0,1,a,0,0,0,0,0,0,25-26-efl-cup-derby-county-vs-burnley,28,0,0,0,0,0,0,0,0,0,0,0,0
214,Trésor,1,0,0,0,0,0,0,0,#N/A,#N/A,#N/A,0,#N/A,#N/A,#N/A,0,0,0,0,0,0,3,Midfielder,0,1,a,0,0,0,0,0,0,#N/A,#N/A,#N/A,#N/A,0,0,0,0,0,0,1,a,0,0,0,0,0,0,#N/A,#N/A,#N/A,0,#N/A,0,0,0,0,0,0,0,0,0
215,Flemming,1,0,1,16,0,0,0,0,25-26-prem-tottenham-hotspur-vs-burnley,16,0,0,16,0,0,16,0,0,0,0,0,4,Forward,1,1,a,4,0,0,0,0,0,25-26-prem-burnley-vs-sunderland,4,0,0,20,0,0,0,0,0,1,a,0,0,0,0,0,0,25-26-efl-cup-derby-county-vs-burnley,78,0,0,0,20,0,0,0,0,0,0,2,0
216,Amdouni,3,0,0,0,0,0,0,0,#N/A,#N/A,#N/A,0,#N/A,#N/A,#N/A,0,0,0,0,0,0,4,Forward,0,3,i,0,0,0,0,0,0,#N/A,#N/A,#N/A,#N/A,0,0,0,0,0,0,3,i,0,0,0,0,0,0,#N/A,#N/A,#N/A,0,#N/A,0,0,0,0,0,0,0,0,0
217,Foster,1,3,2,73,0,0,0,3,25-26-prem-tottenham-hotspur-vs-burnley,74,0,0,74,0,0,73,0,0,0,3,0,4,Forward,2,1,a,85,0,0,1,0,5,25-26-prem-burnley-vs-sunderland,86,0,0,158,0,0,0,1,3,1,a,90,1,0,0,3,6,25-26-prem-manchester-united-vs-burnley,90,1,3,0,248,1,0,1,6,14,0,10,0
218,Barnes,1,0,0,0,0,0,0,0,#N/A,#N/A,#N/A,0,#N/A,#N/A,#N/A,0,0,0,0,0,0,4,Forward,0,1,a,0,0,0,0,0,0,#N/A,#N/A,#N/A,#N/A,0,0,0,0,0,0,1,a,0,0,0,0,0,0,25-26-efl-cup-derby-county-vs-burnley,27,0,0,0,0,0,0,0,0,0,0,0,2
219,Obafemi,2,0,0,0,0,0,0,0,#N/A,#N/A,#N/A,0,#N/A,#N/A,#N/A,0,0,0,0,0,0,4,Forward,0,1,a,0,0,0,0,0,0,#N/A,#N/A,#N/A,#N/A,0,0,0,0,0,0,1,a,0,0,0,0,0,0,#N/A,#N/A,#N/A,0,#N/A,0,0,0,0,0,0,0,0,0
470,Dúbravka,1,0,2,90,0,0,0,3,25-26-prem-tottenham-hotspur-vs-burnley,90,0,0,90,0,0,90,0,0,0,3,3,1,Goalkeeper,6,1,a,90,0,0,1,0,19,25-26-prem-burnley-vs-sunderland,90,0,0,180,0,0,0,1,3,1,a,90,0,0,0,3,9,25-26-prem-manchester-united-vs-burnley,90,0,3,0,270,0,0,1,6,28,9,10,0
676,Ugochukwu,1,1,1,27,0,0,0,1,25-26-prem-tottenham-hotspur-vs-burnley,27,0,0,27,0,0,27,0,0,0,1,0,3,Midfielder,3,1,a,68,0,0,1,0,4,25-26-prem-burnley-vs-sunderland,69,0,0,95,0,0,0,1,1,1,a,75,0,0,0,2,10,25-26-prem-manchester-united-vs-burnley,76,0,2,0,170,0,0,1,3,15,0,6,3
680,Broja,1,0,0,0,0,0,0,0,#N/A,#N/A,#N/A,0,#N/A,#N/A,#N/A,0,0,0,0,0,0,4,Forward,0,4,d,0,0,0,0,0,0,#N/A,#N/A,#N/A,#N/A,0,0,0,0,0,0,1,a,0,0,0,0,0,0,#N/A,#N/A,#N/A,0,#N/A,0,0,0,0,0,0,0,0,5
722,Florentino,1,0,0,0,0,0,0,0,#N/A,#N/A,#N/A,0,#N/A,#N/A,#N/A,0,0,0,0,0,0,3,Midfielder,0,1,a,0,0,0,0,0,0,#N/A,#N/A,#N/A,#N/A,0,0,0,0,0,0,1,a,0,0,0,0,0,0,#N/A,#N/A,#N/A,0,#N/A,0,0,0,0,0,0,0,0,1
66,Neto,2,0,0,0,0,0,0,0,#N/A,#N/A,#N/A,0,#N/A,#N/A,#N/A,0,0,0,0,0,0,1,Goalkeeper,0,2,u,0,0,0,0,0,0,#N/A,#N/A,#N/A,#N/A,0,0,0,0,0,0,2,u,0,0,0,0,0,0,#N/A,#N/A,#N/A,0,#N/A,0,0,0,0,0,0,0,0,1
67,Petrović,1,0,2,90,0,0,0,4,25-26-prem-liverpool-vs-afc-bournemouth,90,0,0,90,0,0,90,0,0,0,4,6,1,Goalkeeper,6,1,a,90,0,0,1,0,19,25-26-prem-afc-bournemouth-vs-wolverhampton-wanderers,90,0,0,180,0,0,0,1,4,1,a,90,0,0,1,0,12,25-26-prem-tottenham-hotspur-vs-afc-bournemouth,90,0,0,0,270,0,0,2,4,31,8,13,0
68,Dennis,1,0,0,0,0,0,0,0,#N/A,#N/A,#N/A,0,#N/A,#N/A,#N/A,0,0,0,0,0,0,1,Goalkeeper,0,1,a,0,0,0,0,0,0,#N/A,#N/A,#N/A,#N/A,0,0,0,0,0,0,1,a,0,0,0,0,0,0,#N/A,#N/A,#N/A,0,#N/A,0,0,0,0,0,0,0,0,2
69,McKenna,1,0,0,0,0,0,0,0,#N/A,#N/A,#N/A,0,#N/A,#N/A,#N/A,0,0,0,0,0,0,1,Goalkeeper,0,1,a,0,0,0,0,0,0,#N/A,#N/A,#N/A,#N/A,0,0,0,0,0,0,1,a,0,0,0,0,0,0,#N/A,#N/A,#N/A,0,#N/A,0,0,0,0,0,0,0,0,0
70,Paulsen,2,0,0,0,0,0,0,0,#N/A,#N/A,#N/A,0,#N/A,#N/A,#N/A,0,0,0,0,0,0,1,Goalkeeper,0,1,a,0,0,0,0,0,0,#N/A,#N/A,#N/A,#N/A,0,0,0,0,0,0,2,u,0,0,0,0,0,0,#N/A,#N/A,#N/A,0,#N/A,0,0,0,0,0,0,0,0,0
71,Zabarnyi,2,0,0,0,0,0,0,0,#N/A,#N/A,#N/A,0,#N/A,#N/A,#N/A,0,0,0,0,0,0,2,Defender,0,2,u,0,0,0,0,0,0,#N/A,#N/A,#N/A,#N/A,0,0,0,0,0,0,2,u,0,0,0,0,0,0,#N/A,#N/A,#N/A,0,#N/A,0,0,0,0,0,0,0,0,0
72,Senesi,4,15,2,90,0,0,0,4,25-26-prem-liverpool-vs-afc-bournemouth,90,0,0,90,0,0,90,0,0,0,4,0,2,Defender,9,1,a,90,0,0,1,0,20,25-26-prem-afc-bournemouth-vs-wolverhampton-wanderers,90,0,0,180,0,0,0,1,4,1,a,90,0,1,1,0,20,25-26-prem-tottenham-hotspur-vs-afc-bournemouth,90,0,0,1,270,0,1,2,4,55,0,25,0
73,Smith,1,9,1,89,0,0,0,3,25-26-prem-liverpool-vs-afc-bournemouth,89,0,0,89,0,0,89,0,0,0,3,0,2,Defender,6,1,a,90,0,0,1,0,5,25-26-prem-afc-bournemouth-vs-wolverhampton-wanderers,90,0,0,179,0,0,0,1,3,4,d,25,0,0,0,0,0,25-26-prem-tottenham-hotspur-vs-afc-bournemouth,26,0,0,0,204,0,0,1,3,14,0,8,3
74,Truffert,1,6,0,90,0,0,0,4,25-26-prem-liverpool-vs-afc-bournemouth,90,0,0,90,0,0,90,0,0,0,4,0,2,Defender,6,1,a,90,0,0,1,0,12,25-26-prem-afc-bournemouth-vs-wolverhampton-wanderers,90,0,0,180,0,0,0,1,4,1,a,90,0,0,1,0,9,25-26-prem-tottenham-hotspur-vs-afc-bournemouth,90,0,0,0,270,0,0,2,4,27,0,13,0
75,Akinmboni,4,0,0,0,0,0,0,0,#N/A,#N/A,#N/A,0,#N/A,#N/A,#N/A,0,0,0,0,0,0,2,Defender,0,1,a,0,0,0,0,0,0,#N/A,#N/A,#N/A,#N/A,0,0,0,0,0,0,1,a,0,0,0,0,0,0,#N/A,#N/A,#N/A,0,#N/A,0,0,0,0,0,0,0,0,2
76,Bevan,1,0,0,0,0,0,0,0,#N/A,#N/A,#N/A,0,#N/A,#N/A,#N/A,0,0,0,0,0,0,2,Defender,0,1,a,0,0,0,0,0,0,#N/A,#N/A,#N/A,#N/A,0,0,0,0,0,0,1,a,0,0,0,0,0,0,#N/A,#N/A,#N/A,0,#N/A,0,0,0,0,0,0,0,0,0
77,Hill,1,2,1,1,0,0,0,1,25-26-prem-liverpool-vs-afc-bournemouth,1,0,0,1,0,0,1,0,0,0,1,0,2,Defender,1,1,a,2,0,0,0,0,0,25-26-prem-afc-bournemouth-vs-wolverhampton-wanderers,2,0,0,3,0,0,0,0,1,1,a,64,0,0,1,0,9,25-26-prem-tottenham-hotspur-vs-afc-bournemouth,64,0,0,0,67,0,0,1,1,11,0,7,0
78,J.Araujo,1,0,0,0,0,0,0,0,#N/A,#N/A,#N/A,0,#N/A,#N/A,#N/A,0,0,0,0,0,0,2,Defender,0,1,a,0,0,0,0,0,0,#N/A,#N/A,#N/A,#N/A,0,0,0,0,0,0,1,a,0,0,0,0,0,0,#N/A,#N/A,#N/A,0,#N/A,0,0,0,0,0,0,0,0,2
79,Mepham,2,0,0,0,0,0,0,0,#N/A,#N/A,#N/A,0,#N/A,#N/A,#N/A,0,0,0,0,0,0,2,Defender,0,1,a,0,0,0,0,0,0,#N/A,#N/A,#N/A,#N/A,0,0,0,0,0,0,1,a,0,0,0,0,0,0,#N/A,#N/A,#N/A,0,#N/A,0,0,0,0,0,0,0,0,0
80,Soler,1,0,0,0,0,0,0,0,#N/A,#N/A,#N/A,0,#N/A,#N/A,#N/A,0,0,0,0,0,0,2,Defender,0,1,a,0,0,0,0,0,0,#N/A,#N/A,#N/A,#N/A,0,0,0,0,0,0,1,a,0,0,0,0,0,0,#N/A,#N/A,#N/A,0,#N/A,0,0,0,0,0,0,0,0,0
81,Kluivert,1,0,0,0,0,0,0,0,#N/A,#N/A,#N/A,0,#N/A,#N/A,#N/A,0,0,0,0,0,0,3,Midfielder,1,1,a,12,0,0,0,0,0,25-26-prem-afc-bournemouth-vs-wolverhampton-wanderers,12,0,0,12,0,0,0,0,0,1,a,9,0,0,0,0,1,25-26-prem-tottenham-hotspur-vs-afc-bournemouth,9,0,0,0,21,0,0,0,0,1,0,2,1
82,Semenyo,1,5,15,90,2,0,0,4,25-26-prem-liverpool-vs-afc-bournemouth,90,2,0,90,2,0,90,2,0,0,4,0,3,Midfielder,6,1,a,90,0,1,1,0,5,25-26-prem-afc-bournemouth-vs-wolverhampton-wanderers,90,0,1,180,2,2,1,1,4,1,a,90,0,0,1,0,10,25-26-prem-tottenham-hotspur-vs-afc-bournemouth,90,0,0,0,270,2,1,2,4,20,0,23,13
84,Tavernier,1,20,4,90,0,0,0,4,25-26-prem-liverpool-vs-afc-bournemouth,90,0,0,90,0,0,90,0,0,0,4,0,3,Midfielder,11,1,a,77,1,0,1,0,4,25-26-prem-afc-bournemouth-vs-wolverhampton-wanderers,78,1,0,167,1,1,0,1,4,1,a,80,0,0,1,0,5,25-26-prem-tottenham-hotspur-vs-afc-bournemouth,81,0,0,0,247,1,0,2,4,29,0,18,2
85,Adams,1,19,4,90,0,0,0,3,25-26-prem-liverpool-vs-afc-bournemouth,89,0,0,89,0,0,90,0,0,0,3,0,3,Midfielder,2,1,a,87,0,0,1,0,9,25-26-prem-afc-bournemouth-vs-wolverhampton-wanderers,88,0,0,177,0,0,0,1,3,1,a,90,0,0,1,0,12,25-26-prem-tottenham-hotspur-vs-afc-bournemouth,90,0,0,0,267,0,0,2,3,40,0,10,1
86,Brooks,1,7,4,83,0,1,0,2,25-26-prem-liverpool-vs-afc-bournemouth,84,0,1,84,0,1,83,0,1,0,2,0,3,Midfielder,3,1,a,66,0,0,1,0,4,25-26-efl-cup-brentford-vs-afc-bournemouth,24,0,0,149,0,0,1,1,2,1,a,63,0,0,1,0,5,25-26-prem-tottenham-hotspur-vs-afc-bournemouth,64,0,0,0,212,0,1,2,2,16,0,11,1
87,Christie,3,0,0,0,0,0,0,0,#N/A,#N/A,#N/A,0,#N/A,#N/A,#N/A,0,0,0,0,0,0,3,Midfielder,1,1,a,24,0,0,0,0,2,25-26-efl-cup-brentford-vs-afc-bournemouth,74,0,0,24,0,0,0,0,0,1,a,27,0,0,0,0,9,25-26-prem-tottenham-hotspur-vs-afc-bournemouth,27,0,0,0,51,0,0,0,0,11,0,2,0
88,Cook,5,0,0,0,0,0,0,0,#N/A,#N/A,#N/A,0,#N/A,#N/A,#N/A,0,0,0,0,0,0,3,Midfielder,0,3,i,0,0,0,0,0,0,#N/A,#N/A,#N/A,#N/A,0,0,0,0,0,0,3,i,0,0,0,0,0,0,#N/A,#N/A,#N/A,0,#N/A,0,0,0,0,0,0,0,0,1
89,Philip,2,0,0,0,0,0,0,0,#N/A,#N/A,#N/A,0,#N/A,#N/A,#N/A,0,0,0,0,0,0,3,Midfielder,0,1,a,0,0,0,0,0,0,#N/A,#N/A,#N/A,#N/A,0,0,0,0,0,0,2,u,0,0,0,0,0,0,#N/A,#N/A,#N/A,0,#N/A,0,0,0,0,0,0,0,0,0
90,Scott,1,3,2,73,0,0,0,2,25-26-prem-liverpool-vs-afc-bournemouth,74,0,0,74,0,0,73,0,0,0,2,0,3,Midfielder,2,1,a,65,0,0,1,0,6,25-26-efl-cup-brentford-vs-afc-bournemouth,90,0,0,138,0,0,0,1,2,1,a,62,0,0,1,0,7,25-26-prem-tottenham-hotspur-vs-afc-bournemouth,63,0,0,0,200,0,0,2,2,16,0,7,9
91,Sinisterra,2,0,0,0,0,0,0,0,#N/A,#N/A,#N/A,0,#N/A,#N/A,#N/A,0,0,0,0,0,0,3,Midfielder,0,1,a,0,0,0,0,0,0,#N/A,#N/A,#N/A,#N/A,0,0,0,0,0,0,2,u,0,0,0,0,0,0,#N/A,#N/A,#N/A,0,#N/A,0,0,0,0,0,0,0,0,0
92,Faivre,2,0,0,0,0,0,0,0,#N/A,#N/A,#N/A,0,#N/A,#N/A,#N/A,0,0,0,0,0,0,3,Midfielder,0,1,a,0,0,0,0,0,0,#N/A,#N/A,#N/A,#N/A,0,0,0,0,0,0,1,a,0,0,0,0,0,0,#N/A,#N/A,#N/A,0,#N/A,0,0,0,0,0,0,0,0,0
93,H.Traorè,2,4,4,16,0,1,0,2,25-26-prem-liverpool-vs-afc-bournemouth,16,0,1,16,0,1,16,0,1,0,2,0,3,Midfielder,0,1,a,0,0,0,0,0,0,#N/A,#N/A,#N/A,#N/A,16,0,0,1,0,2,1,a,0,0,0,0,0,0,#N/A,#N/A,#N/A,0,#N/A,16,0,1,0,2,4,0,4,0
94,Sadi,2,0,0,0,0,0,0,0,#N/A,#N/A,#N/A,0,#N/A,#N/A,#N/A,0,0,0,0,0,0,3,Midfielder,0,1,a,0,0,0,0,0,0,#N/A,#N/A,#N/A,#N/A,0,0,0,0,0,0,1,a,0,0,0,0,0,0,#N/A,#N/A,#N/A,0,#N/A,0,0,0,0,0,0,0,0,0
95,Silcott-Duberry,2,0,0,0,0,0,0,0,#N/A,#N/A,#N/A,0,#N/A,#N/A,#N/A,0,0,0,0,0,0,3,Midfielder,0,1,a,0,0,0,0,0,0,#N/A,#N/A,#N/A,#N/A,0,0,0,0,0,0,1,a,0,0,0,0,0,0,#N/A,#N/A,#N/A,0,#N/A,0,0,0,0,0,0,0,0,0
96,Winterburn,2,0,1,6,0,0,0,2,25-26-prem-liverpool-vs-afc-bournemouth,6,0,0,6,0,0,6,0,0,0,2,0,3,Midfielder,0,1,a,0,0,0,0,0,0,#N/A,#N/A,#N/A,#N/A,6,0,0,0,0,2,1,a,0,0,0,0,0,0,#N/A,#N/A,#N/A,0,#N/A,6,0,0,0,2,0,0,1,0
97,Evanilson,1,5,1,90,0,0,0,4,25-26-prem-liverpool-vs-afc-bournemouth,90,0,0,90,0,0,90,0,0,0,4,0,4,Forward,2,1,a,87,0,0,1,0,1,25-26-efl-cup-brentford-vs-afc-bournemouth,24,0,0,177,0,0,0,1,4,1,a,80,1,0,1,0,5,25-26-prem-tottenham-hotspur-vs-afc-bournemouth,81,1,0,0,257,1,0,2,4,11,0,11,5
98,Enes Ünal,1,0,0,0,0,0,0,0,#N/A,#N/A,#N/A,0,#N/A,#N/A,#N/A,0,0,0,0,0,0,4,Forward,0,3,i,0,0,0,0,0,0,#N/A,#N/A,#N/A,#N/A,0,0,0,0,0,0,3,i,0,0,0,0,0,0,#N/A,#N/A,#N/A,0,#N/A,0,0,0,0,0,0,0,0,0
99,Adu-Adjei,2,0,0,0,0,0,0,0,#N/A,#N/A,#N/A,0,#N/A,#N/A,#N/A,0,0,0,0,0,0,4,Forward,0,1,a,0,0,0,0,0,0,#N/A,#N/A,#N/A,#N/A,0,0,0,0,0,0,1,a,0,0,0,0,0,0,#N/A,#N/A,#N/A,0,#N/A,0,0,0,0,0,0,0,0,0
100,Kroupi.Jr,1,0,1,1,0,0,0,1,25-26-prem-liverpool-vs-afc-bournemouth,1,0,0,1,0,0,1,0,0,0,1,0,4,Forward,1,1,a,2,0,0,0,0,0,25-26-prem-afc-bournemouth-vs-wolverhampton-wanderers,2,0,0,3,0,0,0,0,1,1,a,9,0,0,0,0,1,25-26-prem-tottenham-hotspur-vs-afc-bournemouth,9,0,0,0,12,0,0,0,1,1,0,3,0
391,Gannon-Doak,3,0,0,0,0,0,0,0,#N/A,#N/A,#N/A,0,#N/A,#N/A,#N/A,0,0,0,0,0,0,3,Midfielder,0,1,a,0,0,0,0,0,0,#N/A,#N/A,#N/A,#N/A,0,0,0,0,0,0,1,a,0,0,0,0,0,0,#N/A,#N/A,#N/A,0,#N/A,0,0,0,0,0,0,0,0,0
685,Diakité,1,9,0,90,0,0,0,4,25-26-prem-liverpool-vs-afc-bournemouth,90,0,0,90,0,0,90,0,0,0,4,0,2,Defender,10,1,a,90,0,0,1,0,21,25-26-prem-afc-bournemouth-vs-wolverhampton-wanderers,90,0,0,180,0,0,0,1,4,1,a,90,0,0,1,0,10,25-26-prem-tottenham-hotspur-vs-afc-bournemouth,90,0,0,0,270,0,0,2,4,40,0,16,0
687,Rees-Dottin,1,0,0,0,0,0,0,0,#N/A,#N/A,#N/A,0,#N/A,#N/A,#N/A,0,0,0,0,0,0,3,Midfielder,0,1,a,0,0,0,0,0,0,#N/A,#N/A,#N/A,#N/A,0,0,0,0,0,0,1,a,0,0,0,0,0,0,#N/A,#N/A,#N/A,0,#N/A,0,0,0,0,0,0,0,0,0
697,Adli,1,0,0,0,0,0,0,0,#N/A,#N/A,#N/A,0,#N/A,#N/A,#N/A,0,0,0,0,0,0,3,Midfielder,1,1,a,24,0,0,0,0,6,25-26-prem-afc-bournemouth-vs-wolverhampton-wanderers,24,0,0,24,0,0,0,0,0,1,a,26,0,0,0,0,11,25-26-prem-tottenham-hotspur-vs-afc-bournemouth,26,0,0,0,50,0,0,0,0,17,0,2,1
713,A.Jimenez,1,0,0,0,0,0,0,0,#N/A,#N/A,#N/A,0,#N/A,#N/A,#N/A,0,0,0,0,0,0,2,Defender,0,1,a,0,0,0,0,0,0,#N/A,#N/A,#N/A,#N/A,0,0,0,0,0,0,1,a,0,0,0,0,0,0,#N/A,#N/A,#N/A,0,#N/A,0,0,0,0,0,0,0,0,0
721,Milosavljević,3,0,0,0,0,0,0,0,#N/A,#N/A,#N/A,0,#N/A,#N/A,#N/A,0,0,0,0,0,0,2,Defender,0,1,a,0,0,0,0,0,0,#N/A,#N/A,#N/A,#N/A,0,0,0,0,0,0,1,a,0,0,0,0,0,0,#N/A,#N/A,#N/A,0,#N/A,0,0,0,0,0,0,0,0,4
756,DaCosta,1,0,0,0,0,0,0,0,#N/A,#N/A,#N/A,0,#N/A,#N/A,#N/A,0,0,0,0,0,0,3,Midfielder,#N/A,#N/A,#N/A,#N/A,#N/A,#N/A,#N/A,#N/A,#N/A,#N/A,#N/A,#N/A,#N/A,#N/A,#N/A,#N/A,#N/A,#N/A,#N/A,#N/A,#N/A,#N/A,#N/A,#N/A,#N/A,#N/A,#N/A,#N/A,#N/A,#N/A,#N/A,#N/A,#N/A,#N/A,#N/A,#N/A,#N/A,#N/A,#N/A,#N/A,0
27,Nelson,4,0,0,0,0,0,0,0,#N/A,#N/A,#N/A,0,#N/A,#N/A,#N/A,0,0,0,0,0,0,3,Midfielder,0,1,a,0,0,0,0,0,0,#N/A,#N/A,#N/A,#N/A,0,0,0,0,0,0,1,a,0,0,0,0,0,0,#N/A,#N/A,#N/A,0,#N/A,0,0,0,0,0,0,0,0,1
83,O.Dango,1,0,0,0,0,0,0,0,#N/A,#N/A,#N/A,0,#N/A,#N/A,#N/A,0,0,0,0,0,0,3,Midfielder,13,1,a,83,1,0,1,0,15,25-26-efl-cup-brentford-vs-afc-bournemouth,31,0,0,83,1,1,0,1,0,1,a,90,0,0,0,2,7,25-26-prem-sunderland-vs-brentford,90,0,2,0,173,1,0,1,2,22,0,15,2
101,Kelleher,1,0,1,90,0,0,0,3,25-26-prem-nottingham-forest-vs-brentford,90,0,0,90,0,0,90,0,0,0,3,2,1,Goalkeeper,5,1,a,90,0,0,1,0,26,25-26-prem-brentford-vs-aston-villa,90,0,0,180,0,0,0,1,3,1,a,90,0,0,0,2,4,25-26-prem-sunderland-vs-brentford,90,0,2,0,270,0,0,1,5,30,5,7,0
102,Balcombe,1,0,0,0,0,0,0,0,#N/A,#N/A,#N/A,0,#N/A,#N/A,#N/A,0,0,0,0,0,0,1,Goalkeeper,0,1,a,0,0,0,0,0,0,#N/A,#N/A,#N/A,#N/A,0,0,0,0,0,0,1,a,0,0,0,0,0,0,#N/A,#N/A,#N/A,0,#N/A,0,0,0,0,0,0,0,0,0
103,Cox,1,0,0,0,0,0,0,0,#N/A,#N/A,#N/A,0,#N/A,#N/A,#N/A,0,0,0,0,0,0,1,Goalkeeper,0,1,a,0,0,0,0,0,0,#N/A,#N/A,#N/A,#N/A,0,0,0,0,0,0,1,a,0,0,0,0,0,0,#N/A,#N/A,#N/A,0,#N/A,0,0,0,0,0,0,0,0,0
104,Eyestone,1,0,0,0,0,0,0,0,#N/A,#N/A,#N/A,0,#N/A,#N/A,#N/A,0,0,0,0,0,0,1,Goalkeeper,0,1,a,0,0,0,0,0,0,#N/A,#N/A,#N/A,#N/A,0,0,0,0,0,0,1,a,0,0,0,0,0,0,#N/A,#N/A,#N/A,0,#N/A,0,0,0,0,0,0,0,0,0
105,Valdimarsson,1,0,0,0,0,0,0,0,#N/A,#N/A,#N/A,0,#N/A,#N/A,#N/A,0,0,0,0,0,0,1,Goalkeeper,0,1,a,0,0,0,0,0,0,25-26-efl-cup-brentford-vs-afc-bournemouth,90,0,0,0,0,0,0,0,0,1,a,0,0,0,0,0,0,#N/A,#N/A,#N/A,0,#N/A,0,0,0,0,0,0,0,0,3
106,Collins,1,5,0,90,0,0,0,3,25-26-prem-nottingham-forest-vs-brentford,90,0,0,90,0,0,90,0,0,0,3,0,2,Defender,9,1,a,90,0,0,1,0,23,25-26-efl-cup-brentford-vs-afc-bournemouth,31,0,0,180,0,0,0,1,3,1,a,90,0,0,0,2,16,25-26-prem-sunderland-vs-brentford,90,0,2,0,270,0,0,1,5,44,0,12,1
107,Lewis-Potter,1,5,1,68,0,0,0,3,25-26-prem-nottingham-forest-vs-brentford,69,0,0,69,0,0,68,0,0,0,3,0,2,Defender,6,1,a,90,0,0,1,0,10,25-26-prem-brentford-vs-aston-villa,90,0,0,158,0,0,0,1,3,1,a,71,0,0,1,0,10,25-26-prem-sunderland-vs-brentford,72,0,0,0,229,0,0,2,3,25,0,13,4
108,Ajer,1,0,0,0,0,0,0,0,#N/A,#N/A,#N/A,0,#N/A,#N/A,#N/A,0,0,0,0,0,0,2,Defender,1,1,a,5,0,0,0,0,1,25-26-prem-brentford-vs-aston-villa,5,0,0,5,0,0,0,0,0,1,a,0,0,0,0,0,0,#N/A,#N/A,#N/A,0,#N/A,5,0,0,0,0,1,0,1,1
109,Henry,1,3,1,87,0,0,0,3,25-26-prem-nottingham-forest-vs-brentford,88,0,0,88,0,0,87,0,0,0,3,0,2,Defender,1,1,a,6,0,0,0,0,3,25-26-prem-brentford-vs-aston-villa,6,0,0,93,0,0,0,0,3,1,a,18,0,0,0,2,4,25-26-prem-sunderland-vs-brentford,18,0,2,0,111,0,0,0,5,10,0,1,2
110,Kayode,1,6,1,90,0,0,0,3,25-26-prem-nottingham-forest-vs-brentford,90,0,0,90,0,0,90,0,0,0,3,0,2,Defender,10,1,a,84,0,0,1,0,17,25-26-efl-cup-brentford-vs-afc-bournemouth,31,0,0,174,0,0,0,1,3,1,a,90,0,0,0,2,6,25-26-prem-sunderland-vs-brentford,90,0,2,0,264,0,0,1,5,29,0,12,1
111,Pinnock,1,0,0,0,0,0,0,0,#N/A,#N/A,#N/A,0,#N/A,#N/A,#N/A,0,0,0,0,0,0,2,Defender,0,4,d,0,0,0,0,0,0,25-26-efl-cup-brentford-vs-afc-bournemouth,60,0,0,0,0,0,0,0,0,1,a,0,0,0,0,0,0,#N/A,#N/A,#N/A,0,#N/A,0,0,0,0,0,0,0,0,0
112,Roerslev,2,0,0,0,0,0,0,0,#N/A,#N/A,#N/A,0,#N/A,#N/A,#N/A,0,0,0,0,0,0,2,Defender,0,2,u,0,0,0,0,0,0,#N/A,#N/A,#N/A,#N/A,0,0,0,0,0,0,2,u,0,0,0,0,0,0,#N/A,#N/A,#N/A,0,#N/A,0,0,0,0,0,0,0,0,1
113,Van den Berg,1,14,3,90,0,0,0,3,25-26-prem-nottingham-forest-vs-brentford,90,0,0,90,0,0,90,0,0,0,3,0,2,Defender,8,1,a,90,0,0,1,0,18,25-26-efl-cup-brentford-vs-afc-bournemouth,90,0,0,180,0,0,0,1,3,1,a,90,0,0,0,2,15,25-26-prem-sunderland-vs-brentford,90,0,2,0,270,0,0,1,5,47,0,14,0
114,Arthur,1,0,0,0,0,0,0,0,#N/A,#N/A,#N/A,0,#N/A,#N/A,#N/A,0,0,0,0,0,0,2,Defender,0,1,a,0,0,0,0,0,0,#N/A,#N/A,#N/A,#N/A,0,0,0,0,0,0,1,a,0,0,0,0,0,0,#N/A,#N/A,#N/A,0,#N/A,0,0,0,0,0,0,0,0,0
115,Fredrick,2,0,0,0,0,0,0,0,#N/A,#N/A,#N/A,0,#N/A,#N/A,#N/A,0,0,0,0,0,0,2,Defender,0,1,a,0,0,0,0,0,0,#N/A,#N/A,#N/A,#N/A,0,0,0,0,0,0,1,a,0,0,0,0,0,0,#N/A,#N/A,#N/A,0,#N/A,0,0,0,0,0,0,0,0,1
116,Hickey,1,2,0,2,0,0,0,0,25-26-prem-nottingham-forest-vs-brentford,2,0,0,2,0,0,2,0,0,0,0,0,2,Defender,1,1,a,11,0,0,0,0,2,25-26-prem-brentford-vs-aston-villa,11,0,0,13,0,0,0,0,0,1,a,0,0,0,0,0,0,#N/A,#N/A,#N/A,0,#N/A,13,0,0,0,0,4,0,1,0
117,Ji-soo,2,0,0,0,0,0,0,0,#N/A,#N/A,#N/A,0,#N/A,#N/A,#N/A,0,0,0,0,0,0,2,Defender,0,1,a,0,0,0,0,0,0,#N/A,#N/A,#N/A,#N/A,0,0,0,0,0,0,1,a,0,0,0,0,0,0,#N/A,#N/A,#N/A,0,#N/A,0,0,0,0,0,0,0,0,0
118,Meghoma,2,0,0,0,0,0,0,0,#N/A,#N/A,#N/A,0,#N/A,#N/A,#N/A,0,0,0,0,0,0,2,Defender,0,2,u,0,0,0,0,0,0,#N/A,#N/A,#N/A,#N/A,0,0,0,0,0,0,2,u,0,0,0,0,0,0,#N/A,#N/A,#N/A,0,#N/A,0,0,0,0,0,0,0,0,7
120,Schade,5,7,1,45,0,0,0,0,25-26-prem-nottingham-forest-vs-brentford,45,0,0,45,0,0,45,0,0,0,0,0,3,Midfielder,3,1,a,78,0,0,1,0,10,25-26-efl-cup-brentford-vs-afc-bournemouth,59,0,0,123,0,0,0,1,0,1,a,89,0,0,0,1,4,25-26-prem-sunderland-vs-brentford,89,0,1,0,212,0,0,1,1,21,0,4,0
121,Damsgaard,1,0,0,0,0,0,0,0,#N/A,#N/A,#N/A,0,#N/A,#N/A,#N/A,0,0,0,0,0,0,3,Midfielder,5,1,a,90,0,0,1,0,15,25-26-prem-brentford-vs-aston-villa,90,0,0,90,0,0,0,1,0,1,a,90,0,0,0,2,1,25-26-prem-sunderland-vs-brentford,90,0,2,0,180,0,0,1,2,16,0,7,0
122,Milambo,3,4,1,45,0,0,0,3,25-26-prem-nottingham-forest-vs-brentford,45,0,0,45,0,0,45,0,0,0,3,0,3,Midfielder,0,1,a,0,0,0,0,0,0,25-26-efl-cup-brentford-vs-afc-bournemouth,59,0,0,45,0,0,0,0,3,1,a,0,0,0,0,0,0,#N/A,#N/A,#N/A,0,#N/A,45,0,0,0,3,4,0,1,7
123,Carvalho,3,7,2,90,0,0,0,3,25-26-prem-nottingham-forest-vs-brentford,90,0,0,90,0,0,90,0,0,0,3,0,3,Midfielder,0,1,a,0,0,0,0,0,0,25-26-efl-cup-brentford-vs-afc-bournemouth,90,1,0,90,0,0,0,0,3,1,a,1,0,0,0,1,0,25-26-prem-sunderland-vs-brentford,1,0,1,0,91,0,0,0,4,7,0,3,6
124,Henderson,1,3,1,21,0,0,0,0,25-26-prem-nottingham-forest-vs-brentford,21,0,0,21,0,0,21,0,0,0,0,0,3,Midfielder,3,1,a,68,0,0,1,0,9,25-26-prem-brentford-vs-aston-villa,69,0,0,89,0,0,0,1,0,1,a,70,0,0,1,0,5,25-26-prem-sunderland-vs-brentford,71,0,0,0,159,0,0,2,0,17,0,7,0
125,Janelt,1,0,0,0,0,0,0,0,#N/A,#N/A,#N/A,0,#N/A,#N/A,#N/A,0,0,0,0,0,0,3,Midfielder,0,3,i,0,0,0,0,0,0,#N/A,#N/A,#N/A,#N/A,0,0,0,0,0,0,4,d,0,0,0,0,0,0,#N/A,#N/A,#N/A,0,#N/A,0,0,0,0,0,0,0,0,2
126,Jensen,1,5,2,68,0,0,0,3,25-26-prem-nottingham-forest-vs-brentford,69,0,0,69,0,0,68,0,0,0,3,0,3,Midfielder,1,1,a,11,0,0,0,0,3,25-26-prem-brentford-vs-aston-villa,11,0,0,79,0,0,0,0,3,1,a,0,0,0,0,0,0,#N/A,#N/A,#N/A,0,#N/A,79,0,0,0,3,8,0,3,0
127,Nunes,1,0,0,0,0,0,0,0,#N/A,#N/A,#N/A,0,#N/A,#N/A,#N/A,0,0,0,0,0,0,3,Midfielder,0,3,i,0,0,0,0,0,0,#N/A,#N/A,#N/A,#N/A,0,0,0,0,0,0,3,i,0,0,0,0,0,0,#N/A,#N/A,#N/A,0,#N/A,0,0,0,0,0,0,0,0,0
128,Onyeka,1,1,4,21,0,1,0,0,25-26-prem-nottingham-forest-vs-brentford,21,0,1,21,0,0,21,0,1,0,0,0,3,Midfielder,1,1,a,21,0,0,0,0,4,25-26-prem-brentford-vs-aston-villa,21,0,0,42,0,0,1,0,0,1,a,19,0,1,0,2,1,25-26-prem-sunderland-vs-brentford,19,0,2,1,61,0,2,0,2,6,0,9,3
129,Yarmoliuk,1,9,2,90,0,0,0,3,25-26-prem-nottingham-forest-vs-brentford,90,0,0,90,0,0,90,0,0,0,3,0,3,Midfielder,5,1,a,78,0,0,1,0,15,25-26-efl-cup-brentford-vs-afc-bournemouth,4,0,0,168,0,0,0,1,3,1,a,90,0,0,0,2,7,25-26-prem-sunderland-vs-brentford,90,0,2,0,258,0,0,1,5,31,0,9,0
130,Donovan,1,0,0,0,0,0,0,0,#N/A,#N/A,#N/A,0,#N/A,#N/A,#N/A,0,0,0,0,0,0,3,Midfielder,0,1,a,0,0,0,0,0,0,#N/A,#N/A,#N/A,#N/A,0,0,0,0,0,0,1,a,0,0,0,0,0,0,#N/A,#N/A,#N/A,0,#N/A,0,0,0,0,0,0,0,0,0
131,Konak,1,0,0,0,0,0,0,0,#N/A,#N/A,#N/A,0,#N/A,#N/A,#N/A,0,0,0,0,0,0,3,Midfielder,0,1,a,0,0,0,0,0,0,#N/A,#N/A,#N/A,#N/A,0,0,0,0,0,0,1,a,0,0,0,0,0,0,#N/A,#N/A,#N/A,0,#N/A,0,0,0,0,0,0,0,0,0
132,Maghoma,1,0,0,0,0,0,0,0,#N/A,#N/A,#N/A,0,#N/A,#N/A,#N/A,0,0,0,0,0,0,3,Midfielder,0,4,d,0,0,0,0,0,0,#N/A,#N/A,#N/A,#N/A,0,0,0,0,0,0,4,d,0,0,0,0,0,0,#N/A,#N/A,#N/A,0,#N/A,0,0,0,0,0,0,0,0,0
133,Peart-Harris,1,0,0,0,0,0,0,0,#N/A,#N/A,#N/A,0,#N/A,#N/A,#N/A,0,0,0,0,0,0,3,Midfielder,0,1,a,0,0,0,0,0,0,#N/A,#N/A,#N/A,#N/A,0,0,0,0,0,0,1,a,0,0,0,0,0,0,#N/A,#N/A,#N/A,0,#N/A,0,0,0,0,0,0,0,0,0
134,Trevitt,2,0,0,0,0,0,0,0,#N/A,#N/A,#N/A,0,#N/A,#N/A,#N/A,0,0,0,0,0,0,3,Midfielder,0,2,u,0,0,0,0,0,0,#N/A,#N/A,#N/A,#N/A,0,0,0,0,0,0,2,u,0,0,0,0,0,0,#N/A,#N/A,#N/A,0,#N/A,0,0,0,0,0,0,0,0,1
136,Thiago,1,2,6,90,1,0,0,3,25-26-prem-nottingham-forest-vs-brentford,90,1,0,90,1,0,90,1,0,0,3,0,4,Forward,2,1,a,90,0,0,1,0,8,25-26-prem-brentford-vs-aston-villa,90,0,0,180,1,1,0,1,3,1,a,90,1,0,0,2,5,25-26-prem-sunderland-vs-brentford,90,1,2,0,270,2,0,1,5,15,0,14,0
137,Morgan,1,0,0,0,0,0,0,0,#N/A,#N/A,#N/A,0,#N/A,#N/A,#N/A,0,0,0,0,0,0,4,Forward,0,1,a,0,0,0,0,0,0,#N/A,#N/A,#N/A,#N/A,0,0,0,0,0,0,1,a,0,0,0,0,0,0,#N/A,#N/A,#N/A,0,#N/A,0,0,0,0,0,0,0,0,0
748,Dasilva,3,0,0,0,0,0,0,0,#N/A,#N/A,#N/A,0,#N/A,#N/A,#N/A,0,0,0,0,0,0,3,Midfielder,0,1,a,0,0,0,0,0,0,#N/A,#N/A,#N/A,#N/A,0,0,0,0,0,0,1,a,0,0,0,0,0,0,#N/A,#N/A,#N/A,0,#N/A,0,0,0,0,0,0,0,0,0
138,Steele,1,0,0,0,0,0,0,0,#N/A,#N/A,#N/A,0,#N/A,#N/A,#N/A,0,0,0,0,0,0,1,Goalkeeper,0,1,a,0,0,0,0,0,0,#N/A,#N/A,#N/A,#N/A,0,0,0,0,0,0,1,a,0,0,0,0,0,0,25-26-efl-cup-brighton-hove-albion-vs-oxford-united,90,0,0,0,0,0,0,0,0,0,0,0,2
139,Verbruggen,1,0,2,90,0,0,0,1,25-26-prem-brighton-hove-albion-vs-fulham,90,0,0,90,0,0,90,0,0,0,1,1,1,Goalkeeper,1,1,a,90,0,0,0,2,21,25-26-prem-everton-vs-brighton-hove-albion,90,0,0,180,0,0,0,0,3,1,a,90,0,0,0,1,10,25-26-prem-brighton-hove-albion-vs-manchester-city,90,0,1,0,270,0,0,0,4,31,4,5,0
140,McGill,1,0,0,0,0,0,0,0,#N/A,#N/A,#N/A,0,#N/A,#N/A,#N/A,0,0,0,0,0,0,1,Goalkeeper,0,1,a,0,0,0,0,0,0,#N/A,#N/A,#N/A,#N/A,0,0,0,0,0,0,1,a,0,0,0,0,0,0,#N/A,#N/A,#N/A,0,#N/A,0,0,0,0,0,0,0,0,0
141,Rushworth,2,0,0,0,0,0,0,0,#N/A,#N/A,#N/A,0,#N/A,#N/A,#N/A,0,0,0,0,0,0,1,Goalkeeper,0,2,u,0,0,0,0,0,0,#N/A,#N/A,#N/A,#N/A,0,0,0,0,0,0,2,u,0,0,0,0,0,0,#N/A,#N/A,#N/A,0,#N/A,0,0,0,0,0,0,0,0,0
142,Scherpen,2,0,0,0,0,0,0,0,#N/A,#N/A,#N/A,0,#N/A,#N/A,#N/A,0,0,0,0,0,0,1,Goalkeeper,0,2,u,0,0,0,0,0,0,#N/A,#N/A,#N/A,#N/A,0,0,0,0,0,0,2,u,0,0,0,0,0,0,#N/A,#N/A,#N/A,0,#N/A,0,0,0,0,0,0,0,0,0
143,Boscagli,1,0,0,0,0,0,0,0,#N/A,#N/A,#N/A,0,#N/A,#N/A,#N/A,0,0,0,0,0,0,2,Defender,0,1,a,0,0,0,0,0,0,#N/A,#N/A,#N/A,#N/A,0,0,0,0,0,0,1,a,0,0,0,0,0,0,25-26-efl-cup-brighton-hove-albion-vs-oxford-united,90,1,0,0,0,0,0,0,0,0,0,0,0
144,Coppola,1,0,0,0,0,0,0,0,#N/A,#N/A,#N/A,0,#N/A,#N/A,#N/A,0,0,0,0,0,0,2,Defender,0,1,a,0,0,0,0,0,0,#N/A,#N/A,#N/A,#N/A,0,0,0,0,0,0,1,a,1,0,0,0,0,0,25-26-prem-brighton-hove-albion-vs-manchester-city,1,0,0,0,1,0,0,0,0,0,0,1,1
145,De Cuyper,1,6,2,90,0,0,0,1,25-26-prem-brighton-hove-albion-vs-fulham,90,0,0,90,0,0,90,0,0,0,1,0,2,Defender,0,1,a,66,0,0,0,2,10,25-26-prem-everton-vs-brighton-hove-albion,67,0,0,156,0,0,0,0,3,1,a,90,0,0,0,1,11,25-26-prem-brighton-hove-albion-vs-manchester-city,90,0,1,0,246,0,0,0,4,27,0,4,2
146,Dunk,1,8,2,90,0,0,0,1,25-26-prem-brighton-hove-albion-vs-fulham,90,0,0,90,0,0,90,0,0,0,1,0,2,Defender,1,1,a,90,0,0,0,2,19,25-26-prem-everton-vs-brighton-hove-albion,90,0,0,180,0,0,0,0,3,1,a,90,0,1,0,1,6,25-26-prem-brighton-hove-albion-vs-manchester-city,90,0,1,0,270,0,1,0,4,33,0,8,0
147,Estupiñan,2,0,0,0,0,0,0,0,#N/A,#N/A,#N/A,0,#N/A,#N/A,#N/A,0,0,0,0,0,0,2,Defender,0,2,u,0,0,0,0,0,0,#N/A,#N/A,#N/A,#N/A,0,0,0,0,0,0,2,u,0,0,0,0,0,0,#N/A,#N/A,#N/A,0,#N/A,0,0,0,0,0,0,0,0,4
148,F.Kadıoğlu,1,1,0,21,0,0,0,1,25-26-prem-brighton-hove-albion-vs-fulham,21,0,0,21,0,0,21,0,0,0,1,0,2,Defender,0,1,a,23,0,0,0,0,3,25-26-prem-everton-vs-brighton-hove-albion,23,0,0,44,0,0,0,0,1,1,a,0,0,0,0,0,0,25-26-efl-cup-brighton-hove-albion-vs-oxford-united,65,0,0,0,44,0,0,0,1,4,0,0,0
150,Lamptey,2,0,0,0,0,0,0,0,#N/A,#N/A,#N/A,0,#N/A,#N/A,#N/A,0,0,0,0,0,0,2,Defender,0,1,a,0,0,0,0,0,0,#N/A,#N/A,#N/A,#N/A,0,0,0,0,0,0,1,a,0,0,0,0,0,0,#N/A,#N/A,#N/A,0,#N/A,0,0,0,0,0,0,0,0,3
151,Van Hecke,1,8,2,90,0,0,0,1,25-26-prem-brighton-hove-albion-vs-fulham,90,0,0,90,0,0,90,0,0,0,1,0,2,Defender,1,1,a,90,0,0,0,2,13,25-26-prem-everton-vs-brighton-hove-albion,90,0,0,180,0,0,0,0,3,1,a,90,0,0,0,1,10,25-26-prem-brighton-hove-albion-vs-manchester-city,90,0,1,0,270,0,0,0,4,31,0,4,3
152,Veltman,1,0,0,0,0,0,0,0,#N/A,#N/A,#N/A,0,#N/A,#N/A,#N/A,0,0,0,0,0,0,2,Defender,0,1,a,0,0,0,0,0,0,#N/A,#N/A,#N/A,#N/A,0,0,0,0,0,0,1,a,90,0,0,0,1,5,25-26-prem-brighton-hove-albion-vs-manchester-city,90,0,1,0,90,0,0,0,1,5,0,1,0
153,Webster,3,0,0,0,0,0,0,0,#N/A,#N/A,#N/A,0,#N/A,#N/A,#N/A,0,0,0,0,0,0,2,Defender,0,3,i,0,0,0,0,0,0,#N/A,#N/A,#N/A,#N/A,0,0,0,0,0,0,3,i,0,0,0,0,0,0,#N/A,#N/A,#N/A,0,#N/A,0,0,0,0,0,0,0,0,0
154,Cashin,2,0,0,0,0,0,0,0,#N/A,#N/A,#N/A,0,#N/A,#N/A,#N/A,0,0,0,0,0,0,2,Defender,0,2,u,0,0,0,0,0,0,#N/A,#N/A,#N/A,#N/A,0,0,0,0,0,0,2,u,0,0,0,0,0,0,#N/A,#N/A,#N/A,0,#N/A,0,0,0,0,0,0,0,0,0
155,Slater,2,0,0,0,0,0,0,0,#N/A,#N/A,#N/A,0,#N/A,#N/A,#N/A,0,0,0,0,0,0,2,Defender,0,1,a,0,0,0,0,0,0,#N/A,#N/A,#N/A,#N/A,0,0,0,0,0,0,1,a,0,0,0,0,0,0,#N/A,#N/A,#N/A,0,#N/A,0,0,0,0,0,0,0,0,0
156,Tasker,1,0,0,0,0,0,0,0,#N/A,#N/A,#N/A,0,#N/A,#N/A,#N/A,0,0,0,0,0,0,2,Defender,0,1,a,0,0,0,0,0,0,#N/A,#N/A,#N/A,#N/A,0,0,0,0,0,0,1,a,0,0,0,0,0,0,25-26-efl-cup-brighton-hove-albion-vs-oxford-united,13,0,0,0,0,0,0,0,0,0,0,0,7
157,Mitoma,1,0,2,82,0,0,1,0,25-26-prem-brighton-hove-albion-vs-fulham,83,0,0,83,0,0,82,0,0,1,0,0,3,Midfielder,2,1,a,90,0,0,0,2,5,25-26-prem-everton-vs-brighton-hove-albion,90,0,0,172,0,0,0,1,2,1,a,90,0,1,0,1,7,25-26-prem-brighton-hove-albion-vs-manchester-city,90,0,1,1,262,0,1,1,3,12,0,9,1
158,Georginio,1,2,6,68,0,1,1,0,25-26-prem-brighton-hove-albion-vs-fulham,69,0,1,69,0,0,68,0,1,1,0,0,3,Midfielder,0,4,d,0,0,0,0,0,0,#N/A,#N/A,#N/A,#N/A,68,0,0,1,1,0,4,d,29,0,0,0,0,0,25-26-prem-brighton-hove-albion-vs-manchester-city,29,0,0,0,97,0,1,1,0,2,0,7,0
159,March,3,0,0,0,0,0,0,0,#N/A,#N/A,#N/A,0,#N/A,#N/A,#N/A,0,0,0,0,0,0,3,Midfielder,0,3,i,0,0,0,0,0,0,#N/A,#N/A,#N/A,#N/A,0,0,0,0,0,0,3,i,0,0,0,0,0,0,#N/A,#N/A,#N/A,0,#N/A,0,0,0,0,0,0,0,0,6
160,Minteh,1,4,3,68,0,0,1,0,25-26-prem-brighton-hove-albion-vs-fulham,69,0,0,69,0,0,68,0,0,1,0,0,3,Midfielder,2,1,a,90,0,0,0,2,7,25-26-prem-everton-vs-brighton-hove-albion,90,0,0,158,0,0,0,1,2,1,a,90,0,0,0,1,12,25-26-prem-brighton-hove-albion-vs-manchester-city,89,0,1,0,248,0,0,1,3,23,0,9,0
161,Enciso,2,0,0,0,0,0,0,0,#N/A,#N/A,#N/A,0,#N/A,#N/A,#N/A,0,0,0,0,0,0,3,Midfielder,0,3,i,0,0,0,0,0,0,#N/A,#N/A,#N/A,#N/A,0,0,0,0,0,0,3,i,0,0,0,0,0,0,#N/A,#N/A,#N/A,0,#N/A,0,0,0,0,0,0,0,0,1
162,Gruda,1,2,1,7,0,0,0,1,25-26-prem-brighton-hove-albion-vs-fulham,7,0,0,7,0,0,7,0,0,0,1,0,3,Midfielder,1,1,a,5,0,0,0,0,1,25-26-prem-everton-vs-brighton-hove-albion,5,0,0,12,0,0,0,0,1,1,a,29,1,0,0,0,2,25-26-prem-brighton-hove-albion-vs-manchester-city,29,1,0,0,41,1,0,0,1,5,0,10,1
163,Hinshelwood,1,0,0,0,0,0,0,0,#N/A,#N/A,#N/A,0,#N/A,#N/A,#N/A,0,0,0,0,0,0,3,Midfielder,1,1,a,45,0,0,0,1,3,25-26-prem-everton-vs-brighton-hove-albion,45,0,0,45,0,0,0,0,1,1,a,60,0,0,0,1,8,25-26-prem-brighton-hove-albion-vs-manchester-city,61,0,1,0,105,0,0,0,2,11,0,3,0
164,O'Riley,2,3,10,87,1,0,1,0,25-26-prem-brighton-hove-albion-vs-fulham,88,1,0,88,1,0,87,1,0,1,0,0,3,Midfielder,2,1,a,90,0,0,0,2,6,25-26-prem-everton-vs-brighton-hove-albion,90,0,0,177,1,1,0,1,2,1,a,0,0,0,0,0,0,#N/A,#N/A,#N/A,0,#N/A,177,1,0,1,2,9,0,12,0
165,Sima,2,0,0,0,0,0,0,0,#N/A,#N/A,#N/A,0,#N/A,#N/A,#N/A,0,0,0,0,0,0,3,Midfielder,0,1,a,0,0,0,0,0,0,#N/A,#N/A,#N/A,#N/A,0,0,0,0,0,0,1,a,0,0,0,0,0,0,#N/A,#N/A,#N/A,0,#N/A,0,0,0,0,0,0,0,0,2
166,Ayari,1,10,3,90,0,0,0,1,25-26-prem-brighton-hove-albion-vs-fulham,90,0,0,90,0,0,90,0,0,0,1,0,3,Midfielder,2,1,a,66,0,0,0,2,6,25-26-prem-everton-vs-brighton-hove-albion,67,0,0,156,0,0,0,0,3,1,a,29,0,0,0,0,3,25-26-prem-brighton-hove-albion-vs-manchester-city,29,0,0,0,185,0,0,0,3,19,0,6,0
167,Baleba,1,11,3,68,0,0,1,0,25-26-prem-brighton-hove-albion-vs-fulham,69,0,0,69,0,0,68,0,0,1,0,0,3,Midfielder,1,1,a,45,0,0,0,1,2,25-26-prem-everton-vs-brighton-hove-albion,45,0,0,113,0,0,0,1,1,1,a,59,0,0,0,1,3,25-26-prem-brighton-hove-albion-vs-manchester-city,60,0,1,0,172,0,0,1,2,16,0,5,0
169,Gomez,1,5,0,21,0,0,0,1,25-26-prem-brighton-hove-albion-vs-fulham,21,0,0,21,0,0,21,0,0,0,1,0,3,Midfielder,1,1,a,23,0,0,0,0,5,25-26-prem-everton-vs-brighton-hove-albion,23,0,0,44,0,0,0,0,1,1,a,60,0,0,0,1,6,25-26-prem-brighton-hove-albion-vs-manchester-city,61,0,1,0,104,0,0,0,2,16,0,3,1
170,Milner,1,0,1,2,0,0,0,1,25-26-prem-brighton-hove-albion-vs-fulham,2,0,0,2,0,0,2,0,0,0,1,0,3,Midfielder,0,1,a,0,0,0,0,0,0,#N/A,#N/A,#N/A,#N/A,2,0,0,0,0,1,1,a,30,1,0,0,0,2,25-26-prem-brighton-hove-albion-vs-manchester-city,30,1,0,0,32,1,0,0,1,2,0,7,0
171,Sarmiento,2,0,0,0,0,0,0,0,#N/A,#N/A,#N/A,0,#N/A,#N/A,#N/A,0,0,0,0,0,0,3,Midfielder,0,1,a,0,0,0,0,0,0,#N/A,#N/A,#N/A,#N/A,0,0,0,0,0,0,1,a,0,0,0,0,0,0,#N/A,#N/A,#N/A,0,#N/A,0,0,0,0,0,0,0,0,0
172,Watson,1,0,0,0,0,0,0,0,#N/A,#N/A,#N/A,0,#N/A,#N/A,#N/A,0,0,0,0,0,0,3,Midfielder,0,1,a,0,0,0,0,0,0,#N/A,#N/A,#N/A,#N/A,0,0,0,0,0,0,1,a,0,0,0,0,0,0,25-26-efl-cup-brighton-hove-albion-vs-oxford-united,25,1,0,0,0,0,0,0,0,0,0,0,0
173,Wieffer,1,18,4,90,0,0,0,1,25-26-prem-brighton-hove-albion-vs-fulham,90,0,0,90,0,0,90,0,0,0,1,0,3,Midfielder,3,1,a,84,0,0,0,2,13,25-26-prem-everton-vs-brighton-hove-albion,85,0,0,174,0,0,0,0,3,1,a,0,0,0,0,0,0,#N/A,#N/A,#N/A,0,#N/A,174,0,0,0,3,31,0,7,0
174,Yalcouye,2,0,0,0,0,0,0,0,#N/A,#N/A,#N/A,0,#N/A,#N/A,#N/A,0,0,0,0,0,0,3,Midfielder,0,2,u,0,0,0,0,0,0,#N/A,#N/A,#N/A,#N/A,0,0,0,0,0,0,2,u,0,0,0,0,0,0,#N/A,#N/A,#N/A,0,#N/A,0,0,0,0,0,0,0,0,0
175,Knight,1,0,0,0,0,0,0,0,#N/A,#N/A,#N/A,0,#N/A,#N/A,#N/A,0,0,0,0,0,0,3,Midfielder,0,1,a,0,0,0,0,0,0,#N/A,#N/A,#N/A,#N/A,0,0,0,0,0,0,1,a,0,0,0,0,0,0,#N/A,#N/A,#N/A,0,#N/A,0,0,0,0,0,0,0,0,0
176,Mazilu,2,0,0,0,0,0,0,0,#N/A,#N/A,#N/A,0,#N/A,#N/A,#N/A,0,0,0,0,0,0,3,Midfielder,0,1,a,0,0,0,0,0,0,#N/A,#N/A,#N/A,#N/A,0,0,0,0,0,0,1,a,0,0,0,0,0,0,#N/A,#N/A,#N/A,0,#N/A,0,0,0,0,0,0,0,0,0
177,Moran,2,0,0,0,0,0,0,0,#N/A,#N/A,#N/A,0,#N/A,#N/A,#N/A,0,0,0,0,0,0,3,Midfielder,0,2,u,0,0,0,0,0,0,#N/A,#N/A,#N/A,#N/A,0,0,0,0,0,0,2,u,0,0,0,0,0,0,#N/A,#N/A,#N/A,0,#N/A,0,0,0,0,0,0,0,0,2
178,Welbeck,1,1,1,21,0,0,0,1,25-26-prem-brighton-hove-albion-vs-fulham,21,0,0,21,0,0,21,0,0,0,1,0,4,Forward,0,1,a,90,0,0,0,2,1,25-26-prem-everton-vs-brighton-hove-albion,90,0,0,111,0,0,0,0,3,1,a,60,0,0,0,1,2,25-26-prem-brighton-hove-albion-vs-manchester-city,61,0,1,0,171,0,0,0,4,4,0,3,0
179,Ferguson,2,0,0,0,0,0,0,0,#N/A,#N/A,#N/A,0,#N/A,#N/A,#N/A,0,0,0,0,0,0,4,Forward,0,2,u,0,0,0,0,0,0,#N/A,#N/A,#N/A,#N/A,0,0,0,0,0,0,2,u,0,0,0,0,0,0,#N/A,#N/A,#N/A,0,#N/A,0,0,0,0,0,0,0,0,1
180,Tzimas,3,0,0,0,0,0,0,0,#N/A,#N/A,#N/A,0,#N/A,#N/A,#N/A,0,0,0,0,0,0,4,Forward,0,1,a,0,0,0,0,0,0,#N/A,#N/A,#N/A,#N/A,0,0,0,0,0,0,1,a,0,0,0,0,0,0,25-26-efl-cup-brighton-hove-albion-vs-oxford-united,24,2,0,1,0,0,0,0,0,0,0,0,0
181,Kostoulas,1,0,0,0,0,0,0,0,#N/A,#N/A,#N/A,0,#N/A,#N/A,#N/A,0,0,0,0,0,0,4,Forward,0,1,a,0,0,0,0,0,0,#N/A,#N/A,#N/A,#N/A,0,0,0,0,0,0,1,a,0,0,0,0,0,0,25-26-efl-cup-brighton-hove-albion-vs-oxford-united,12,0,0,0,0,0,0,0,0,0,0,0,0
744,Oriola,1,0,0,0,0,0,0,0,#N/A,#N/A,#N/A,0,#N/A,#N/A,#N/A,0,0,0,0,0,0,3,Midfielder,0,1,a,0,0,0,0,0,0,#N/A,#N/A,#N/A,#N/A,0,0,0,0,0,0,1,a,0,0,0,0,0,0,#N/A,#N/A,#N/A,0,#N/A,0,0,0,0,0,0,0,0,1
168,Buonanotte,1,0,0,0,0,0,0,0,#N/A,#N/A,#N/A,0,#N/A,#N/A,#N/A,0,0,0,0,0,0,3,Midfielder,0,1,a,0,0,0,0,0,0,#N/A,#N/A,#N/A,#N/A,0,0,0,0,0,0,1,a,0,0,0,0,0,0,#N/A,#N/A,#N/A,0,#N/A,0,0,0,0,0,0,0,0,2
220,Sánchez,1,0,8,90,0,0,1,0,25-26-prem-chelsea-vs-crystal-palace,90,0,0,90,0,0,90,0,0,1,0,4,1,Goalkeeper,3,1,a,90,0,0,0,1,14,25-26-prem-west-ham-united-vs-chelsea,90,0,0,180,0,0,0,1,1,1,a,90,0,0,1,0,6,25-26-prem-chelsea-vs-fulham,90,0,0,0,270,0,0,2,1,20,8,17,0
221,Jörgensen,1,0,0,0,0,0,0,0,#N/A,#N/A,#N/A,0,#N/A,#N/A,#N/A,0,0,0,0,0,0,1,Goalkeeper,0,1,a,0,0,0,0,0,0,#N/A,#N/A,#N/A,#N/A,0,0,0,0,0,0,1,a,0,0,0,0,0,0,#N/A,#N/A,#N/A,0,#N/A,0,0,0,0,0,0,0,0,0
222,Penders,2,0,0,0,0,0,0,0,#N/A,#N/A,#N/A,0,#N/A,#N/A,#N/A,0,0,0,0,0,0,1,Goalkeeper,0,2,u,0,0,0,0,0,0,#N/A,#N/A,#N/A,#N/A,0,0,0,0,0,0,2,u,0,0,0,0,0,0,#N/A,#N/A,#N/A,0,#N/A,0,0,0,0,0,0,0,0,0
223,Slonina,1,0,0,0,0,0,0,0,#N/A,#N/A,#N/A,0,#N/A,#N/A,#N/A,0,0,0,0,0,0,1,Goalkeeper,0,1,a,0,0,0,0,0,0,#N/A,#N/A,#N/A,#N/A,0,0,0,0,0,0,1,a,0,0,0,0,0,0,#N/A,#N/A,#N/A,0,#N/A,0,0,0,0,0,0,0,0,1
224,Cucurella,1,4,8,90,0,0,1,0,25-26-prem-chelsea-vs-crystal-palace,90,0,0,90,0,0,90,0,0,1,0,0,2,Defender,5,1,a,68,0,1,0,1,16,25-26-prem-west-ham-united-vs-chelsea,69,0,1,158,0,0,1,1,1,1,a,90,0,0,1,0,12,25-26-prem-chelsea-vs-fulham,90,0,0,0,248,0,1,2,1,32,0,19,1
225,James,1,7,5,78,0,0,1,0,25-26-prem-chelsea-vs-crystal-palace,79,0,0,79,0,0,78,0,0,1,0,0,2,Defender,1,1,a,21,0,0,0,0,8,25-26-prem-west-ham-united-vs-chelsea,21,0,0,99,0,0,0,1,0,1,a,9,0,0,0,0,0,25-26-prem-chelsea-vs-fulham,9,0,0,0,108,0,0,1,0,15,0,7,3
226,Chalobah,1,9,6,90,0,0,1,0,25-26-prem-chelsea-vs-crystal-palace,90,0,0,90,0,0,90,0,0,1,0,0,2,Defender,8,1,a,68,1,0,0,1,12,25-26-prem-west-ham-united-vs-chelsea,69,1,0,158,1,1,0,1,1,1,a,90,0,1,1,0,13,25-26-prem-chelsea-vs-fulham,90,0,0,0,248,1,1,2,1,34,0,27,0
227,Colwill,3,0,0,0,0,0,0,0,#N/A,#N/A,#N/A,0,#N/A,#N/A,#N/A,0,0,0,0,0,0,2,Defender,0,3,i,0,0,0,0,0,0,#N/A,#N/A,#N/A,#N/A,0,0,0,0,0,0,3,i,0,0,0,0,0,0,#N/A,#N/A,#N/A,0,#N/A,0,0,0,0,0,0,0,0,0
228,Gusto,1,0,1,11,0,0,0,0,25-26-prem-chelsea-vs-crystal-palace,11,0,0,11,0,0,11,0,0,0,0,0,2,Defender,2,1,a,68,0,0,0,1,6,25-26-prem-west-ham-united-vs-chelsea,69,0,0,79,0,0,0,0,1,1,a,90,0,0,1,0,12,25-26-prem-chelsea-vs-fulham,90,0,0,0,169,0,0,1,1,18,0,9,0
229,B.Badiashile,1,0,0,0,0,0,0,0,#N/A,#N/A,#N/A,0,#N/A,#N/A,#N/A,0,0,0,0,0,0,2,Defender,0,3,i,0,0,0,0,0,0,#N/A,#N/A,#N/A,#N/A,0,0,0,0,0,0,3,i,0,0,0,0,0,0,#N/A,#N/A,#N/A,0,#N/A,0,0,0,0,0,0,0,0,1
230,Fofana,1,0,0,0,0,0,0,0,#N/A,#N/A,#N/A,0,#N/A,#N/A,#N/A,0,0,0,0,0,0,2,Defender,1,1,a,21,0,0,0,0,2,25-26-prem-west-ham-united-vs-chelsea,21,0,0,21,0,0,0,0,0,1,a,0,0,0,0,0,0,#N/A,#N/A,#N/A,0,#N/A,21,0,0,0,0,2,0,1,0
231,M.Sarr,2,0,0,0,0,0,0,0,#N/A,#N/A,#N/A,0,#N/A,#N/A,#N/A,0,0,0,0,0,0,2,Defender,0,2,u,0,0,0,0,0,0,#N/A,#N/A,#N/A,#N/A,0,0,0,0,0,0,2,u,0,0,0,0,0,0,#N/A,#N/A,#N/A,0,#N/A,0,0,0,0,0,0,0,0,1
232,Tosin,1,0,0,0,0,0,0,0,#N/A,#N/A,#N/A,0,#N/A,#N/A,#N/A,0,0,0,0,0,0,2,Defender,2,1,a,90,0,0,0,1,12,25-26-prem-west-ham-united-vs-chelsea,90,0,0,90,0,0,0,0,1,1,a,90,0,0,1,0,14,25-26-prem-chelsea-vs-fulham,90,0,0,0,180,0,0,1,1,26,0,10,0
233,Acheampong,1,8,9,90,0,0,1,0,25-26-prem-chelsea-vs-crystal-palace,90,0,0,90,0,0,90,0,0,1,0,0,2,Defender,0,1,a,0,0,0,0,0,4,#N/A,#N/A,#N/A,#N/A,90,0,0,0,1,0,1,a,0,0,0,0,0,0,#N/A,#N/A,#N/A,0,#N/A,90,0,0,1,0,12,0,9,0
234,Anselmino,2,0,0,0,0,0,0,0,#N/A,#N/A,#N/A,0,#N/A,#N/A,#N/A,0,0,0,0,0,0,2,Defender,0,1,a,0,0,0,0,0,0,#N/A,#N/A,#N/A,#N/A,0,0,0,0,0,0,1,a,0,0,0,0,0,0,#N/A,#N/A,#N/A,0,#N/A,0,0,0,0,0,0,0,0,7
235,Palmer,1,5,3,90,0,0,1,0,25-26-prem-chelsea-vs-crystal-palace,90,0,0,90,0,0,90,0,0,1,0,0,3,Midfielder,0,4,d,0,0,0,0,0,0,#N/A,#N/A,#N/A,#N/A,90,0,0,0,1,0,3,i,0,0,0,0,0,0,#N/A,#N/A,#N/A,0,#N/A,90,0,0,1,0,5,0,3,2
236,Neto,1,6,3,90,0,0,1,0,25-26-prem-chelsea-vs-crystal-palace,90,0,0,90,0,0,90,0,0,1,0,0,3,Midfielder,7,1,a,90,1,0,0,1,2,25-26-prem-west-ham-united-vs-chelsea,90,1,0,180,1,1,0,1,1,1,a,80,0,0,1,0,4,25-26-prem-chelsea-vs-fulham,81,0,0,0,260,1,0,2,1,12,0,13,4
237,Enzo,1,0,3,78,0,0,1,0,25-26-prem-chelsea-vs-crystal-palace,79,0,0,79,0,0,78,0,0,1,0,0,3,Midfielder,10,1,a,90,1,1,0,1,5,25-26-prem-west-ham-united-vs-chelsea,90,1,0,168,1,1,1,1,1,1,a,90,1,1,1,0,6,25-26-prem-chelsea-vs-fulham,90,1,0,1,258,2,2,2,1,11,0,25,0
238,Estêvão,1,3,0,36,0,0,0,0,25-26-prem-chelsea-vs-crystal-palace,36,0,0,36,0,0,36,0,0,0,0,0,3,Midfielder,5,1,a,76,0,1,0,1,5,25-26-prem-west-ham-united-vs-chelsea,77,0,1,112,0,0,1,0,1,1,a,67,0,0,1,0,3,25-26-prem-chelsea-vs-fulham,68,0,0,0,179,0,1,1,1,11,0,8,1
239,Gittens,1,3,1,53,0,0,0,0,25-26-prem-chelsea-vs-crystal-palace,54,0,0,54,0,0,53,0,0,0,0,0,3,Midfielder,1,1,a,13,0,0,0,0,0,25-26-prem-west-ham-united-vs-chelsea,13,0,0,66,0,0,0,0,0,1,a,22,0,0,0,0,2,25-26-prem-chelsea-vs-fulham,22,0,0,0,88,0,0,0,0,5,0,3,0
240,Nkunku,2,0,0,0,0,0,0,0,#N/A,#N/A,#N/A,0,#N/A,#N/A,#N/A,0,0,0,0,0,0,3,Midfielder,0,0,n,0,0,0,0,0,0,#N/A,#N/A,#N/A,#N/A,0,0,0,0,0,0,0,n,0,0,0,0,0,0,#N/A,#N/A,#N/A,0,#N/A,0,0,0,0,0,0,0,0,12
241,Caicedo,5,12,5,90,0,0,1,0,25-26-prem-chelsea-vs-crystal-palace,90,0,0,90,0,0,90,0,0,1,0,0,3,Midfielder,8,1,a,90,1,0,0,1,7,25-26-prem-west-ham-united-vs-chelsea,90,1,0,180,1,1,0,1,1,1,a,90,0,0,1,0,23,25-26-prem-chelsea-vs-fulham,90,0,0,0,270,1,0,2,1,42,0,17,0
243,George,1,0,0,0,0,0,0,0,#N/A,#N/A,#N/A,0,#N/A,#N/A,#N/A,0,0,0,0,0,0,3,Midfielder,0,1,a,0,0,0,0,0,0,#N/A,#N/A,#N/A,#N/A,0,0,0,0,0,0,1,a,66,0,0,1,0,1,25-26-prem-chelsea-vs-fulham,67,0,0,0,66,0,0,1,0,1,0,3,0
244,Lavia,3,0,0,0,0,0,0,0,#N/A,#N/A,#N/A,0,#N/A,#N/A,#N/A,0,0,0,0,0,0,3,Midfielder,0,3,i,0,0,0,0,0,0,#N/A,#N/A,#N/A,#N/A,0,0,0,0,0,0,3,i,0,0,0,0,0,0,#N/A,#N/A,#N/A,0,#N/A,0,0,0,0,0,0,0,0,0
245,Mudryk,5,0,0,0,0,0,0,0,#N/A,#N/A,#N/A,0,#N/A,#N/A,#N/A,0,0,0,0,0,0,3,Midfielder,0,5,s,0,0,0,0,0,0,#N/A,#N/A,#N/A,#N/A,0,0,0,0,0,0,5,s,0,0,0,0,0,0,#N/A,#N/A,#N/A,0,#N/A,0,0,0,0,0,0,0,0,0
246,Andrey Santos,1,0,1,11,0,0,0,0,25-26-prem-chelsea-vs-crystal-palace,11,0,0,11,0,0,11,0,0,0,0,0,3,Midfielder,1,1,a,28,0,0,0,0,3,25-26-prem-west-ham-united-vs-chelsea,28,0,0,39,0,0,0,0,0,1,a,9,0,0,0,0,2,25-26-prem-chelsea-vs-fulham,9,0,0,0,48,0,0,0,0,5,0,2,0
247,D.Essugo,3,0,0,0,0,0,0,0,#N/A,#N/A,#N/A,0,#N/A,#N/A,#N/A,0,0,0,0,0,0,3,Midfielder,0,1,a,0,0,0,0,0,0,#N/A,#N/A,#N/A,#N/A,0,0,0,0,0,0,1,a,0,0,0,0,0,0,#N/A,#N/A,#N/A,0,#N/A,0,0,0,0,0,0,0,0,0
248,Paez,2,0,0,0,0,0,0,0,#N/A,#N/A,#N/A,0,#N/A,#N/A,#N/A,0,0,0,0,0,0,3,Midfielder,0,2,u,0,0,0,0,0,0,#N/A,#N/A,#N/A,#N/A,0,0,0,0,0,0,2,u,0,0,0,0,0,0,#N/A,#N/A,#N/A,0,#N/A,0,0,0,0,0,0,0,0,7
249,João Pedro,1,1,2,72,0,0,1,0,25-26-prem-chelsea-vs-crystal-palace,73,0,0,73,0,0,72,0,0,1,0,0,4,Forward,15,1,a,90,1,2,0,1,5,25-26-prem-west-ham-united-vs-chelsea,90,1,2,162,1,1,2,1,1,1,a,90,1,0,1,0,10,25-26-prem-chelsea-vs-fulham,90,1,0,0,252,2,2,2,1,16,0,26,0
250,Delap,3,2,1,17,0,0,0,0,25-26-prem-chelsea-vs-crystal-palace,17,0,0,17,0,0,17,0,0,0,0,0,4,Forward,2,1,a,61,0,0,0,1,2,25-26-prem-west-ham-united-vs-chelsea,62,0,0,78,0,0,0,0,1,4,d,13,0,0,0,0,0,25-26-prem-chelsea-vs-fulham,14,0,0,0,91,0,0,0,1,4,0,4,0
251,N.Jackson,2,0,0,0,0,0,0,0,#N/A,#N/A,#N/A,0,#N/A,#N/A,#N/A,0,0,0,0,0,0,4,Forward,0,0,n,0,0,0,0,0,0,#N/A,#N/A,#N/A,#N/A,0,0,0,0,0,0,0,n,0,0,0,0,0,0,#N/A,#N/A,#N/A,0,#N/A,0,0,0,0,0,0,0,0,0
252,Marc Guiu,1,0,0,0,0,0,0,0,#N/A,#N/A,#N/A,0,#N/A,#N/A,#N/A,0,0,0,0,0,0,4,Forward,1,1,a,10,0,0,0,1,0,25-26-prem-burnley-vs-sunderland,10,0,0,10,0,0,0,0,1,1,a,3,0,0,0,0,1,25-26-prem-sunderland-vs-brentford,3,0,0,0,13,0,0,0,1,1,0,2,1
453,Garnacho,1,0,0,0,0,0,0,0,#N/A,#N/A,#N/A,0,#N/A,#N/A,#N/A,0,0,0,0,0,0,3,Midfielder,0,1,a,0,0,0,0,0,0,#N/A,#N/A,#N/A,#N/A,0,0,0,0,0,0,1,a,0,0,0,0,0,0,#N/A,#N/A,#N/A,0,#N/A,0,0,0,0,0,0,0,0,0
672,Hato,1,0,0,0,0,0,0,0,#N/A,#N/A,#N/A,0,#N/A,#N/A,#N/A,0,0,0,0,0,0,2,Defender,0,1,a,21,0,0,0,0,2,25-26-prem-west-ham-united-vs-chelsea,21,0,0,21,0,0,0,0,0,1,a,0,0,0,0,0,0,#N/A,#N/A,#N/A,0,#N/A,21,0,0,0,0,2,0,0,0
743,Emenalo,1,0,0,0,0,0,0,0,#N/A,#N/A,#N/A,0,#N/A,#N/A,#N/A,0,0,0,0,0,0,3,Midfielder,0,1,a,0,0,0,0,0,0,#N/A,#N/A,#N/A,#N/A,0,0,0,0,0,0,1,a,0,0,0,0,0,0,#N/A,#N/A,#N/A,0,#N/A,0,0,0,0,0,0,0,0,6
253,Henderson,1,0,6,90,0,0,1,0,25-26-prem-chelsea-vs-crystal-palace,90,0,0,90,0,0,90,0,0,1,0,2,1,Goalkeeper,2,1,a,90,0,0,0,1,11,25-26-prem-crystal-palace-vs-nottingham-forest,90,0,0,180,0,0,0,1,1,1,a,90,0,0,1,0,7,25-26-prem-aston-villa-vs-crystal-palace,90,0,0,0,270,0,0,2,1,18,6,15,0
254,Benitez,1,0,0,0,0,0,0,0,#N/A,#N/A,#N/A,0,#N/A,#N/A,#N/A,0,0,0,0,0,0,1,Goalkeeper,0,1,a,0,0,0,0,0,0,#N/A,#N/A,#N/A,#N/A,0,0,0,0,0,0,1,a,0,0,0,0,0,0,#N/A,#N/A,#N/A,0,#N/A,0,0,0,0,0,0,0,0,0
255,Matthews,1,0,0,0,0,0,0,0,#N/A,#N/A,#N/A,0,#N/A,#N/A,#N/A,0,0,0,0,0,0,1,Goalkeeper,0,1,a,0,0,0,0,0,0,#N/A,#N/A,#N/A,#N/A,0,0,0,0,0,0,1,a,0,0,0,0,0,0,#N/A,#N/A,#N/A,0,#N/A,0,0,0,0,0,0,0,0,5
256,Muñoz,3,8,5,90,0,0,1,0,25-26-prem-chelsea-vs-crystal-palace,90,0,0,90,0,0,90,0,0,1,0,0,2,Defender,5,1,a,90,0,1,0,1,8,25-26-prem-crystal-palace-vs-nottingham-forest,90,0,1,180,0,0,1,1,1,1,a,90,0,0,1,0,19,25-26-prem-aston-villa-vs-crystal-palace,90,0,0,0,270,0,1,2,1,35,0,19,6
257,Lacroix,1,16,8,90,0,0,1,0,25-26-prem-chelsea-vs-crystal-palace,90,0,0,90,0,0,90,0,0,1,0,0,2,Defender,3,1,a,90,0,0,0,1,19,25-26-prem-crystal-palace-vs-nottingham-forest,90,0,0,180,0,0,0,1,1,1,a,90,0,1,1,0,10,25-26-prem-aston-villa-vs-crystal-palace,90,0,0,1,270,0,1,2,1,45,0,22,6
258,Mitchell,1,11,9,90,0,0,1,0,25-26-prem-chelsea-vs-crystal-palace,90,0,0,90,0,0,90,0,0,1,0,0,2,Defender,1,1,a,90,0,0,0,1,15,25-26-prem-crystal-palace-vs-nottingham-forest,90,0,0,180,0,0,0,1,1,1,a,90,0,0,1,0,12,25-26-prem-aston-villa-vs-crystal-palace,90,0,0,0,270,0,0,2,1,38,0,16,0
259,Sosa,1,0,0,0,0,0,0,0,#N/A,#N/A,#N/A,0,#N/A,#N/A,#N/A,0,0,0,0,0,0,2,Defender,0,1,a,0,0,0,0,0,0,#N/A,#N/A,#N/A,#N/A,0,0,0,0,0,0,1,a,0,0,0,0,0,0,#N/A,#N/A,#N/A,0,#N/A,0,0,0,0,0,0,0,0,6
260,Guéhi,1,6,6,90,0,0,1,0,25-26-prem-chelsea-vs-crystal-palace,90,0,0,90,0,0,90,0,0,1,0,0,2,Defender,2,1,a,90,0,0,0,1,9,25-26-prem-crystal-palace-vs-nottingham-forest,90,0,0,180,0,0,0,1,1,1,a,90,1,0,1,0,14,25-26-prem-aston-villa-vs-crystal-palace,90,1,0,0,270,1,0,2,1,29,0,23,6
261,Richards,1,8,6,90,0,0,1,0,25-26-prem-chelsea-vs-crystal-palace,90,0,0,90,0,0,90,0,0,1,0,0,2,Defender,2,1,a,90,0,0,0,1,10,25-26-prem-crystal-palace-vs-nottingham-forest,90,0,0,180,0,0,0,1,1,1,a,90,0,0,1,0,14,25-26-prem-aston-villa-vs-crystal-palace,90,0,0,0,270,0,0,2,1,32,0,16,0
262,Chadi Riad,4,0,0,0,0,0,0,0,#N/A,#N/A,#N/A,0,#N/A,#N/A,#N/A,0,0,0,0,0,0,2,Defender,0,3,i,0,0,0,0,0,0,#N/A,#N/A,#N/A,#N/A,0,0,0,0,0,0,3,i,0,0,0,0,0,0,#N/A,#N/A,#N/A,0,#N/A,0,0,0,0,0,0,0,0,0
263,Clyne,1,0,0,0,0,0,0,0,#N/A,#N/A,#N/A,0,#N/A,#N/A,#N/A,0,0,0,0,0,0,2,Defender,0,1,a,0,0,0,0,0,0,#N/A,#N/A,#N/A,#N/A,0,0,0,0,0,0,1,a,4,0,0,0,0,2,25-26-prem-aston-villa-vs-crystal-palace,4,0,0,0,4,0,0,0,0,2,0,1,0
264,Holding,2,0,0,0,0,0,0,0,#N/A,#N/A,#N/A,0,#N/A,#N/A,#N/A,0,0,0,0,0,0,2,Defender,0,2,u,0,0,0,0,0,0,#N/A,#N/A,#N/A,#N/A,0,0,0,0,0,0,2,u,0,0,0,0,0,0,#N/A,#N/A,#N/A,0,#N/A,0,0,0,0,0,0,0,0,0
265,Kporha,3,0,0,0,0,0,0,0,#N/A,#N/A,#N/A,0,#N/A,#N/A,#N/A,0,0,0,0,0,0,2,Defender,0,3,i,0,0,0,0,0,0,#N/A,#N/A,#N/A,#N/A,0,0,0,0,0,0,3,i,0,0,0,0,0,0,#N/A,#N/A,#N/A,0,#N/A,0,0,0,0,0,0,0,0,0
267,Sarr,4,7,3,90,0,0,1,0,25-26-prem-chelsea-vs-crystal-palace,90,0,0,90,0,0,90,0,0,1,0,0,3,Midfielder,8,1,a,90,1,0,0,1,4,25-26-prem-crystal-palace-vs-nottingham-forest,90,1,0,180,1,1,0,1,1,1,a,90,1,0,1,0,8,25-26-prem-aston-villa-vs-crystal-palace,90,1,0,0,270,2,0,2,1,19,0,18,0
268,Doucouré,3,0,0,0,0,0,0,0,#N/A,#N/A,#N/A,0,#N/A,#N/A,#N/A,0,0,0,0,0,0,3,Midfielder,0,3,i,0,0,0,0,0,0,#N/A,#N/A,#N/A,#N/A,0,0,0,0,0,0,3,i,0,0,0,0,0,0,#N/A,#N/A,#N/A,0,#N/A,0,0,0,0,0,0,0,0,0
269,Esse,1,0,0,0,0,0,0,0,#N/A,#N/A,#N/A,0,#N/A,#N/A,#N/A,0,0,0,0,0,0,3,Midfielder,1,1,a,24,0,0,0,0,2,25-26-prem-crystal-palace-vs-nottingham-forest,24,0,0,24,0,0,0,0,0,1,a,0,0,0,0,0,0,#N/A,#N/A,#N/A,0,#N/A,24,0,0,0,0,2,0,1,3
270,Hughes,1,9,2,69,0,0,1,0,25-26-prem-chelsea-vs-crystal-palace,70,0,0,70,0,0,69,0,0,1,0,0,3,Midfielder,1,1,a,90,0,0,0,1,10,25-26-prem-crystal-palace-vs-nottingham-forest,90,0,0,159,0,0,0,1,1,4,d,70,0,0,1,0,8,25-26-prem-aston-villa-vs-crystal-palace,71,0,0,0,229,0,0,2,1,27,0,5,3
271,Kamada,1,0,0,0,0,0,0,0,#N/A,#N/A,#N/A,0,#N/A,#N/A,#N/A,0,0,0,0,0,0,3,Midfielder,0,4,d,0,0,0,0,0,0,#N/A,#N/A,#N/A,#N/A,0,0,0,0,0,0,1,a,85,0,1,1,0,7,25-26-prem-aston-villa-vs-crystal-palace,86,0,0,0,85,0,1,1,0,7,0,6,3
272,Lerma,1,3,1,20,0,0,0,0,25-26-prem-chelsea-vs-crystal-palace,20,0,0,20,0,0,20,0,0,0,0,0,3,Midfielder,1,1,a,8,0,0,0,0,2,25-26-prem-crystal-palace-vs-nottingham-forest,8,0,0,28,0,0,0,0,0,1,a,34,0,0,0,0,3,25-26-prem-aston-villa-vs-crystal-palace,34,0,0,0,62,0,0,0,0,8,0,3,0
273,Wharton,1,6,3,90,0,0,1,0,25-26-prem-chelsea-vs-crystal-palace,90,0,0,90,0,0,90,0,0,1,0,0,3,Midfielder,2,1,a,81,0,0,0,1,9,25-26-prem-crystal-palace-vs-nottingham-forest,82,0,0,171,0,0,0,1,1,1,a,55,0,0,0,0,5,25-26-prem-aston-villa-vs-crystal-palace,56,0,0,0,226,0,0,1,1,20,0,6,0
274,Agbinone,1,0,0,0,0,0,0,0,#N/A,#N/A,#N/A,0,#N/A,#N/A,#N/A,0,0,0,0,0,0,3,Midfielder,0,1,a,0,0,0,0,0,0,#N/A,#N/A,#N/A,#N/A,0,0,0,0,0,0,1,a,0,0,0,0,0,0,#N/A,#N/A,#N/A,0,#N/A,0,0,0,0,0,0,0,0,0
275,Ahamada,1,0,0,0,0,0,0,0,#N/A,#N/A,#N/A,0,#N/A,#N/A,#N/A,0,0,0,0,0,0,3,Midfielder,0,1,a,0,0,0,0,0,0,#N/A,#N/A,#N/A,#N/A,0,0,0,0,0,0,1,a,0,0,0,0,0,0,#N/A,#N/A,#N/A,0,#N/A,0,0,0,0,0,0,0,0,1
276,Devenny,1,2,1,6,0,0,0,0,25-26-prem-chelsea-vs-crystal-palace,6,0,0,6,0,0,6,0,0,0,0,0,3,Midfielder,2,1,a,65,0,0,0,1,8,25-26-prem-crystal-palace-vs-nottingham-forest,66,0,0,71,0,0,0,0,1,1,a,5,0,0,0,0,1,25-26-prem-aston-villa-vs-crystal-palace,5,0,0,0,76,0,0,0,1,11,0,4,0
277,Ebiowei,2,0,0,0,0,0,0,0,#N/A,#N/A,#N/A,0,#N/A,#N/A,#N/A,0,0,0,0,0,0,3,Midfielder,0,2,u,0,0,0,0,0,0,#N/A,#N/A,#N/A,#N/A,0,0,0,0,0,0,2,u,0,0,0,0,0,0,#N/A,#N/A,#N/A,0,#N/A,0,0,0,0,0,0,0,0,0
278,J.Rak-Sakyi,2,0,0,0,0,0,0,0,#N/A,#N/A,#N/A,0,#N/A,#N/A,#N/A,0,0,0,0,0,0,3,Midfielder,0,1,a,0,0,0,0,0,0,#N/A,#N/A,#N/A,#N/A,0,0,0,0,0,0,1,a,0,0,0,0,0,0,#N/A,#N/A,#N/A,0,#N/A,0,0,0,0,0,0,0,0,0
279,M.França,2,0,0,0,0,0,0,0,#N/A,#N/A,#N/A,0,#N/A,#N/A,#N/A,0,0,0,0,0,0,3,Midfielder,0,3,i,0,0,0,0,0,0,#N/A,#N/A,#N/A,#N/A,0,0,0,0,0,0,2,u,0,0,0,0,0,0,#N/A,#N/A,#N/A,0,#N/A,0,0,0,0,0,0,0,0,0
280,Ozoh,2,0,0,0,0,0,0,0,#N/A,#N/A,#N/A,0,#N/A,#N/A,#N/A,0,0,0,0,0,0,3,Midfielder,0,2,u,0,0,0,0,0,0,#N/A,#N/A,#N/A,#N/A,0,0,0,0,0,0,2,u,0,0,0,0,0,0,#N/A,#N/A,#N/A,0,#N/A,0,0,0,0,0,0,0,0,0
281,Rodney,1,0,0,0,0,0,0,0,#N/A,#N/A,#N/A,0,#N/A,#N/A,#N/A,0,0,0,0,0,0,3,Midfielder,0,1,a,0,0,0,0,0,0,#N/A,#N/A,#N/A,#N/A,0,0,0,0,0,0,1,a,0,0,0,0,0,0,#N/A,#N/A,#N/A,0,#N/A,0,0,0,0,0,0,0,0,0
282,Umeh,2,0,0,0,0,0,0,0,#N/A,#N/A,#N/A,0,#N/A,#N/A,#N/A,0,0,0,0,0,0,3,Midfielder,0,1,a,0,0,0,0,0,0,#N/A,#N/A,#N/A,#N/A,0,0,0,0,0,0,1,a,0,0,0,0,0,0,#N/A,#N/A,#N/A,0,#N/A,0,0,0,0,0,0,0,0,2
283,Mateta,4,9,1,90,0,0,1,0,25-26-prem-chelsea-vs-crystal-palace,90,0,0,90,0,0,90,0,0,1,0,0,4,Forward,2,1,a,87,0,0,0,1,1,25-26-prem-crystal-palace-vs-nottingham-forest,88,0,0,177,0,0,0,1,1,1,a,84,1,0,1,0,5,25-26-prem-aston-villa-vs-crystal-palace,85,1,0,0,261,1,0,2,1,15,0,8,0
284,Nketiah,1,0,0,0,0,0,0,0,#N/A,#N/A,#N/A,0,#N/A,#N/A,#N/A,0,0,0,0,0,0,4,Forward,0,3,i,0,0,0,0,0,0,#N/A,#N/A,#N/A,#N/A,0,0,0,0,0,0,3,i,0,0,0,0,0,0,#N/A,#N/A,#N/A,0,#N/A,0,0,0,0,0,0,0,0,0
285,Édouard,2,0,0,0,0,0,0,0,#N/A,#N/A,#N/A,0,#N/A,#N/A,#N/A,0,0,0,0,0,0,4,Forward,1,1,a,2,0,0,0,0,1,25-26-prem-crystal-palace-vs-nottingham-forest,2,0,0,2,0,0,0,0,0,3,i,0,0,0,0,0,0,#N/A,#N/A,#N/A,0,#N/A,2,0,0,0,0,1,0,1,0
286,Marsh,1,0,0,0,0,0,0,0,#N/A,#N/A,#N/A,0,#N/A,#N/A,#N/A,0,0,0,0,0,0,4,Forward,0,1,a,0,0,0,0,0,0,#N/A,#N/A,#N/A,#N/A,0,0,0,0,0,0,1,a,0,0,0,0,0,0,#N/A,#N/A,#N/A,0,#N/A,0,0,0,0,0,0,0,0,0
690,Cardines,1,0,0,0,0,0,0,0,#N/A,#N/A,#N/A,0,#N/A,#N/A,#N/A,0,0,0,0,0,0,3,Midfielder,0,1,a,0,0,0,0,0,0,#N/A,#N/A,#N/A,#N/A,0,0,0,0,0,0,1,a,0,0,0,0,0,0,#N/A,#N/A,#N/A,0,#N/A,0,0,0,0,0,0,0,0,3
712,Yeremy,1,0,0,0,0,0,0,0,#N/A,#N/A,#N/A,0,#N/A,#N/A,#N/A,0,0,0,0,0,0,3,Midfielder,0,1,a,0,0,0,0,0,0,#N/A,#N/A,#N/A,#N/A,0,0,0,0,0,0,1,a,19,0,0,0,0,4,25-26-prem-aston-villa-vs-crystal-palace,19,0,0,0,19,0,0,0,0,4,0,1,0
723,Canvot,4,0,0,0,0,0,0,0,#N/A,#N/A,#N/A,0,#N/A,#N/A,#N/A,0,0,0,0,0,0,2,Defender,0,1,a,0,0,0,0,0,0,#N/A,#N/A,#N/A,#N/A,0,0,0,0,0,0,1,a,0,0,0,0,0,0,#N/A,#N/A,#N/A,0,#N/A,0,0,0,0,0,0,0,0,1
732,Uche,1,0,0,0,0,0,0,0,#N/A,#N/A,#N/A,0,#N/A,#N/A,#N/A,0,0,0,0,0,0,4,Forward,0,1,a,0,0,0,0,0,0,#N/A,#N/A,#N/A,#N/A,0,0,0,0,0,0,1,a,0,0,0,0,0,0,#N/A,#N/A,#N/A,0,#N/A,0,0,0,0,0,0,0,0,2
242,Dewsbury-Hall,1,6,2,90,0,0,0,1,25-26-prem-leeds-united-vs-everton,90,0,0,90,0,0,90,0,0,0,1,0,3,Midfielder,2,1,a,90,0,0,1,0,3,25-26-prem-everton-vs-brighton-hove-albion,90,0,0,180,0,0,0,1,1,1,a,90,1,1,0,2,6,25-26-prem-wolverhampton-wanderers-vs-everton,90,1,2,1,270,1,1,1,3,15,0,16,6
287,Pickford,1,0,2,90,0,0,0,1,25-26-prem-leeds-united-vs-everton,90,0,0,90,0,0,90,0,0,0,1,2,1,Goalkeeper,15,1,a,90,0,0,1,0,24,25-26-prem-everton-vs-brighton-hove-albion,90,0,0,180,0,0,0,1,1,1,a,90,0,0,0,2,11,25-26-prem-wolverhampton-wanderers-vs-everton,90,0,2,0,270,0,0,1,3,35,8,18,0
288,Travers,1,0,0,0,0,0,0,0,#N/A,#N/A,#N/A,0,#N/A,#N/A,#N/A,0,0,0,0,0,0,1,Goalkeeper,0,1,a,0,0,0,0,0,0,#N/A,#N/A,#N/A,#N/A,0,0,0,0,0,0,1,a,0,0,0,0,0,0,25-26-efl-cup-mansfield-town-vs-everton,90,0,0,0,0,0,0,0,0,0,0,0,0
289,Tyrer,1,0,0,0,0,0,0,0,#N/A,#N/A,#N/A,0,#N/A,#N/A,#N/A,0,0,0,0,0,0,1,Goalkeeper,0,1,a,0,0,0,0,0,0,#N/A,#N/A,#N/A,#N/A,0,0,0,0,0,0,1,a,0,0,0,0,0,0,#N/A,#N/A,#N/A,0,#N/A,0,0,0,0,0,0,0,0,0
290,Branthwaite,3,0,0,0,0,0,0,0,#N/A,#N/A,#N/A,0,#N/A,#N/A,#N/A,0,0,0,0,0,0,2,Defender,0,3,i,0,0,0,0,0,0,#N/A,#N/A,#N/A,#N/A,0,0,0,0,0,0,3,i,0,0,0,0,0,0,#N/A,#N/A,#N/A,0,#N/A,0,0,0,0,0,0,0,0,8
291,Tarkowski,1,15,4,90,0,0,0,1,25-26-prem-leeds-united-vs-everton,90,0,0,90,0,0,90,0,0,0,1,0,2,Defender,8,1,a,90,0,0,1,0,16,25-26-prem-everton-vs-brighton-hove-albion,90,0,0,180,0,0,0,1,1,1,a,90,0,0,0,2,15,25-26-efl-cup-mansfield-town-vs-everton,90,0,2,0,270,0,0,1,3,46,0,15,0
292,Mykolenko,1,0,0,0,0,0,0,0,#N/A,#N/A,#N/A,0,#N/A,#N/A,#N/A,0,0,0,0,0,0,2,Defender,0,3,i,0,0,0,0,0,0,#N/A,#N/A,#N/A,#N/A,0,0,0,0,0,0,1,a,90,0,0,0,2,11,25-26-efl-cup-mansfield-town-vs-everton,87,0,2,0,90,0,0,0,2,11,0,1,6
293,O'Brien,1,4,2,90,0,0,0,1,25-26-prem-leeds-united-vs-everton,90,0,0,90,0,0,90,0,0,0,1,0,2,Defender,6,1,a,90,0,0,1,0,10,25-26-prem-everton-vs-brighton-hove-albion,90,0,0,180,0,0,0,1,1,1,a,90,0,0,0,2,10,25-26-efl-cup-mansfield-town-vs-everton,3,0,2,0,270,0,0,1,3,24,0,9,0
294,Coleman,3,0,0,0,0,0,0,0,#N/A,#N/A,#N/A,0,#N/A,#N/A,#N/A,0,0,0,0,0,0,2,Defender,0,1,a,0,0,0,0,0,0,#N/A,#N/A,#N/A,#N/A,0,0,0,0,0,0,1,a,1,0,0,0,0,0,25-26-efl-cup-mansfield-town-vs-everton,90,0,0,0,1,0,0,0,0,0,0,1,6
295,Keane,1,7,2,90,0,0,0,1,25-26-prem-leeds-united-vs-everton,90,0,0,90,0,0,90,0,0,0,1,0,2,Defender,8,1,a,90,0,0,1,0,18,25-26-prem-everton-vs-brighton-hove-albion,90,0,0,180,0,0,0,1,1,1,a,90,0,0,0,2,15,25-26-efl-cup-mansfield-town-vs-everton,90,0,2,0,270,0,0,1,3,40,0,13,0
296,Patterson,1,0,0,0,0,0,0,0,#N/A,#N/A,#N/A,0,#N/A,#N/A,#N/A,0,0,0,0,0,0,2,Defender,0,3,i,0,0,0,0,0,0,#N/A,#N/A,#N/A,#N/A,0,0,0,0,0,0,3,i,0,0,0,0,0,0,#N/A,#N/A,#N/A,0,#N/A,0,0,0,0,0,0,0,0,0
297,Dixon,1,0,0,0,0,0,0,0,#N/A,#N/A,#N/A,0,#N/A,#N/A,#N/A,0,0,0,0,0,0,2,Defender,0,1,a,0,0,0,0,0,0,#N/A,#N/A,#N/A,#N/A,0,0,0,0,0,0,1,a,0,0,0,0,0,0,#N/A,#N/A,#N/A,0,#N/A,0,0,0,0,0,0,0,0,0
298,Welch,1,0,0,0,0,0,0,0,#N/A,#N/A,#N/A,0,#N/A,#N/A,#N/A,0,0,0,0,0,0,2,Defender,0,1,a,0,0,0,0,0,0,#N/A,#N/A,#N/A,#N/A,0,0,0,0,0,0,1,a,0,0,0,0,0,0,#N/A,#N/A,#N/A,0,#N/A,0,0,0,0,0,0,0,0,5
299,Ndiaye,1,9,2,90,0,0,0,1,25-26-prem-leeds-united-vs-everton,90,0,0,90,0,0,90,0,0,0,1,0,3,Midfielder,8,1,a,63,1,0,1,0,8,25-26-prem-everton-vs-brighton-hove-albion,64,1,0,153,1,1,0,1,1,1,a,90,1,0,0,2,8,25-26-efl-cup-mansfield-town-vs-everton,12,0,2,0,243,2,0,1,3,25,0,17,0
300,McNeil,1,0,0,0,0,0,0,0,#N/A,#N/A,#N/A,0,#N/A,#N/A,#N/A,0,0,0,0,0,0,3,Midfielder,1,1,a,19,0,0,0,0,0,25-26-prem-everton-vs-brighton-hove-albion,19,0,0,19,0,0,0,0,0,1,a,0,0,0,0,0,0,25-26-efl-cup-mansfield-town-vs-everton,78,0,0,0,19,0,0,0,0,0,0,1,0
301,Alcaraz,1,6,1,85,0,0,0,1,25-26-prem-leeds-united-vs-everton,86,0,0,86,0,0,85,0,0,0,1,0,3,Midfielder,1,1,a,26,0,0,0,0,4,25-26-prem-everton-vs-brighton-hove-albion,26,0,0,111,0,0,0,0,1,1,a,2,0,0,0,0,2,25-26-prem-wolverhampton-wanderers-vs-everton,2,0,0,0,113,0,0,0,1,12,0,3,3
302,Gana,1,5,2,90,0,0,0,1,25-26-prem-leeds-united-vs-everton,90,0,0,90,0,0,90,0,0,0,1,0,3,Midfielder,3,1,a,90,0,0,1,0,7,25-26-prem-everton-vs-brighton-hove-albion,90,0,0,180,0,0,0,1,1,1,a,75,0,0,0,1,9,25-26-prem-wolverhampton-wanderers-vs-everton,76,0,1,0,255,0,0,1,2,21,0,7,5
303,Garner,1,9,2,90,0,0,0,1,25-26-prem-leeds-united-vs-everton,90,0,0,90,0,0,90,0,0,0,1,0,3,Midfielder,10,1,a,90,1,0,1,0,16,25-26-prem-everton-vs-brighton-hove-albion,90,1,0,180,1,1,0,1,1,1,a,90,0,0,0,2,12,25-26-efl-cup-mansfield-town-vs-everton,90,0,2,0,270,1,0,1,3,37,0,16,2
304,Iroegbunam,1,9,2,70,0,0,1,0,25-26-prem-leeds-united-vs-everton,71,0,0,71,0,0,70,0,0,1,0,0,3,Midfielder,2,1,a,70,0,0,1,0,11,25-26-prem-everton-vs-brighton-hove-albion,71,0,0,140,0,0,0,2,0,1,a,14,0,0,0,1,2,25-26-efl-cup-mansfield-town-vs-everton,12,0,1,0,154,0,0,2,1,22,0,5,0
305,Armstrong,2,0,0,0,0,0,0,0,#N/A,#N/A,#N/A,0,#N/A,#N/A,#N/A,0,0,0,0,0,0,3,Midfielder,1,1,a,1,0,0,0,0,0,25-26-prem-everton-vs-brighton-hove-albion,1,0,0,1,0,0,0,0,0,1,a,0,0,0,0,0,0,25-26-efl-cup-mansfield-town-vs-everton,90,0,0,2,1,0,0,0,0,0,0,1,0
306,Bates,1,0,0,0,0,0,0,0,#N/A,#N/A,#N/A,0,#N/A,#N/A,#N/A,0,0,0,0,0,0,3,Midfielder,0,1,a,0,0,0,0,0,0,#N/A,#N/A,#N/A,#N/A,0,0,0,0,0,0,1,a,0,0,0,0,0,0,#N/A,#N/A,#N/A,0,#N/A,0,0,0,0,0,0,0,0,0
307,Ebere,1,0,0,0,0,0,0,0,#N/A,#N/A,#N/A,0,#N/A,#N/A,#N/A,0,0,0,0,0,0,3,Midfielder,0,1,a,0,0,0,0,0,0,#N/A,#N/A,#N/A,#N/A,0,0,0,0,0,0,1,a,0,0,0,0,0,0,#N/A,#N/A,#N/A,0,#N/A,0,0,0,0,0,0,0,0,0
308,Heath,2,0,0,0,0,0,0,0,#N/A,#N/A,#N/A,0,#N/A,#N/A,#N/A,0,0,0,0,0,0,3,Midfielder,0,1,a,0,0,0,0,0,0,#N/A,#N/A,#N/A,#N/A,0,0,0,0,0,0,1,a,0,0,0,0,0,0,#N/A,#N/A,#N/A,0,#N/A,0,0,0,0,0,0,0,0,0
309,Metcalfe,2,0,0,0,0,0,0,0,#N/A,#N/A,#N/A,0,#N/A,#N/A,#N/A,0,0,0,0,0,0,3,Midfielder,0,2,u,0,0,0,0,0,0,#N/A,#N/A,#N/A,#N/A,0,0,0,0,0,0,2,u,0,0,0,0,0,0,#N/A,#N/A,#N/A,0,#N/A,0,0,0,0,0,0,0,0,1
310,Barry,1,0,1,4,0,0,0,0,25-26-prem-leeds-united-vs-everton,4,0,0,4,0,0,4,0,0,0,0,0,4,Forward,2,1,a,63,0,0,1,0,0,25-26-prem-everton-vs-brighton-hove-albion,64,0,0,67,0,0,0,1,0,1,a,14,0,0,0,1,2,25-26-efl-cup-mansfield-town-vs-everton,61,0,1,0,81,0,0,1,1,2,0,4,2
311,Beto,1,5,2,90,0,0,0,1,25-26-prem-leeds-united-vs-everton,90,0,0,90,0,0,90,0,0,0,1,0,4,Forward,0,1,a,26,0,0,0,0,0,25-26-prem-everton-vs-brighton-hove-albion,26,0,0,116,0,0,0,0,1,1,a,75,1,0,0,1,1,25-26-efl-cup-mansfield-town-vs-everton,29,1,1,0,191,1,0,0,2,6,0,9,0
312,Y.Chermiti,2,0,0,0,0,0,0,0,#N/A,#N/A,#N/A,0,#N/A,#N/A,#N/A,0,0,0,0,0,0,4,Forward,0,1,a,0,0,0,0,0,0,#N/A,#N/A,#N/A,#N/A,0,0,0,0,0,0,1,a,0,0,0,0,0,0,#N/A,#N/A,#N/A,0,#N/A,0,0,0,0,0,0,0,0,0
313,Sherif,2,0,0,0,0,0,0,0,#N/A,#N/A,#N/A,0,#N/A,#N/A,#N/A,0,0,0,0,0,0,4,Forward,0,1,a,0,0,0,0,0,0,#N/A,#N/A,#N/A,#N/A,0,0,0,0,0,0,1,a,0,0,0,0,0,0,#N/A,#N/A,#N/A,0,#N/A,0,0,0,0,0,0,0,0,2
419,Grealish,1,2,1,19,0,0,0,1,25-26-prem-leeds-united-vs-everton,19,0,0,19,0,0,19,0,0,0,1,0,3,Midfielder,11,1,a,90,0,2,1,0,11,25-26-prem-everton-vs-brighton-hove-albion,89,0,2,109,0,0,2,1,1,1,a,87,0,2,0,2,11,25-26-prem-wolverhampton-wanderers-vs-everton,88,0,2,2,196,0,4,1,3,24,0,22,0
630,King,1,0,0,0,0,0,0,0,#N/A,#N/A,#N/A,0,#N/A,#N/A,#N/A,0,0,0,0,0,0,1,Goalkeeper,0,1,a,0,0,0,0,0,0,#N/A,#N/A,#N/A,#N/A,0,0,0,0,0,0,1,a,0,0,0,0,0,0,#N/A,#N/A,#N/A,0,#N/A,0,0,0,0,0,0,0,0,0
667,Aznou,1,0,0,0,0,0,0,0,#N/A,#N/A,#N/A,0,#N/A,#N/A,#N/A,0,0,0,0,0,0,2,Defender,0,1,a,0,0,0,0,0,0,#N/A,#N/A,#N/A,#N/A,0,0,0,0,0,0,4,d,0,0,0,0,0,0,#N/A,#N/A,#N/A,0,#N/A,0,0,0,0,0,0,0,0,0
704,Onyango,2,0,0,0,0,0,0,0,#N/A,#N/A,#N/A,0,#N/A,#N/A,#N/A,0,0,0,0,0,0,3,Midfielder,0,1,a,0,0,0,0,0,0,#N/A,#N/A,#N/A,#N/A,0,0,0,0,0,0,1,a,0,0,0,0,0,0,#N/A,#N/A,#N/A,0,#N/A,0,0,0,0,0,0,0,0,0
705,Campbell,1,0,0,0,0,0,0,0,#N/A,#N/A,#N/A,0,#N/A,#N/A,#N/A,0,0,0,0,0,0,2,Defender,0,1,a,0,0,0,0,0,0,#N/A,#N/A,#N/A,#N/A,0,0,0,0,0,0,1,a,0,0,0,0,0,0,#N/A,#N/A,#N/A,0,#N/A,0,0,0,0,0,0,0,0,0
707,Dibling,1,0,0,0,0,0,0,0,#N/A,#N/A,#N/A,0,#N/A,#N/A,#N/A,0,0,0,0,0,0,3,Midfielder,0,1,a,0,0,0,0,0,0,#N/A,#N/A,#N/A,#N/A,0,0,0,0,0,0,1,a,0,0,0,0,0,0,#N/A,#N/A,#N/A,0,#N/A,0,0,0,0,0,0,0,0,1
728,Röhl,3,0,0,0,0,0,0,0,#N/A,#N/A,#N/A,0,#N/A,#N/A,#N/A,0,0,0,0,0,0,3,Midfielder,0,1,a,0,0,0,0,0,0,#N/A,#N/A,#N/A,#N/A,0,0,0,0,0,0,1,a,0,0,0,0,0,0,#N/A,#N/A,#N/A,0,#N/A,0,0,0,0,0,0,0,0,8
314,Leno,1,0,3,90,0,0,0,1,25-26-prem-brighton-hove-albion-vs-fulham,90,0,0,90,0,0,90,0,0,0,1,3,1,Goalkeeper,3,1,a,90,0,0,0,1,20,25-26-prem-fulham-vs-manchester-united,90,0,0,180,0,0,0,0,2,1,a,90,0,0,0,2,14,25-26-prem-chelsea-vs-fulham,90,0,2,0,270,0,0,0,4,34,10,8,0
315,Benda,2,0,0,0,0,0,0,0,#N/A,#N/A,#N/A,0,#N/A,#N/A,#N/A,0,0,0,0,0,0,1,Goalkeeper,0,2,u,0,0,0,0,0,0,#N/A,#N/A,#N/A,#N/A,0,0,0,0,0,0,2,u,0,0,0,0,0,0,#N/A,#N/A,#N/A,0,#N/A,0,0,0,0,0,0,0,0,0
316,Robinson,4,0,0,0,0,0,0,0,#N/A,#N/A,#N/A,0,#N/A,#N/A,#N/A,0,0,0,0,0,0,2,Defender,1,1,a,28,0,0,0,0,1,25-26-prem-fulham-vs-manchester-united,28,0,0,28,0,0,0,0,0,1,a,23,0,0,0,0,2,25-26-prem-chelsea-vs-fulham,23,0,0,0,51,0,0,0,0,3,0,2,10
317,Andersen,1,8,2,90,0,0,0,1,25-26-prem-brighton-hove-albion-vs-fulham,90,0,0,90,0,0,90,0,0,0,1,0,2,Defender,4,1,a,90,0,0,0,1,14,25-26-prem-fulham-vs-manchester-united,90,0,0,180,0,0,0,0,2,1,a,90,0,0,0,2,14,25-26-prem-chelsea-vs-fulham,90,0,2,0,270,0,0,0,4,36,0,9,9
318,Bassey,1,4,1,90,0,0,0,1,25-26-prem-brighton-hove-albion-vs-fulham,90,0,0,90,0,0,90,0,0,0,1,0,2,Defender,2,1,a,90,0,0,0,1,15,25-26-efl-cup-bristol-city-vs-fulham,26,0,0,180,0,0,0,0,2,1,a,90,0,0,0,2,8,25-26-prem-chelsea-vs-fulham,90,0,2,0,270,0,0,0,4,27,0,4,0
319,Castagne,1,0,1,6,0,0,0,0,25-26-prem-brighton-hove-albion-vs-fulham,6,0,0,6,0,0,6,0,0,0,0,0,2,Defender,2,1,a,61,0,0,0,1,3,25-26-efl-cup-bristol-city-vs-fulham,70,0,0,67,0,0,0,0,1,1,a,59,0,0,0,2,6,25-26-prem-chelsea-vs-fulham,60,0,2,0,126,0,0,0,3,9,0,3,0
320,Diop,1,0,0,0,0,0,0,0,#N/A,#N/A,#N/A,0,#N/A,#N/A,#N/A,0,0,0,0,0,0,2,Defender,0,1,a,0,0,0,0,0,0,25-26-efl-cup-bristol-city-vs-fulham,90,0,0,0,0,0,0,0,0,1,a,0,0,0,0,0,0,#N/A,#N/A,#N/A,0,#N/A,0,0,0,0,0,0,0,0,0
321,J.Cuenca,1,3,2,83,0,0,0,1,25-26-prem-brighton-hove-albion-vs-fulham,84,0,0,84,0,0,83,0,0,0,1,0,2,Defender,0,1,a,0,0,0,0,0,4,25-26-efl-cup-bristol-city-vs-fulham,90,0,0,83,0,0,0,0,1,1,a,0,0,0,0,0,0,#N/A,#N/A,#N/A,0,#N/A,83,0,0,0,1,7,0,2,6
322,Tete,1,7,2,90,0,0,0,1,25-26-prem-brighton-hove-albion-vs-fulham,90,0,0,90,0,0,90,0,0,0,1,0,2,Defender,2,1,a,90,0,0,0,1,12,25-26-prem-fulham-vs-manchester-united,90,0,0,180,0,0,0,0,2,1,a,90,0,0,0,2,13,25-26-prem-chelsea-vs-fulham,90,0,2,0,270,0,0,0,4,32,0,7,0
323,Amissah,1,0,0,0,0,0,0,0,#N/A,#N/A,#N/A,0,#N/A,#N/A,#N/A,0,0,0,0,0,0,2,Defender,0,1,a,0,0,0,0,0,0,#N/A,#N/A,#N/A,#N/A,0,0,0,0,0,0,1,a,0,0,0,0,0,0,#N/A,#N/A,#N/A,0,#N/A,0,0,0,0,0,0,0,0,3
324,Iwobi,1,2,2,65,0,0,0,1,25-26-prem-brighton-hove-albion-vs-fulham,66,0,0,66,0,0,65,0,0,0,1,0,3,Midfielder,7,1,a,90,0,1,0,1,4,25-26-efl-cup-bristol-city-vs-fulham,26,0,0,155,0,0,1,0,2,1,a,83,0,0,0,2,9,25-26-prem-chelsea-vs-fulham,84,0,2,0,238,0,1,0,4,15,0,10,1
325,Smith Rowe,1,0,1,13,0,0,0,0,25-26-prem-brighton-hove-albion-vs-fulham,13,0,0,13,0,0,13,0,0,0,0,0,3,Midfielder,6,1,a,19,1,0,0,0,0,25-26-efl-cup-bristol-city-vs-fulham,87,0,0,32,1,1,0,0,0,1,a,23,0,0,0,0,0,25-26-prem-chelsea-vs-fulham,23,0,0,0,55,1,0,0,0,0,0,8,1
326,Adama,1,0,1,24,0,0,0,0,25-26-prem-brighton-hove-albion-vs-fulham,24,0,0,24,0,0,24,0,0,0,0,0,3,Midfielder,0,1,a,0,0,0,0,0,0,25-26-efl-cup-bristol-city-vs-fulham,90,0,0,24,0,0,0,0,0,1,a,6,0,0,0,0,1,25-26-prem-chelsea-vs-fulham,6,0,0,0,30,0,0,0,0,1,0,2,0
327,Andreas,2,0,0,0,0,0,0,0,#N/A,#N/A,#N/A,0,#N/A,#N/A,#N/A,0,0,0,0,0,0,3,Midfielder,0,1,a,0,0,0,0,0,0,#N/A,#N/A,#N/A,#N/A,0,0,0,0,0,0,1,a,0,0,0,0,0,0,#N/A,#N/A,#N/A,0,#N/A,0,0,0,0,0,0,0,0,3
328,Sessegnon,3,0,0,0,0,0,0,0,#N/A,#N/A,#N/A,0,#N/A,#N/A,#N/A,0,0,0,0,0,0,3,Midfielder,2,1,a,61,0,0,0,1,5,25-26-efl-cup-bristol-city-vs-fulham,64,0,0,61,0,0,0,0,1,1,a,66,0,0,0,2,10,25-26-prem-chelsea-vs-fulham,67,0,2,0,127,0,0,0,3,15,0,4,1
329,Wilson,1,6,5,90,0,1,0,1,25-26-prem-brighton-hove-albion-vs-fulham,90,0,1,90,0,0,90,0,1,0,1,0,3,Midfielder,1,1,a,28,0,0,0,0,1,25-26-efl-cup-bristol-city-vs-fulham,64,0,0,118,0,0,1,0,1,1,a,30,0,0,0,0,1,25-26-prem-chelsea-vs-fulham,30,0,0,0,148,0,1,0,1,8,0,7,4
330,Berge,1,2,2,65,0,0,0,1,25-26-prem-brighton-hove-albion-vs-fulham,66,0,0,66,0,0,65,0,0,0,1,0,3,Midfielder,2,1,a,90,0,0,0,1,3,25-26-prem-fulham-vs-manchester-united,90,0,0,155,0,0,0,0,2,1,a,90,0,0,0,2,11,25-26-prem-chelsea-vs-fulham,90,0,2,0,245,0,0,0,4,16,0,6,1
331,Cairney,1,2,0,24,0,0,0,0,25-26-prem-brighton-hove-albion-vs-fulham,24,0,0,24,0,0,24,0,0,0,0,0,3,Midfielder,0,1,a,0,0,0,0,0,0,25-26-efl-cup-bristol-city-vs-fulham,90,0,0,24,0,0,0,0,0,1,a,0,0,0,0,0,0,#N/A,#N/A,#N/A,0,#N/A,24,0,0,0,0,2,0,0,6
332,Lukić,1,3,2,90,0,0,0,1,25-26-prem-brighton-hove-albion-vs-fulham,90,0,0,90,0,0,90,0,0,0,1,0,3,Midfielder,3,1,a,90,0,0,0,1,12,25-26-efl-cup-bristol-city-vs-fulham,3,0,0,180,0,0,0,0,2,1,a,90,0,0,0,2,10,25-26-prem-chelsea-vs-fulham,90,0,2,0,270,0,0,0,4,25,0,6,0
333,Godo,2,0,0,0,0,0,0,0,#N/A,#N/A,#N/A,0,#N/A,#N/A,#N/A,0,0,0,0,0,0,3,Midfielder,0,1,a,0,0,0,0,0,0,#N/A,#N/A,#N/A,#N/A,0,0,0,0,0,0,1,a,0,0,0,0,0,0,#N/A,#N/A,#N/A,0,#N/A,0,0,0,0,0,0,0,0,0
334,Harris,2,0,0,0,0,0,0,0,#N/A,#N/A,#N/A,0,#N/A,#N/A,#N/A,0,0,0,0,0,0,3,Midfielder,0,2,u,0,0,0,0,0,0,#N/A,#N/A,#N/A,#N/A,0,0,0,0,0,0,2,u,0,0,0,0,0,0,#N/A,#N/A,#N/A,0,#N/A,0,0,0,0,0,0,0,0,1
335,King,1,9,2,76,0,0,0,1,25-26-prem-brighton-hove-albion-vs-fulham,77,0,0,77,0,0,76,0,0,0,1,0,3,Midfielder,2,1,a,70,0,0,0,1,2,25-26-efl-cup-bristol-city-vs-fulham,20,0,0,146,0,0,0,0,2,1,a,66,0,0,0,2,5,25-26-prem-chelsea-vs-fulham,67,0,2,0,212,0,0,0,4,16,0,6,0
336,Reed,1,0,0,0,0,0,0,0,#N/A,#N/A,#N/A,0,#N/A,#N/A,#N/A,0,0,0,0,0,0,3,Midfielder,0,1,a,0,0,0,0,0,0,25-26-efl-cup-bristol-city-vs-fulham,90,0,1,0,0,0,0,0,0,1,a,0,0,0,0,0,0,#N/A,#N/A,#N/A,0,#N/A,0,0,0,0,0,0,0,0,1
337,Raúl,1,0,2,65,0,0,0,1,25-26-prem-brighton-hove-albion-vs-fulham,66,0,0,66,0,0,65,0,0,0,1,0,4,Forward,1,1,a,19,0,0,0,0,2,25-26-efl-cup-bristol-city-vs-fulham,69,1,0,84,0,0,0,0,1,1,a,31,0,0,0,0,2,25-26-prem-chelsea-vs-fulham,31,0,0,0,115,0,0,0,1,4,0,4,2
338,Muniz,3,0,7,24,1,0,0,0,25-26-prem-brighton-hove-albion-vs-fulham,24,1,0,24,1,0,24,1,0,0,0,0,4,Forward,0,1,a,70,0,0,0,1,6,25-26-efl-cup-bristol-city-vs-fulham,21,0,0,94,1,1,0,0,1,1,a,58,0,0,0,2,1,25-26-prem-chelsea-vs-fulham,59,0,2,0,152,1,0,0,3,7,0,8,0
664,Lecomte,1,0,0,0,0,0,0,0,#N/A,#N/A,#N/A,0,#N/A,#N/A,#N/A,0,0,0,0,0,0,1,Goalkeeper,0,1,a,0,0,0,0,0,0,#N/A,#N/A,#N/A,#N/A,0,0,0,0,0,0,1,a,0,0,0,0,0,0,#N/A,#N/A,#N/A,0,#N/A,0,0,0,0,0,0,0,0,0
727,Chukwueze,1,0,0,0,0,0,0,0,#N/A,#N/A,#N/A,0,#N/A,#N/A,#N/A,0,0,0,0,0,0,3,Midfielder,0,1,a,0,0,0,0,0,0,#N/A,#N/A,#N/A,#N/A,0,0,0,0,0,0,1,a,0,0,0,0,0,0,#N/A,#N/A,#N/A,0,#N/A,0,0,0,0,0,0,0,0,1
731,Kevin,1,0,0,0,0,0,0,0,#N/A,#N/A,#N/A,0,#N/A,#N/A,#N/A,0,0,0,0,0,0,3,Midfielder,0,1,a,0,0,0,0,0,0,#N/A,#N/A,#N/A,#N/A,0,0,0,0,0,0,1,a,0,0,0,0,0,0,#N/A,#N/A,#N/A,0,#N/A,0,0,0,0,0,0,0,0,0
737,Kusi-Asare,1,0,0,0,0,0,0,0,#N/A,#N/A,#N/A,0,#N/A,#N/A,#N/A,0,0,0,0,0,0,4,Forward,0,1,a,0,0,0,0,0,0,#N/A,#N/A,#N/A,#N/A,0,0,0,0,0,0,1,a,0,0,0,0,0,0,#N/A,#N/A,#N/A,0,#N/A,0,0,0,0,0,0,0,0,0
339,Meslier,1,0,0,0,0,0,0,0,#N/A,#N/A,#N/A,0,#N/A,#N/A,#N/A,0,0,0,0,0,0,1,Goalkeeper,0,1,a,0,0,0,0,0,0,#N/A,#N/A,#N/A,#N/A,0,0,0,0,0,0,1,a,0,0,0,0,0,0,#N/A,#N/A,#N/A,0,#N/A,0,0,0,0,0,0,0,0,3
340,Cairns,1,0,0,0,0,0,0,0,#N/A,#N/A,#N/A,0,#N/A,#N/A,#N/A,0,0,0,0,0,0,1,Goalkeeper,0,1,a,0,0,0,0,0,0,#N/A,#N/A,#N/A,#N/A,0,0,0,0,0,0,1,a,0,0,0,0,0,0,#N/A,#N/A,#N/A,0,#N/A,0,0,0,0,0,0,0,0,2
341,Darlow,1,0,0,0,0,0,0,0,#N/A,#N/A,#N/A,0,#N/A,#N/A,#N/A,0,0,0,0,0,0,1,Goalkeeper,0,1,a,0,0,0,0,0,0,#N/A,#N/A,#N/A,#N/A,0,0,0,0,0,0,1,a,0,0,0,0,0,0,25-26-efl-cup-leeds-united-vs-sheffield-wednesday,90,0,0,0,0,0,0,0,0,0,0,0,2
342,Bogle,1,5,6,90,0,0,1,0,25-26-prem-leeds-united-vs-everton,90,0,0,90,0,0,90,0,0,1,0,0,2,Defender,5,1,a,82,0,0,0,4,12,25-26-prem-arsenal-vs-leeds-united,83,0,0,172,0,0,0,1,4,1,a,90,0,0,1,0,16,25-26-prem-leeds-united-vs-newcastle-united,90,0,0,0,262,0,0,2,4,33,0,11,0
343,Struijk,1,8,8,90,0,0,1,0,25-26-prem-leeds-united-vs-everton,90,0,0,90,0,0,90,0,0,1,0,0,2,Defender,0,1,a,90,0,0,0,5,14,25-26-prem-arsenal-vs-leeds-united,90,0,0,180,0,0,0,1,5,1,a,90,0,0,1,0,7,25-26-prem-leeds-united-vs-newcastle-united,90,0,0,0,270,0,0,2,5,29,0,14,0
344,Bijol,1,0,0,0,0,0,0,0,#N/A,#N/A,#N/A,0,#N/A,#N/A,#N/A,0,0,0,0,0,0,2,Defender,0,1,a,0,0,0,0,0,0,#N/A,#N/A,#N/A,#N/A,0,0,0,0,0,0,1,a,0,0,0,0,0,0,25-26-efl-cup-leeds-united-vs-sheffield-wednesday,90,0,0,0,0,0,0,0,0,0,0,0,0
345,Bornauw,1,0,0,0,0,0,0,0,#N/A,#N/A,#N/A,0,#N/A,#N/A,#N/A,0,0,0,0,0,0,2,Defender,0,1,a,0,0,0,0,0,0,#N/A,#N/A,#N/A,#N/A,0,0,0,0,0,0,1,a,0,0,0,0,0,0,25-26-efl-cup-leeds-united-vs-sheffield-wednesday,90,0,0,0,0,0,0,0,0,0,0,0,0
346,Byram,1,0,0,0,0,0,0,0,#N/A,#N/A,#N/A,0,#N/A,#N/A,#N/A,0,0,0,0,0,0,2,Defender,1,1,a,7,0,0,0,1,0,25-26-prem-arsenal-vs-leeds-united,7,0,0,7,0,0,0,0,1,1,a,0,0,0,0,0,0,25-26-efl-cup-leeds-united-vs-sheffield-wednesday,71,0,0,0,7,0,0,0,1,0,0,1,4
347,Gudmundsson,1,8,9,90,0,0,1,0,25-26-prem-leeds-united-vs-everton,90,0,0,90,0,0,90,0,0,1,0,0,2,Defender,8,1,a,90,0,0,0,5,15,25-26-prem-arsenal-vs-leeds-united,90,0,0,180,0,0,0,1,5,4,d,79,0,0,1,0,7,25-26-prem-leeds-united-vs-newcastle-united,80,0,0,0,259,0,0,2,5,30,0,17,0
348,Rodon,1,7,7,90,0,0,1,0,25-26-prem-leeds-united-vs-everton,90,0,0,90,0,0,90,0,0,1,0,0,2,Defender,2,1,a,90,0,0,0,5,18,25-26-prem-arsenal-vs-leeds-united,90,0,0,180,0,0,0,1,5,1,a,90,0,0,1,0,10,25-26-prem-leeds-united-vs-newcastle-united,90,0,0,0,270,0,0,2,5,35,0,16,5
349,Schmidt,2,0,0,0,0,0,0,0,#N/A,#N/A,#N/A,0,#N/A,#N/A,#N/A,0,0,0,0,0,0,2,Defender,0,1,a,0,0,0,0,0,0,#N/A,#N/A,#N/A,#N/A,0,0,0,0,0,0,1,a,0,0,0,0,0,0,#N/A,#N/A,#N/A,0,#N/A,0,0,0,0,0,0,0,0,1
350,Aaronson,1,2,1,23,0,0,0,0,25-26-prem-leeds-united-vs-everton,23,0,0,23,0,0,23,0,0,0,0,0,3,Midfielder,1,1,a,24,0,0,0,1,3,25-26-prem-arsenal-vs-leeds-united,24,0,0,47,0,0,0,0,1,1,a,30,0,0,0,0,1,25-26-prem-leeds-united-vs-newcastle-united,30,0,0,0,77,0,0,0,1,6,0,3,1
351,Gnonto,1,7,3,66,0,0,1,0,25-26-prem-leeds-united-vs-everton,67,0,0,67,0,0,66,0,0,1,0,0,3,Midfielder,2,1,a,65,0,0,0,4,6,25-26-prem-arsenal-vs-leeds-united,66,0,0,131,0,0,0,1,4,1,a,59,0,0,0,0,3,25-26-prem-leeds-united-vs-newcastle-united,60,0,0,0,190,0,0,1,4,16,0,5,1
352,Harrison,1,1,1,12,0,0,0,0,25-26-prem-leeds-united-vs-everton,12,0,0,12,0,0,12,0,0,0,0,0,3,Midfielder,0,1,a,0,0,0,0,0,0,#N/A,#N/A,#N/A,#N/A,12,0,0,0,0,0,1,a,30,0,0,0,0,6,25-26-prem-leeds-united-vs-newcastle-united,30,0,0,0,42,0,0,0,0,7,0,2,4
353,James,3,2,3,77,0,0,1,0,25-26-prem-leeds-united-vs-everton,78,0,0,78,0,0,77,0,0,1,0,0,3,Midfielder,2,1,a,65,0,0,0,4,4,25-26-prem-arsenal-vs-leeds-united,66,0,0,142,0,0,0,1,4,1,a,59,0,0,0,0,3,25-26-prem-leeds-united-vs-newcastle-united,60,0,0,0,201,0,0,1,4,9,0,6,0
354,Ampadu,1,8,3,77,0,0,1,0,25-26-prem-leeds-united-vs-everton,78,0,0,78,0,0,77,0,0,1,0,0,3,Midfielder,0,3,i,0,0,0,0,0,0,#N/A,#N/A,#N/A,#N/A,77,0,0,0,1,0,3,i,0,0,0,0,0,0,#N/A,#N/A,#N/A,0,#N/A,77,0,0,1,0,8,0,3,0
355,Greenwood,2,0,0,0,0,0,0,0,#N/A,#N/A,#N/A,0,#N/A,#N/A,#N/A,0,0,0,0,0,0,3,Midfielder,0,1,a,0,0,0,0,0,0,#N/A,#N/A,#N/A,#N/A,0,0,0,0,0,0,1,a,0,0,0,0,0,0,#N/A,#N/A,#N/A,0,#N/A,0,0,0,0,0,0,0,0,0
356,Gruev,1,1,1,12,0,0,0,0,25-26-prem-leeds-united-vs-everton,12,0,0,12,0,0,12,0,0,0,0,0,3,Midfielder,2,1,a,90,0,0,0,5,6,25-26-prem-arsenal-vs-leeds-united,90,0,0,102,0,0,0,0,5,1,a,90,0,0,1,0,8,25-26-prem-leeds-united-vs-newcastle-united,90,0,0,0,192,0,0,1,5,15,0,6,0
357,Ramazani,2,0,0,0,0,0,0,0,#N/A,#N/A,#N/A,0,#N/A,#N/A,#N/A,0,0,0,0,0,0,3,Midfielder,0,1,a,0,0,0,0,0,0,#N/A,#N/A,#N/A,#N/A,0,0,0,0,0,0,1,a,0,0,0,0,0,0,#N/A,#N/A,#N/A,0,#N/A,0,0,0,0,0,0,0,0,0
358,Tanaka,1,7,3,90,0,0,1,0,25-26-prem-leeds-united-vs-everton,89,0,0,89,0,0,90,0,0,1,0,0,3,Midfielder,1,4,d,57,0,0,0,4,2,25-26-prem-arsenal-vs-leeds-united,58,0,0,147,0,0,0,1,4,3,i,0,0,0,0,0,0,#N/A,#N/A,#N/A,0,#N/A,147,0,0,1,4,9,0,4,0
359,Crew,2,0,0,0,0,0,0,0,#N/A,#N/A,#N/A,0,#N/A,#N/A,#N/A,0,0,0,0,0,0,3,Midfielder,0,2,u,0,0,0,0,0,0,#N/A,#N/A,#N/A,#N/A,0,0,0,0,0,0,2,u,0,0,0,0,0,0,#N/A,#N/A,#N/A,0,#N/A,0,0,0,0,0,0,0,0,0
360,Gelhardt,2,0,0,0,0,0,0,0,#N/A,#N/A,#N/A,0,#N/A,#N/A,#N/A,0,0,0,0,0,0,3,Midfielder,0,2,u,0,0,0,0,0,0,#N/A,#N/A,#N/A,#N/A,0,0,0,0,0,0,2,u,0,0,0,0,0,0,#N/A,#N/A,#N/A,0,#N/A,0,0,0,0,0,0,0,0,0
361,Gyabi,2,0,0,0,0,0,0,0,#N/A,#N/A,#N/A,0,#N/A,#N/A,#N/A,0,0,0,0,0,0,3,Midfielder,0,1,a,0,0,0,0,0,0,#N/A,#N/A,#N/A,#N/A,0,0,0,0,0,0,1,a,0,0,0,0,0,0,#N/A,#N/A,#N/A,0,#N/A,0,0,0,0,0,0,0,0,0
362,Piroe,1,4,2,77,0,0,1,0,25-26-prem-leeds-united-vs-everton,78,0,0,78,0,0,77,0,0,1,0,0,4,Forward,1,1,a,57,0,0,0,4,1,25-26-prem-arsenal-vs-leeds-united,58,0,0,134,0,0,0,1,4,1,a,0,0,0,0,0,0,25-26-efl-cup-leeds-united-vs-sheffield-wednesday,90,0,0,0,134,0,0,1,4,5,0,3,0
363,Bamford,2,0,0,0,0,0,0,0,#N/A,#N/A,#N/A,0,#N/A,#N/A,#N/A,0,0,0,0,0,0,4,Forward,0,1,a,0,0,0,0,0,0,#N/A,#N/A,#N/A,#N/A,0,0,0,0,0,0,1,a,0,0,0,0,0,0,#N/A,#N/A,#N/A,0,#N/A,0,0,0,0,0,0,0,0,1
364,Mateo Joseph,2,0,0,0,0,0,0,0,#N/A,#N/A,#N/A,0,#N/A,#N/A,#N/A,0,0,0,0,0,0,4,Forward,0,2,u,0,0,0,0,0,0,#N/A,#N/A,#N/A,#N/A,0,0,0,0,0,0,2,u,0,0,0,0,0,0,#N/A,#N/A,#N/A,0,#N/A,0,0,0,0,0,0,0,0,2
365,Nmecha,3,3,5,12,1,0,0,0,25-26-prem-leeds-united-vs-everton,12,1,0,12,1,0,12,1,0,0,0,0,4,Forward,1,1,a,32,0,0,0,1,0,25-26-prem-arsenal-vs-leeds-united,32,0,0,44,1,1,0,0,1,1,a,69,0,0,1,0,9,25-26-prem-leeds-united-vs-newcastle-united,70,0,0,0,113,1,0,1,1,12,0,8,1
493,Longstaff,3,0,1,1,0,0,0,0,25-26-prem-leeds-united-vs-everton,1,0,0,1,0,0,1,0,0,0,0,0,3,Midfielder,1,1,a,32,0,0,0,1,2,25-26-prem-arsenal-vs-leeds-united,32,0,0,33,0,0,0,0,1,1,a,90,0,0,1,0,13,25-26-prem-leeds-united-vs-newcastle-united,90,0,0,0,123,0,0,1,1,15,0,7,0
660,Stach,1,13,8,90,0,1,1,0,25-26-prem-leeds-united-vs-everton,90,0,1,90,0,0,90,0,1,1,0,0,3,Midfielder,2,1,a,90,0,0,0,5,4,25-26-prem-arsenal-vs-leeds-united,90,0,0,180,0,0,1,1,5,1,a,90,0,0,1,0,6,25-26-prem-leeds-united-vs-newcastle-united,90,0,0,0,270,0,1,2,5,23,0,13,2
665,Perri,1,0,6,90,0,0,1,0,25-26-prem-leeds-united-vs-everton,90,0,0,90,0,0,90,0,0,1,0,1,1,Goalkeeper,0,1,a,90,0,0,0,5,14,25-26-prem-arsenal-vs-leeds-united,90,0,0,180,0,0,0,1,5,1,a,90,0,0,1,0,9,25-26-prem-leeds-united-vs-newcastle-united,90,0,0,0,270,0,0,2,5,23,3,12,2
691,Calvert-Lewin,1,0,0,0,0,0,0,0,#N/A,#N/A,#N/A,0,#N/A,#N/A,#N/A,0,0,0,0,0,0,4,Forward,0,4,d,0,0,0,0,0,0,#N/A,#N/A,#N/A,#N/A,0,0,0,0,0,0,1,a,20,0,0,0,0,2,25-26-prem-leeds-united-vs-newcastle-united,20,0,0,0,20,0,0,0,0,2,0,1,0
698,Okafor,1,0,0,0,0,0,0,0,#N/A,#N/A,#N/A,0,#N/A,#N/A,#N/A,0,0,0,0,0,0,3,Midfielder,1,1,a,24,0,0,0,1,4,25-26-prem-arsenal-vs-leeds-united,24,0,0,24,0,0,0,0,1,1,a,0,0,0,0,0,0,25-26-efl-cup-leeds-united-vs-sheffield-wednesday,84,0,0,0,24,0,0,0,1,4,0,1,0
706,Justin,1,0,0,0,0,0,0,0,#N/A,#N/A,#N/A,0,#N/A,#N/A,#N/A,0,0,0,0,0,0,2,Defender,0,1,a,0,0,0,0,0,0,#N/A,#N/A,#N/A,#N/A,0,0,0,0,0,0,1,a,10,0,0,0,0,0,25-26-prem-leeds-united-vs-newcastle-united,10,0,0,0,10,0,0,0,0,0,0,1,6
741,Gray,1,0,0,0,0,0,0,0,#N/A,#N/A,#N/A,0,#N/A,#N/A,#N/A,0,0,0,0,0,0,4,Forward,0,1,a,0,0,0,0,0,0,#N/A,#N/A,#N/A,#N/A,0,0,0,0,0,0,1,a,0,0,0,0,0,0,#N/A,#N/A,#N/A,0,#N/A,0,0,0,0,0,0,0,0,0
366,A.Becker,1,0,1,90,0,0,0,2,25-26-prem-liverpool-vs-afc-bournemouth,90,0,0,90,0,0,90,0,0,0,2,1,1,Goalkeeper,1,1,a,90,0,0,0,2,24,25-26-prem-newcastle-united-vs-liverpool,90,0,0,180,0,0,0,0,4,1,a,90,0,0,1,0,11,25-26-prem-liverpool-vs-arsenal,90,0,0,0,270,0,0,1,4,35,3,10,0
367,Mamardashvili,1,0,0,0,0,0,0,0,#N/A,#N/A,#N/A,0,#N/A,#N/A,#N/A,0,0,0,0,0,0,1,Goalkeeper,0,1,a,0,0,0,0,0,0,#N/A,#N/A,#N/A,#N/A,0,0,0,0,0,0,1,a,0,0,0,0,0,0,#N/A,#N/A,#N/A,0,#N/A,0,0,0,0,0,0,0,0,0
368,Pécsi,1,0,0,0,0,0,0,0,#N/A,#N/A,#N/A,0,#N/A,#N/A,#N/A,0,0,0,0,0,0,1,Goalkeeper,0,1,a,0,0,0,0,0,0,#N/A,#N/A,#N/A,#N/A,0,0,0,0,0,0,1,a,0,0,0,0,0,0,#N/A,#N/A,#N/A,0,#N/A,0,0,0,0,0,0,0,0,4
369,Woodman,1,0,0,0,0,0,0,0,#N/A,#N/A,#N/A,0,#N/A,#N/A,#N/A,0,0,0,0,0,0,1,Goalkeeper,0,1,a,0,0,0,0,0,0,#N/A,#N/A,#N/A,#N/A,0,0,0,0,0,0,1,a,0,0,0,0,0,0,#N/A,#N/A,#N/A,0,#N/A,0,0,0,0,0,0,0,0,0
370,Frimpong,3,4,1,59,0,0,0,0,25-26-prem-liverpool-vs-afc-bournemouth,60,0,0,60,0,0,59,0,0,0,0,0,2,Defender,0,3,i,0,0,0,0,0,1,#N/A,#N/A,#N/A,#N/A,59,0,0,0,0,0,3,i,0,0,0,0,0,0,#N/A,#N/A,#N/A,0,#N/A,59,0,0,0,0,5,0,1,1
371,Kerkez,1,6,0,59,0,0,0,0,25-26-prem-liverpool-vs-afc-bournemouth,60,0,0,60,0,0,59,0,0,0,0,0,2,Defender,1,1,a,90,0,0,0,2,18,25-26-prem-newcastle-united-vs-liverpool,90,0,0,149,0,0,0,0,2,1,a,90,0,0,1,0,11,25-26-prem-liverpool-vs-arsenal,90,0,0,0,239,0,0,1,2,35,0,7,8
372,Robertson,1,2,0,30,0,0,0,2,25-26-prem-liverpool-vs-afc-bournemouth,30,0,0,30,0,0,30,0,0,0,2,0,2,Defender,0,1,a,0,0,0,0,0,0,#N/A,#N/A,#N/A,#N/A,30,0,0,0,0,2,1,a,0,0,0,0,0,0,#N/A,#N/A,#N/A,0,#N/A,30,0,0,0,2,2,0,0,9
373,Virgil,1,21,3,90,0,0,0,2,25-26-prem-liverpool-vs-afc-bournemouth,90,0,0,90,0,0,90,0,0,0,2,0,2,Defender,3,1,a,90,0,0,0,2,20,25-26-prem-newcastle-united-vs-liverpool,90,0,0,180,0,0,0,0,4,1,a,90,0,0,1,0,10,25-26-prem-liverpool-vs-arsenal,90,0,0,0,270,0,0,1,4,51,0,14,0
374,Konaté,1,7,1,90,0,0,0,2,25-26-prem-liverpool-vs-afc-bournemouth,90,0,0,90,0,0,90,0,0,0,2,0,2,Defender,0,1,a,90,0,0,0,2,12,25-26-prem-newcastle-united-vs-liverpool,90,0,0,180,0,0,0,0,4,1,a,78,0,0,1,0,7,25-26-prem-liverpool-vs-arsenal,79,0,0,0,258,0,0,1,4,26,0,7,0
375,Bradley,5,0,0,0,0,0,0,0,#N/A,#N/A,#N/A,0,#N/A,#N/A,#N/A,0,0,0,0,0,0,2,Defender,0,1,a,10,0,0,0,1,1,25-26-prem-newcastle-united-vs-liverpool,10,0,0,10,0,0,0,0,1,1,a,0,0,0,0,0,0,#N/A,#N/A,#N/A,0,#N/A,10,0,0,0,1,1,0,0,0
376,Gomez,1,1,1,18,0,0,0,1,25-26-prem-liverpool-vs-afc-bournemouth,18,0,0,18,0,0,18,0,0,0,1,0,2,Defender,0,1,a,0,0,0,0,0,1,#N/A,#N/A,#N/A,#N/A,18,0,0,0,0,1,1,a,11,0,0,0,0,7,25-26-prem-liverpool-vs-arsenal,11,0,0,0,29,0,0,0,1,9,0,2,0
377,Tsimikas,2,0,0,0,0,0,0,0,#N/A,#N/A,#N/A,0,#N/A,#N/A,#N/A,0,0,0,0,0,0,2,Defender,0,1,a,0,0,0,0,0,0,#N/A,#N/A,#N/A,#N/A,0,0,0,0,0,0,1,a,0,0,0,0,0,0,#N/A,#N/A,#N/A,0,#N/A,0,0,0,0,0,0,0,0,0
378,Nallo,1,0,0,0,0,0,0,0,#N/A,#N/A,#N/A,0,#N/A,#N/A,#N/A,0,0,0,0,0,0,2,Defender,0,1,a,0,0,0,0,0,0,#N/A,#N/A,#N/A,#N/A,0,0,0,0,0,0,1,a,0,0,0,0,0,0,#N/A,#N/A,#N/A,0,#N/A,0,0,0,0,0,0,0,0,0
379,R.Williams,1,0,0,0,0,0,0,0,#N/A,#N/A,#N/A,0,#N/A,#N/A,#N/A,0,0,0,0,0,0,2,Defender,0,1,a,0,0,0,0,0,0,#N/A,#N/A,#N/A,#N/A,0,0,0,0,0,0,1,a,0,0,0,0,0,0,#N/A,#N/A,#N/A,0,#N/A,0,0,0,0,0,0,0,0,9
380,Ramsay,1,0,0,0,0,0,0,0,#N/A,#N/A,#N/A,0,#N/A,#N/A,#N/A,0,0,0,0,0,0,2,Defender,0,1,a,0,0,0,0,0,0,#N/A,#N/A,#N/A,#N/A,0,0,0,0,0,0,1,a,0,0,0,0,0,0,#N/A,#N/A,#N/A,0,#N/A,0,0,0,0,0,0,0,0,3
381,M.Salah,1,10,8,90,1,0,0,2,25-26-prem-liverpool-vs-afc-bournemouth,90,1,0,90,1,0,90,1,0,0,2,0,3,Midfielder,5,1,a,90,0,1,0,2,2,25-26-prem-newcastle-united-vs-liverpool,89,0,1,180,1,1,1,0,4,1,a,90,0,0,1,0,2,25-26-prem-liverpool-vs-arsenal,90,0,0,0,270,1,1,1,4,14,0,16,0
382,Wirtz,1,9,2,81,0,0,0,2,25-26-prem-liverpool-vs-afc-bournemouth,82,0,0,82,0,0,81,0,0,0,2,0,3,Midfielder,2,1,a,79,0,0,0,1,3,25-26-prem-newcastle-united-vs-liverpool,80,0,0,160,0,0,0,0,3,1,a,88,0,0,1,0,8,25-26-prem-liverpool-vs-arsenal,89,0,0,0,248,0,0,1,3,20,0,7,3
383,Luis Díaz,2,0,0,0,0,0,0,0,#N/A,#N/A,#N/A,0,#N/A,#N/A,#N/A,0,0,0,0,0,0,3,Midfielder,0,2,u,0,0,0,0,0,0,#N/A,#N/A,#N/A,#N/A,0,0,0,0,0,0,2,u,0,0,0,0,0,0,#N/A,#N/A,#N/A,0,#N/A,0,0,0,0,0,0,0,0,1
384,Gakpo,3,8,7,90,1,0,0,2,25-26-prem-liverpool-vs-afc-bournemouth,90,1,0,90,1,0,90,1,0,0,2,0,3,Midfielder,10,1,a,90,0,2,0,2,9,25-26-prem-newcastle-united-vs-liverpool,89,0,2,180,1,1,2,0,4,1,a,90,0,0,1,0,5,25-26-prem-liverpool-vs-arsenal,90,0,0,0,270,1,2,1,4,22,0,20,1
385,Chiesa,1,1,6,8,1,0,0,0,25-26-prem-liverpool-vs-afc-bournemouth,8,1,0,8,1,0,8,1,0,0,0,0,3,Midfielder,1,1,a,10,0,0,0,1,1,25-26-prem-newcastle-united-vs-liverpool,10,0,0,18,1,1,0,0,1,1,a,11,0,0,0,0,0,25-26-prem-liverpool-vs-arsenal,11,0,0,0,29,1,0,0,1,2,0,8,3
386,Mac Allister,1,6,5,71,0,1,0,1,25-26-prem-liverpool-vs-afc-bournemouth,72,0,1,72,0,1,71,0,1,0,1,0,3,Midfielder,0,1,a,0,0,0,0,0,0,#N/A,#N/A,#N/A,#N/A,71,0,0,1,0,1,4,d,60,0,0,1,0,9,25-26-prem-liverpool-vs-arsenal,61,0,0,0,131,0,1,1,1,15,0,8,0
387,Szoboszlai,1,11,2,90,0,0,0,2,25-26-prem-liverpool-vs-afc-bournemouth,90,0,0,90,0,0,90,0,0,0,2,0,3,Midfielder,2,1,a,90,0,0,0,2,9,25-26-prem-newcastle-united-vs-liverpool,90,0,0,180,0,0,0,0,4,1,a,90,1,0,1,0,14,25-26-prem-liverpool-vs-arsenal,90,1,0,0,270,1,0,1,4,34,0,17,3
388,C.Jones,1,1,1,18,0,0,0,1,25-26-prem-liverpool-vs-afc-bournemouth,18,0,0,18,0,0,18,0,0,0,1,0,3,Midfielder,2,1,a,90,0,0,0,2,10,25-26-prem-newcastle-united-vs-liverpool,89,0,0,108,0,0,0,0,3,1,a,29,0,1,0,0,3,25-26-prem-liverpool-vs-arsenal,29,0,0,0,137,0,1,0,3,14,0,7,0
390,Gravenberch,1,0,0,0,0,0,0,0,#N/A,#N/A,#N/A,0,#N/A,#N/A,#N/A,0,0,0,0,0,0,3,Midfielder,7,1,a,90,1,0,0,2,8,25-26-prem-newcastle-united-vs-liverpool,90,1,0,90,1,1,0,0,2,1,a,90,0,0,1,0,9,25-26-prem-liverpool-vs-arsenal,90,0,0,0,180,1,0,1,2,17,0,9,0
392,Endo,3,3,4,30,0,1,0,2,25-26-prem-liverpool-vs-afc-bournemouth,30,0,1,30,0,1,30,0,1,0,2,0,3,Midfielder,1,1,a,1,0,0,0,0,0,25-26-prem-newcastle-united-vs-liverpool,1,0,0,31,0,0,1,0,2,1,a,1,0,0,0,0,1,25-26-prem-liverpool-vs-arsenal,1,0,0,0,32,0,1,0,2,4,0,5,0
393,Bajcetic,3,0,0,0,0,0,0,0,#N/A,#N/A,#N/A,0,#N/A,#N/A,#N/A,0,0,0,0,0,0,3,Midfielder,0,1,a,0,0,0,0,0,0,#N/A,#N/A,#N/A,#N/A,0,0,0,0,0,0,1,a,0,0,0,0,0,0,#N/A,#N/A,#N/A,0,#N/A,0,0,0,0,0,0,0,0,0
394,McConnell,2,0,0,0,0,0,0,0,#N/A,#N/A,#N/A,0,#N/A,#N/A,#N/A,0,0,0,0,0,0,3,Midfielder,0,1,a,0,0,0,0,0,0,#N/A,#N/A,#N/A,#N/A,0,0,0,0,0,0,1,a,0,0,0,0,0,0,#N/A,#N/A,#N/A,0,#N/A,0,0,0,0,0,0,0,0,0
395,Morton,2,0,0,0,0,0,0,0,#N/A,#N/A,#N/A,0,#N/A,#N/A,#N/A,0,0,0,0,0,0,3,Midfielder,0,2,u,0,0,0,0,0,0,#N/A,#N/A,#N/A,#N/A,0,0,0,0,0,0,2,u,0,0,0,0,0,0,#N/A,#N/A,#N/A,0,#N/A,0,0,0,0,0,0,0,0,0
396,Nyoni,1,0,0,0,0,0,0,0,#N/A,#N/A,#N/A,0,#N/A,#N/A,#N/A,0,0,0,0,0,0,3,Midfielder,0,1,a,0,0,0,0,0,0,#N/A,#N/A,#N/A,#N/A,0,0,0,0,0,0,1,a,0,0,0,0,0,0,#N/A,#N/A,#N/A,0,#N/A,0,0,0,0,0,0,0,0,0
397,Darwin,2,0,0,0,0,0,0,0,#N/A,#N/A,#N/A,0,#N/A,#N/A,#N/A,0,0,0,0,0,0,4,Forward,0,2,u,0,0,0,0,0,0,#N/A,#N/A,#N/A,#N/A,0,0,0,0,0,0,2,u,0,0,0,0,0,0,#N/A,#N/A,#N/A,0,#N/A,0,0,0,0,0,0,0,0,0
398,Danns,3,0,0,0,0,0,0,0,#N/A,#N/A,#N/A,0,#N/A,#N/A,#N/A,0,0,0,0,0,0,4,Forward,0,1,a,0,0,0,0,0,0,#N/A,#N/A,#N/A,#N/A,0,0,0,0,0,0,1,a,0,0,0,0,0,0,#N/A,#N/A,#N/A,0,#N/A,0,0,0,0,0,0,0,0,2
499,Isak,4,0,0,0,0,0,0,0,#N/A,#N/A,#N/A,0,#N/A,#N/A,#N/A,0,0,0,0,0,0,4,Forward,0,0,n,0,0,0,0,0,0,#N/A,#N/A,#N/A,#N/A,0,0,0,0,0,0,0,n,0,0,0,0,0,0,#N/A,#N/A,#N/A,0,#N/A,0,0,0,0,0,0,0,0,1
661,Ekitiké,1,1,11,71,1,1,0,1,25-26-prem-liverpool-vs-afc-bournemouth,72,1,1,72,1,1,71,1,1,0,1,0,4,Forward,9,1,a,79,1,0,0,1,5,25-26-prem-newcastle-united-vs-liverpool,80,1,0,150,2,2,1,0,2,1,a,78,0,0,1,0,2,25-26-prem-liverpool-vs-arsenal,79,0,0,0,228,2,1,1,2,8,0,22,0
686,Ngumoha,1,0,0,0,0,0,0,0,#N/A,#N/A,#N/A,0,#N/A,#N/A,#N/A,0,0,0,0,0,0,3,Midfielder,6,1,a,1,1,0,0,0,0,25-26-prem-newcastle-united-vs-liverpool,1,1,0,1,1,1,0,0,0,1,a,0,0,0,0,0,0,#N/A,#N/A,#N/A,0,#N/A,1,1,0,0,0,0,0,6,0
692,Leoni,3,0,0,0,0,0,0,0,#N/A,#N/A,#N/A,0,#N/A,#N/A,#N/A,0,0,0,0,0,0,2,Defender,0,1,a,0,0,0,0,0,0,#N/A,#N/A,#N/A,#N/A,0,0,0,0,0,0,1,a,0,0,0,0,0,0,#N/A,#N/A,#N/A,0,#N/A,0,0,0,0,0,0,0,0,0
746,Morrison,1,0,0,0,0,0,0,0,#N/A,#N/A,#N/A,0,#N/A,#N/A,#N/A,0,0,0,0,0,0,3,Midfielder,0,1,a,0,0,0,0,0,0,#N/A,#N/A,#N/A,#N/A,0,0,0,0,0,0,1,a,0,0,0,0,0,0,#N/A,#N/A,#N/A,0,#N/A,0,0,0,0,0,0,0,0,0
182,Trafford,1,0,7,90,0,0,1,0,25-26-prem-wolverhampton-wanderers-vs-manchester-city,90,0,0,90,0,0,90,0,0,1,0,3,1,Goalkeeper,2,1,a,90,0,0,0,2,27,25-26-prem-manchester-city-vs-tottenham-hotspur,90,0,0,180,0,0,0,1,2,1,a,90,0,0,0,2,14,25-26-prem-brighton-hove-albion-vs-manchester-city,90,0,2,0,270,0,0,1,4,41,11,11,0
399,Ederson M.,2,0,0,0,0,0,0,0,#N/A,#N/A,#N/A,0,#N/A,#N/A,#N/A,0,0,0,0,0,0,1,Goalkeeper,0,1,a,0,0,0,0,0,0,#N/A,#N/A,#N/A,#N/A,0,0,0,0,0,0,1,a,0,0,0,0,0,0,#N/A,#N/A,#N/A,0,#N/A,0,0,0,0,0,0,0,0,0
400,Ortega Moreno,1,0,0,0,0,0,0,0,#N/A,#N/A,#N/A,0,#N/A,#N/A,#N/A,0,0,0,0,0,0,1,Goalkeeper,0,1,a,0,0,0,0,0,0,#N/A,#N/A,#N/A,#N/A,0,0,0,0,0,0,1,a,0,0,0,0,0,0,#N/A,#N/A,#N/A,0,#N/A,0,0,0,0,0,0,0,0,0
401,Bettinelli,1,0,0,0,0,0,0,0,#N/A,#N/A,#N/A,0,#N/A,#N/A,#N/A,0,0,0,0,0,0,1,Goalkeeper,0,3,i,0,0,0,0,0,0,#N/A,#N/A,#N/A,#N/A,0,0,0,0,0,0,3,i,0,0,0,0,0,0,#N/A,#N/A,#N/A,0,#N/A,0,0,0,0,0,0,0,0,6
402,Aït-Nouri,1,15,9,90,0,0,1,0,25-26-prem-wolverhampton-wanderers-vs-manchester-city,90,0,0,90,0,0,90,0,0,1,0,0,2,Defender,1,4,d,22,0,0,0,0,5,25-26-prem-manchester-city-vs-tottenham-hotspur,23,0,0,112,0,0,0,1,0,1,a,90,0,0,0,2,11,25-26-prem-brighton-hove-albion-vs-manchester-city,90,0,2,0,202,0,0,1,2,31,0,10,0
403,Gvardiol,1,0,0,0,0,0,0,0,#N/A,#N/A,#N/A,0,#N/A,#N/A,#N/A,0,0,0,0,0,0,2,Defender,0,3,i,0,0,0,0,0,0,#N/A,#N/A,#N/A,#N/A,0,0,0,0,0,0,3,i,0,0,0,0,0,0,#N/A,#N/A,#N/A,0,#N/A,0,0,0,0,0,0,0,0,1
404,Akanji,2,0,0,0,0,0,0,0,#N/A,#N/A,#N/A,0,#N/A,#N/A,#N/A,0,0,0,0,0,0,2,Defender,0,1,a,0,0,0,0,0,0,#N/A,#N/A,#N/A,#N/A,0,0,0,0,0,0,1,a,0,0,0,0,0,0,#N/A,#N/A,#N/A,0,#N/A,0,0,0,0,0,0,0,0,8
405,Aké,1,0,0,0,0,0,0,0,#N/A,#N/A,#N/A,0,#N/A,#N/A,#N/A,0,0,0,0,0,0,2,Defender,1,1,a,67,0,0,0,2,7,25-26-prem-manchester-city-vs-tottenham-hotspur,67,0,0,67,0,0,0,0,2,1,a,0,0,0,0,0,0,#N/A,#N/A,#N/A,0,#N/A,67,0,0,0,2,7,0,1,0
406,Khusanov,1,1,1,8,0,0,0,0,25-26-prem-wolverhampton-wanderers-vs-manchester-city,8,0,0,8,0,0,8,0,0,0,0,0,2,Defender,0,1,a,0,0,0,0,0,0,#N/A,#N/A,#N/A,#N/A,8,0,0,0,0,0,1,a,84,0,0,0,1,7,25-26-prem-brighton-hove-albion-vs-manchester-city,85,0,1,0,92,0,0,0,1,8,0,2,6
407,Matheus N.,1,4,1,24,0,0,0,0,25-26-prem-wolverhampton-wanderers-vs-manchester-city,24,0,0,24,0,0,24,0,0,0,0,0,2,Defender,0,1,a,0,0,0,0,0,2,#N/A,#N/A,#N/A,#N/A,24,0,0,0,0,0,1,a,84,0,0,0,1,11,25-26-prem-brighton-hove-albion-vs-manchester-city,85,0,1,0,108,0,0,0,1,17,0,3,0
408,Rúben,1,4,6,90,0,0,1,0,25-26-prem-wolverhampton-wanderers-vs-manchester-city,90,0,0,90,0,0,90,0,0,1,0,0,2,Defender,1,1,a,90,0,0,0,2,13,25-26-prem-manchester-city-vs-tottenham-hotspur,90,0,0,180,0,0,0,1,2,1,a,5,0,0,0,1,1,25-26-prem-brighton-hove-albion-vs-manchester-city,5,0,1,0,185,0,0,1,3,18,0,8,0
409,Stones,4,2,6,81,0,0,1,0,25-26-prem-wolverhampton-wanderers-vs-manchester-city,82,0,0,82,0,0,81,0,0,1,0,0,2,Defender,1,1,a,90,0,0,0,2,16,25-26-prem-manchester-city-vs-tottenham-hotspur,90,0,0,171,0,0,0,1,2,1,a,90,0,0,0,2,9,25-26-prem-brighton-hove-albion-vs-manchester-city,90,0,2,0,261,0,0,1,4,27,0,8,6
410,Lewis,1,6,11,65,0,1,1,0,25-26-prem-wolverhampton-wanderers-vs-manchester-city,66,0,1,66,0,1,65,0,1,1,0,0,2,Defender,1,1,a,90,0,0,0,2,10,25-26-prem-manchester-city-vs-tottenham-hotspur,90,0,0,155,0,0,1,1,2,1,a,5,0,0,0,1,0,25-26-prem-brighton-hove-albion-vs-manchester-city,5,0,1,0,160,0,1,1,3,16,0,13,0
411,O'Reilly,1,0,0,24,0,0,0,0,25-26-prem-wolverhampton-wanderers-vs-manchester-city,24,0,0,24,0,0,24,0,0,0,0,0,2,Defender,0,1,a,0,0,0,0,0,0,#N/A,#N/A,#N/A,#N/A,24,0,0,0,0,0,1,a,18,0,0,0,1,4,25-26-prem-brighton-hove-albion-vs-manchester-city,18,0,1,0,42,0,0,0,1,4,0,1,0
412,Vitor Reis,2,0,0,0,0,0,0,0,#N/A,#N/A,#N/A,0,#N/A,#N/A,#N/A,0,0,0,0,0,0,2,Defender,0,2,u,0,0,0,0,0,0,#N/A,#N/A,#N/A,#N/A,0,0,0,0,0,0,2,u,0,0,0,0,0,0,#N/A,#N/A,#N/A,0,#N/A,0,0,0,0,0,0,0,0,12
413,Marmoush,1,1,1,24,0,0,0,0,25-26-prem-wolverhampton-wanderers-vs-manchester-city,24,0,0,24,0,0,24,0,0,0,0,0,3,Midfielder,1,1,a,53,0,0,0,2,4,25-26-prem-manchester-city-vs-tottenham-hotspur,54,0,0,77,0,0,0,0,2,1,a,71,0,1,0,1,8,25-26-prem-brighton-hove-albion-vs-manchester-city,72,0,1,1,148,0,1,0,3,13,0,9,1
414,Foden,1,0,0,0,0,0,0,0,#N/A,#N/A,#N/A,0,#N/A,#N/A,#N/A,0,0,0,0,0,0,3,Midfielder,1,1,a,15,0,0,0,0,3,25-26-prem-manchester-city-vs-tottenham-hotspur,15,0,0,15,0,0,0,0,0,1,a,0,0,0,0,0,0,#N/A,#N/A,#N/A,0,#N/A,15,0,0,0,0,3,0,1,6
415,Savinho,1,0,0,0,0,0,0,0,#N/A,#N/A,#N/A,0,#N/A,#N/A,#N/A,0,0,0,0,0,0,3,Midfielder,0,3,i,0,0,0,0,0,0,#N/A,#N/A,#N/A,#N/A,0,0,0,0,0,0,3,i,0,0,0,0,0,0,#N/A,#N/A,#N/A,0,#N/A,0,0,0,0,0,0,0,0,0
416,Bernardo,1,9,3,65,0,0,1,0,25-26-prem-wolverhampton-wanderers-vs-manchester-city,66,0,0,66,0,0,65,0,0,1,0,0,3,Midfielder,1,1,a,36,0,0,0,0,3,25-26-prem-manchester-city-vs-tottenham-hotspur,36,0,0,101,0,0,0,1,0,1,a,71,0,0,0,1,4,25-26-prem-brighton-hove-albion-vs-manchester-city,72,0,1,0,172,0,0,1,1,16,0,6,10
417,Cherki,1,1,6,17,1,0,0,0,25-26-prem-wolverhampton-wanderers-vs-manchester-city,17,1,0,17,1,0,17,1,0,0,0,0,3,Midfielder,1,1,a,53,0,0,0,2,8,25-26-prem-manchester-city-vs-tottenham-hotspur,54,0,0,70,1,1,0,0,2,1,a,0,0,0,0,0,0,#N/A,#N/A,#N/A,0,#N/A,70,1,0,0,2,9,0,7,0
418,Doku,1,1,3,65,0,0,1,0,25-26-prem-wolverhampton-wanderers-vs-manchester-city,66,0,0,66,0,0,65,0,0,1,0,0,3,Midfielder,1,1,a,36,0,0,0,0,1,25-26-prem-manchester-city-vs-tottenham-hotspur,36,0,0,101,0,0,0,1,0,1,a,18,0,0,0,1,0,25-26-prem-brighton-hove-albion-vs-manchester-city,18,0,1,0,119,0,0,1,1,2,0,5,3
420,Gündoğan,2,0,0,0,0,0,0,0,#N/A,#N/A,#N/A,0,#N/A,#N/A,#N/A,0,0,0,0,0,0,3,Midfielder,0,1,a,0,0,0,0,0,0,#N/A,#N/A,#N/A,#N/A,0,0,0,0,0,0,1,a,0,0,0,0,0,0,#N/A,#N/A,#N/A,0,#N/A,0,0,0,0,0,0,0,0,0
421,Rodrigo,3,0,0,0,0,0,0,0,#N/A,#N/A,#N/A,0,#N/A,#N/A,#N/A,0,0,0,0,0,0,3,Midfielder,1,1,a,15,0,0,0,0,5,25-26-prem-manchester-city-vs-tottenham-hotspur,15,0,0,15,0,0,0,0,0,1,a,90,0,0,0,2,10,25-26-prem-brighton-hove-albion-vs-manchester-city,90,0,2,0,105,0,0,0,2,15,0,3,1
422,Kovačić,3,0,0,0,0,0,0,0,#N/A,#N/A,#N/A,0,#N/A,#N/A,#N/A,0,0,0,0,0,0,3,Midfielder,0,3,i,0,0,0,0,0,0,#N/A,#N/A,#N/A,#N/A,0,0,0,0,0,0,3,i,0,0,0,0,0,0,#N/A,#N/A,#N/A,0,#N/A,0,0,0,0,0,0,0,0,1
423,N.Gonzalez,1,11,3,90,0,0,1,0,25-26-prem-wolverhampton-wanderers-vs-manchester-city,90,0,0,90,0,0,90,0,0,1,0,0,3,Midfielder,1,1,a,74,0,0,0,2,6,25-26-prem-manchester-city-vs-tottenham-hotspur,75,0,0,164,0,0,0,1,2,1,a,0,0,0,0,0,0,#N/A,#N/A,#N/A,0,#N/A,164,0,0,1,2,17,0,4,0
424,Bobb,1,4,6,90,0,1,1,0,25-26-prem-wolverhampton-wanderers-vs-manchester-city,90,0,1,90,0,1,90,0,1,1,0,0,3,Midfielder,2,1,a,74,0,0,0,2,5,25-26-prem-manchester-city-vs-tottenham-hotspur,75,0,0,164,0,0,1,1,2,1,a,90,0,0,0,2,6,25-26-prem-brighton-hove-albion-vs-manchester-city,90,0,2,0,254,0,1,1,4,15,0,10,3
425,Echeverri,2,0,0,0,0,0,0,0,#N/A,#N/A,#N/A,0,#N/A,#N/A,#N/A,0,0,0,0,0,0,3,Midfielder,0,2,u,0,0,0,0,0,0,#N/A,#N/A,#N/A,#N/A,0,0,0,0,0,0,2,u,0,0,0,0,0,0,#N/A,#N/A,#N/A,0,#N/A,0,0,0,0,0,0,0,0,0
427,Reijnders,1,3,10,90,1,1,1,0,25-26-prem-wolverhampton-wanderers-vs-manchester-city,90,1,1,90,1,1,90,1,1,1,0,0,3,Midfielder,2,1,a,90,0,0,0,2,5,25-26-prem-manchester-city-vs-tottenham-hotspur,90,0,0,180,1,1,1,1,2,1,a,90,0,0,0,2,5,25-26-prem-brighton-hove-albion-vs-manchester-city,90,0,2,0,270,1,1,1,4,13,0,14,0
428,Nypan,2,0,0,0,0,0,0,0,#N/A,#N/A,#N/A,0,#N/A,#N/A,#N/A,0,0,0,0,0,0,3,Midfielder,0,2,u,0,0,0,0,0,0,#N/A,#N/A,#N/A,#N/A,0,0,0,0,0,0,2,u,0,0,0,0,0,0,#N/A,#N/A,#N/A,0,#N/A,0,0,0,0,0,0,0,0,13
429,Phillips,1,0,0,0,0,0,0,0,#N/A,#N/A,#N/A,0,#N/A,#N/A,#N/A,0,0,0,0,0,0,3,Midfielder,0,1,a,0,0,0,0,0,0,#N/A,#N/A,#N/A,#N/A,0,0,0,0,0,0,1,a,0,0,0,0,0,0,#N/A,#N/A,#N/A,0,#N/A,0,0,0,0,0,0,0,0,6
430,Haaland,1,2,13,72,2,0,1,0,25-26-prem-wolverhampton-wanderers-vs-manchester-city,73,2,0,73,2,0,72,2,0,1,0,0,4,Forward,2,1,a,90,0,0,0,2,4,25-26-prem-manchester-city-vs-tottenham-hotspur,90,0,0,162,2,2,0,1,2,1,a,90,1,0,0,2,1,25-26-prem-brighton-hove-albion-vs-manchester-city,90,1,2,0,252,3,0,1,4,7,0,24,0
736,Donnarumma,1,0,0,0,0,0,0,0,#N/A,#N/A,#N/A,0,#N/A,#N/A,#N/A,0,0,0,0,0,0,1,Goalkeeper,0,1,a,0,0,0,0,0,0,#N/A,#N/A,#N/A,#N/A,0,0,0,0,0,0,1,a,0,0,0,0,0,0,#N/A,#N/A,#N/A,0,#N/A,0,0,0,0,0,0,0,0,0
739,Mukasa,1,0,0,0,0,0,0,0,#N/A,#N/A,#N/A,0,#N/A,#N/A,#N/A,0,0,0,0,0,0,3,Midfielder,0,1,a,0,0,0,0,0,0,#N/A,#N/A,#N/A,#N/A,0,0,0,0,0,0,1,a,0,0,0,0,0,0,#N/A,#N/A,#N/A,0,#N/A,0,0,0,0,0,0,0,0,0
740,Mfuni,1,0,0,0,0,0,0,0,#N/A,#N/A,#N/A,0,#N/A,#N/A,#N/A,0,0,0,0,0,0,2,Defender,0,1,a,0,0,0,0,0,0,#N/A,#N/A,#N/A,#N/A,0,0,0,0,0,0,1,a,0,0,0,0,0,0,#N/A,#N/A,#N/A,0,#N/A,0,0,0,0,0,0,0,0,2
742,McAidoo,1,0,0,0,0,0,0,0,#N/A,#N/A,#N/A,0,#N/A,#N/A,#N/A,0,0,0,0,0,0,3,Midfielder,0,1,a,0,0,0,0,0,0,#N/A,#N/A,#N/A,#N/A,0,0,0,0,0,0,1,a,0,0,0,0,0,0,#N/A,#N/A,#N/A,0,#N/A,0,0,0,0,0,0,0,0,2
119,Mbeumo,1,6,2,90,0,0,0,1,25-26-prem-manchester-united-vs-arsenal,90,0,0,90,0,0,90,0,0,0,1,0,3,Midfielder,2,1,a,90,0,0,0,1,2,25-26-prem-fulham-vs-manchester-united,90,0,0,180,0,0,0,0,2,1,a,90,1,0,0,2,1,25-26-prem-manchester-united-vs-burnley,90,1,2,0,270,1,0,0,4,9,0,14,0
431,Bayindir,1,0,2,90,0,0,0,1,25-26-prem-manchester-united-vs-arsenal,90,0,0,90,0,0,90,0,0,0,1,2,1,Goalkeeper,2,1,a,90,0,0,0,1,17,25-26-prem-fulham-vs-manchester-united,90,0,0,180,0,0,0,0,2,1,a,90,0,0,0,2,12,25-26-prem-manchester-united-vs-burnley,90,0,2,0,270,0,0,0,4,29,5,5,0
432,Onana,2,0,0,0,0,0,0,0,#N/A,#N/A,#N/A,0,#N/A,#N/A,#N/A,0,0,0,0,0,0,1,Goalkeeper,0,1,a,0,0,0,0,0,0,#N/A,#N/A,#N/A,#N/A,0,0,0,0,0,0,1,a,0,0,0,0,0,0,25-26-efl-cup-manchester-united-vs-grimsby-town,90,0,0,0,0,0,0,0,0,0,0,0,1
433,Harrison,2,0,0,0,0,0,0,0,#N/A,#N/A,#N/A,0,#N/A,#N/A,#N/A,0,0,0,0,0,0,1,Goalkeeper,0,2,u,0,0,0,0,0,0,#N/A,#N/A,#N/A,#N/A,0,0,0,0,0,0,2,u,0,0,0,0,0,0,#N/A,#N/A,#N/A,0,#N/A,0,0,0,0,0,0,0,0,0
434,Heaton,1,0,0,0,0,0,0,0,#N/A,#N/A,#N/A,0,#N/A,#N/A,#N/A,0,0,0,0,0,0,1,Goalkeeper,0,1,a,0,0,0,0,0,0,#N/A,#N/A,#N/A,#N/A,0,0,0,0,0,0,1,a,0,0,0,0,0,0,#N/A,#N/A,#N/A,0,#N/A,0,0,0,0,0,0,0,0,1
435,Mee,1,0,0,0,0,0,0,0,#N/A,#N/A,#N/A,0,#N/A,#N/A,#N/A,0,0,0,0,0,0,1,Goalkeeper,0,1,a,0,0,0,0,0,0,#N/A,#N/A,#N/A,#N/A,0,0,0,0,0,0,1,a,0,0,0,0,0,0,#N/A,#N/A,#N/A,0,#N/A,0,0,0,0,0,0,0,0,0
436,De Ligt,3,10,4,90,0,0,0,1,25-26-prem-manchester-united-vs-arsenal,90,0,0,90,0,0,90,0,0,0,1,0,2,Defender,7,1,a,90,0,0,0,1,17,25-26-prem-fulham-vs-manchester-united,90,0,0,180,0,0,0,0,2,1,a,90,0,0,0,2,8,25-26-prem-manchester-united-vs-burnley,90,0,2,0,270,0,0,0,4,35,0,12,0
437,Martinez,1,0,0,0,0,0,0,0,#N/A,#N/A,#N/A,0,#N/A,#N/A,#N/A,0,0,0,0,0,0,2,Defender,0,3,i,0,0,0,0,0,0,#N/A,#N/A,#N/A,#N/A,0,0,0,0,0,0,3,i,0,0,0,0,0,0,#N/A,#N/A,#N/A,0,#N/A,0,0,0,0,0,0,0,0,1
438,Mazraoui,1,0,0,0,0,0,0,0,#N/A,#N/A,#N/A,0,#N/A,#N/A,#N/A,0,0,0,0,0,0,2,Defender,0,3,i,0,0,0,0,0,0,#N/A,#N/A,#N/A,#N/A,0,0,0,0,0,0,1,a,5,0,0,0,0,2,25-26-prem-manchester-united-vs-burnley,5,0,0,0,5,0,0,0,0,2,0,1,1
439,D.Leon,1,0,0,0,0,0,0,0,#N/A,#N/A,#N/A,0,#N/A,#N/A,#N/A,0,0,0,0,0,0,2,Defender,0,1,a,0,0,0,0,0,0,#N/A,#N/A,#N/A,#N/A,0,0,0,0,0,0,1,a,0,0,0,0,0,0,#N/A,#N/A,#N/A,0,#N/A,0,0,0,0,0,0,0,0,1
440,Dalot,1,4,1,54,0,0,0,1,25-26-prem-manchester-united-vs-arsenal,55,0,0,55,0,0,54,0,0,0,1,0,2,Defender,1,1,a,38,0,0,0,1,5,25-26-prem-fulham-vs-manchester-united,38,0,0,92,0,0,0,0,2,1,a,90,0,1,0,2,9,25-26-prem-manchester-united-vs-burnley,90,0,2,1,182,0,1,0,4,18,0,6,1
441,Dorgu,1,5,1,90,0,0,0,1,25-26-prem-manchester-united-vs-arsenal,90,0,0,90,0,0,90,0,0,0,1,0,2,Defender,2,1,a,90,0,0,0,1,7,25-26-prem-fulham-vs-manchester-united,90,0,0,180,0,0,0,0,2,1,a,0,0,0,0,0,0,25-26-efl-cup-manchester-united-vs-grimsby-town,45,0,0,0,180,0,0,0,2,12,0,3,0
442,Maguire,3,3,1,10,0,0,0,0,25-26-prem-manchester-united-vs-arsenal,10,0,0,10,0,0,10,0,0,0,0,0,2,Defender,1,1,a,3,0,0,0,0,1,25-26-prem-fulham-vs-manchester-united,3,0,0,13,0,0,0,0,0,1,a,0,0,0,0,0,0,25-26-efl-cup-manchester-united-vs-grimsby-town,90,1,0,0,13,0,0,0,0,4,0,2,0
443,Shaw,1,4,2,79,0,0,0,1,25-26-prem-manchester-united-vs-arsenal,80,0,0,80,0,0,79,0,0,0,1,0,2,Defender,2,1,a,86,0,0,0,1,11,25-26-prem-fulham-vs-manchester-united,87,0,0,165,0,0,0,0,2,1,a,90,0,0,0,2,6,25-26-prem-manchester-united-vs-burnley,90,0,2,0,255,0,0,0,4,21,0,5,0
444,Yoro,1,11,4,90,0,0,0,1,25-26-prem-manchester-united-vs-arsenal,90,0,0,90,0,0,90,0,0,0,1,0,2,Defender,6,1,a,86,0,1,0,1,13,25-26-prem-fulham-vs-manchester-united,87,0,0,176,0,0,1,0,2,1,a,84,0,0,0,2,5,25-26-prem-manchester-united-vs-burnley,85,0,2,0,260,0,1,0,4,29,0,11,0
445,Amass,2,0,0,0,0,0,0,0,#N/A,#N/A,#N/A,0,#N/A,#N/A,#N/A,0,0,0,0,0,0,2,Defender,0,1,a,0,0,0,0,0,0,#N/A,#N/A,#N/A,#N/A,0,0,0,0,0,0,1,a,0,0,0,0,0,0,#N/A,#N/A,#N/A,0,#N/A,0,0,0,0,0,0,0,0,2
446,Fredricson,1,0,0,0,0,0,0,0,#N/A,#N/A,#N/A,0,#N/A,#N/A,#N/A,0,0,0,0,0,0,2,Defender,0,1,a,0,0,0,0,0,0,#N/A,#N/A,#N/A,#N/A,0,0,0,0,0,0,1,a,0,0,0,0,0,0,25-26-efl-cup-manchester-united-vs-grimsby-town,45,0,0,0,0,0,0,0,0,0,0,0,0
447,Heaven,1,0,0,0,0,0,0,0,#N/A,#N/A,#N/A,0,#N/A,#N/A,#N/A,0,0,0,0,0,0,2,Defender,1,1,a,3,0,0,0,0,1,25-26-prem-fulham-vs-manchester-united,3,0,0,3,0,0,0,0,0,1,a,0,0,0,0,0,0,25-26-efl-cup-manchester-united-vs-grimsby-town,64,0,0,0,3,0,0,0,0,1,0,1,0
448,Malacia,1,0,0,0,0,0,0,0,#N/A,#N/A,#N/A,0,#N/A,#N/A,#N/A,0,0,0,0,0,0,2,Defender,0,1,a,0,0,0,0,0,0,#N/A,#N/A,#N/A,#N/A,0,0,0,0,0,0,1,a,0,0,0,0,0,0,#N/A,#N/A,#N/A,0,#N/A,0,0,0,0,0,0,0,0,2
449,B.Fernandes,1,11,2,90,0,0,0,1,25-26-prem-manchester-united-vs-arsenal,90,0,0,90,0,0,90,0,0,0,1,0,3,Midfielder,2,1,a,90,0,0,0,1,13,25-26-prem-fulham-vs-manchester-united,90,0,0,180,0,0,0,0,2,1,a,90,1,0,0,2,17,25-26-prem-manchester-united-vs-burnley,90,1,2,0,270,1,0,0,4,41,0,14,0
450,Cunha,1,3,2,90,0,0,0,1,25-26-prem-manchester-united-vs-arsenal,90,0,0,90,0,0,90,0,0,0,1,0,3,Midfielder,2,1,a,90,0,0,0,1,4,25-26-prem-fulham-vs-manchester-united,90,0,0,180,0,0,0,0,2,4,d,30,0,0,0,0,1,25-26-prem-manchester-united-vs-burnley,31,0,0,0,210,0,0,0,2,8,0,5,0
451,Rashford,2,0,0,0,0,0,0,0,#N/A,#N/A,#N/A,0,#N/A,#N/A,#N/A,0,0,0,0,0,0,3,Midfielder,0,2,u,0,0,0,0,0,0,#N/A,#N/A,#N/A,#N/A,0,0,0,0,0,0,2,u,0,0,0,0,0,0,#N/A,#N/A,#N/A,0,#N/A,0,0,0,0,0,0,0,0,1
452,Amad,1,4,1,35,0,0,0,0,25-26-prem-manchester-united-vs-arsenal,35,0,0,35,0,0,35,0,0,0,0,0,3,Midfielder,1,1,a,51,0,0,0,0,6,25-26-prem-fulham-vs-manchester-united,52,0,0,86,0,0,0,0,0,1,a,90,0,1,0,2,10,25-26-prem-manchester-united-vs-burnley,90,0,2,0,176,0,1,0,2,20,0,7,1
454,Antony,2,0,0,0,0,0,0,0,#N/A,#N/A,#N/A,0,#N/A,#N/A,#N/A,0,0,0,0,0,0,3,Midfielder,0,1,a,0,0,0,0,0,0,#N/A,#N/A,#N/A,#N/A,0,0,0,0,0,0,1,a,0,0,0,0,0,0,#N/A,#N/A,#N/A,0,#N/A,0,0,0,0,0,0,0,0,4
455,Mount,1,3,2,64,0,0,0,1,25-26-prem-manchester-united-vs-arsenal,65,0,0,65,0,0,64,0,0,0,1,0,3,Midfielder,3,1,a,68,0,0,1,0,3,25-26-prem-fulham-vs-manchester-united,69,0,0,132,0,0,0,1,1,4,d,45,0,0,0,0,7,25-26-prem-manchester-united-vs-burnley,45,0,0,0,177,0,0,1,1,13,0,6,0
457,Casemiro,1,5,2,64,0,0,0,1,25-26-prem-manchester-united-vs-arsenal,65,0,0,65,0,0,64,0,0,0,1,0,3,Midfielder,0,1,a,52,0,0,0,0,7,25-26-prem-fulham-vs-manchester-united,53,0,0,116,0,0,0,0,1,1,a,71,0,1,0,2,6,25-26-prem-manchester-united-vs-burnley,72,0,2,0,187,0,1,0,3,18,0,7,0
458,Mainoo,1,0,0,0,0,0,0,0,#N/A,#N/A,#N/A,0,#N/A,#N/A,#N/A,0,0,0,0,0,0,3,Midfielder,0,1,a,0,0,0,0,0,0,#N/A,#N/A,#N/A,#N/A,0,0,0,0,0,0,1,a,45,0,0,0,2,5,25-26-prem-manchester-united-vs-burnley,45,0,2,0,45,0,0,0,2,5,0,1,0
459,Ugarte,1,1,1,25,0,0,0,0,25-26-prem-manchester-united-vs-arsenal,25,0,0,25,0,0,25,0,0,0,0,0,3,Midfielder,1,1,a,21,0,0,0,1,5,25-26-prem-fulham-vs-manchester-united,21,0,0,46,0,0,0,0,1,1,a,0,0,0,0,0,0,25-26-efl-cup-manchester-united-vs-grimsby-town,45,0,0,0,46,0,0,0,1,6,0,2,0
460,Collyer,2,0,0,0,0,0,0,0,#N/A,#N/A,#N/A,0,#N/A,#N/A,#N/A,0,0,0,0,0,0,3,Midfielder,0,2,u,0,0,0,0,0,0,#N/A,#N/A,#N/A,#N/A,0,0,0,0,0,0,2,u,0,0,0,0,0,0,#N/A,#N/A,#N/A,0,#N/A,0,0,0,0,0,0,0,0,0
461,Fitzgerald,1,0,0,0,0,0,0,0,#N/A,#N/A,#N/A,0,#N/A,#N/A,#N/A,0,0,0,0,0,0,3,Midfielder,0,1,a,0,0,0,0,0,0,#N/A,#N/A,#N/A,#N/A,0,0,0,0,0,0,1,a,0,0,0,0,0,0,#N/A,#N/A,#N/A,0,#N/A,0,0,0,0,0,0,0,0,0
462,J.Fletcher,1,0,0,0,0,0,0,0,#N/A,#N/A,#N/A,0,#N/A,#N/A,#N/A,0,0,0,0,0,0,3,Midfielder,0,1,a,0,0,0,0,0,0,#N/A,#N/A,#N/A,#N/A,0,0,0,0,0,0,1,a,0,0,0,0,0,0,#N/A,#N/A,#N/A,0,#N/A,0,0,0,0,0,0,0,0,1
463,Kone,1,0,0,0,0,0,0,0,#N/A,#N/A,#N/A,0,#N/A,#N/A,#N/A,0,0,0,0,0,0,3,Midfielder,0,1,a,0,0,0,0,0,0,#N/A,#N/A,#N/A,#N/A,0,0,0,0,0,0,1,a,0,0,0,0,0,0,#N/A,#N/A,#N/A,0,#N/A,0,0,0,0,0,0,0,0,0
464,Moorhouse,2,0,0,0,0,0,0,0,#N/A,#N/A,#N/A,0,#N/A,#N/A,#N/A,0,0,0,0,0,0,3,Midfielder,0,1,a,0,0,0,0,0,0,#N/A,#N/A,#N/A,#N/A,0,0,0,0,0,0,1,a,0,0,0,0,0,0,#N/A,#N/A,#N/A,0,#N/A,0,0,0,0,0,0,0,0,0
465,Højlund,2,0,0,0,0,0,0,0,#N/A,#N/A,#N/A,0,#N/A,#N/A,#N/A,0,0,0,0,0,0,4,Forward,0,1,a,0,0,0,0,0,0,#N/A,#N/A,#N/A,#N/A,0,0,0,0,0,0,1,a,0,0,0,0,0,0,#N/A,#N/A,#N/A,0,#N/A,0,0,0,0,0,0,0,0,2
466,Zirkzee,1,0,0,0,0,0,0,0,#N/A,#N/A,#N/A,0,#N/A,#N/A,#N/A,0,0,0,0,0,0,4,Forward,0,1,a,0,0,0,0,0,0,#N/A,#N/A,#N/A,#N/A,0,0,0,0,0,0,1,a,59,0,0,0,2,3,25-26-prem-manchester-united-vs-burnley,59,0,2,0,59,0,0,0,2,3,0,1,0
467,Obi,1,0,0,0,0,0,0,0,#N/A,#N/A,#N/A,0,#N/A,#N/A,#N/A,0,0,0,0,0,0,4,Forward,0,1,a,0,0,0,0,0,0,#N/A,#N/A,#N/A,#N/A,0,0,0,0,0,0,1,a,0,0,0,0,0,0,#N/A,#N/A,#N/A,0,#N/A,0,0,0,0,0,0,0,0,0
468,Wheatley,2,0,0,0,0,0,0,0,#N/A,#N/A,#N/A,0,#N/A,#N/A,#N/A,0,0,0,0,0,0,4,Forward,0,1,a,0,0,0,0,0,0,#N/A,#N/A,#N/A,#N/A,0,0,0,0,0,0,1,a,0,0,0,0,0,0,#N/A,#N/A,#N/A,0,#N/A,0,0,0,0,0,0,0,0,0
681,Šeško,4,1,1,25,0,0,0,0,25-26-prem-manchester-united-vs-arsenal,25,0,0,25,0,0,25,0,0,0,0,0,4,Forward,1,1,a,37,0,0,0,1,1,25-26-prem-fulham-vs-manchester-united,37,0,0,62,0,0,0,0,1,1,a,18,0,0,0,0,0,25-26-prem-manchester-united-vs-burnley,18,0,0,0,80,0,0,0,1,2,0,3,8
733,Lammens,1,0,0,0,0,0,0,0,#N/A,#N/A,#N/A,0,#N/A,#N/A,#N/A,0,0,0,0,0,0,1,Goalkeeper,0,1,a,0,0,0,0,0,0,#N/A,#N/A,#N/A,#N/A,0,0,0,0,0,0,1,a,0,0,0,0,0,0,#N/A,#N/A,#N/A,0,#N/A,0,0,0,0,0,0,0,0,0
755,Lacey,1,0,0,0,0,0,0,0,#N/A,#N/A,#N/A,0,#N/A,#N/A,#N/A,0,0,0,0,0,0,3,Midfielder,#N/A,#N/A,#N/A,#N/A,#N/A,#N/A,#N/A,#N/A,#N/A,#N/A,#N/A,#N/A,#N/A,#N/A,#N/A,#N/A,#N/A,#N/A,#N/A,#N/A,#N/A,#N/A,#N/A,#N/A,#N/A,#N/A,#N/A,#N/A,#N/A,#N/A,#N/A,#N/A,#N/A,#N/A,#N/A,#N/A,#N/A,#N/A,#N/A,#N/A,0
52,J.Ramsey,1,0,0,0,0,0,0,0,#N/A,#N/A,#N/A,0,#N/A,#N/A,#N/A,0,0,0,0,0,0,3,Midfielder,1,1,a,14,0,0,0,1,4,25-26-prem-newcastle-united-vs-liverpool,14,0,0,14,0,0,0,0,1,4,d,45,0,0,0,0,2,25-26-prem-leeds-united-vs-newcastle-united,45,0,0,0,59,0,0,0,1,6,0,2,0
135,Wissa,1,0,0,0,0,0,0,0,#N/A,#N/A,#N/A,0,#N/A,#N/A,#N/A,0,0,0,0,0,0,4,Forward,0,4,d,0,0,0,0,0,0,#N/A,#N/A,#N/A,#N/A,0,0,0,0,0,0,0,n,0,0,0,0,0,0,#N/A,#N/A,#N/A,0,#N/A,0,0,0,0,0,0,0,0,8
469,Pope,4,0,9,90,0,0,1,0,25-26-prem-aston-villa-vs-newcastle-united,90,0,0,90,0,0,90,0,0,1,0,3,1,Goalkeeper,4,1,a,90,0,1,0,3,22,25-26-prem-newcastle-united-vs-liverpool,90,0,0,180,0,0,1,1,3,1,a,90,0,0,1,0,12,25-26-prem-leeds-united-vs-newcastle-united,90,0,0,0,270,0,1,2,3,34,5,18,1
471,Gillespie,1,0,0,0,0,0,0,0,#N/A,#N/A,#N/A,0,#N/A,#N/A,#N/A,0,0,0,0,0,0,1,Goalkeeper,0,1,a,0,0,0,0,0,0,#N/A,#N/A,#N/A,#N/A,0,0,0,0,0,0,1,a,0,0,0,0,0,0,#N/A,#N/A,#N/A,0,#N/A,0,0,0,0,0,0,0,0,6
472,Odysseas,2,0,0,0,0,0,0,0,#N/A,#N/A,#N/A,0,#N/A,#N/A,#N/A,0,0,0,0,0,0,1,Goalkeeper,0,2,u,0,0,0,0,0,0,#N/A,#N/A,#N/A,#N/A,0,0,0,0,0,0,2,u,0,0,0,0,0,0,#N/A,#N/A,#N/A,0,#N/A,0,0,0,0,0,0,0,0,6
473,Hall,1,0,0,0,0,0,0,0,#N/A,#N/A,#N/A,0,#N/A,#N/A,#N/A,0,0,0,0,0,0,2,Defender,1,1,a,14,0,0,0,1,6,25-26-prem-newcastle-united-vs-liverpool,14,0,0,14,0,0,0,0,1,1,a,29,0,0,0,0,2,25-26-prem-leeds-united-vs-newcastle-united,29,0,0,0,43,0,0,0,1,8,0,2,8
474,Schär,1,11,8,90,0,0,1,0,25-26-prem-aston-villa-vs-newcastle-united,90,0,0,90,0,0,90,0,0,1,0,0,2,Defender,1,4,d,80,0,0,0,2,16,25-26-prem-newcastle-united-vs-liverpool,81,0,0,170,0,0,0,1,2,1,a,90,0,0,1,0,8,25-26-prem-leeds-united-vs-newcastle-united,90,0,0,0,260,0,0,2,2,35,0,15,0
475,Botman,4,0,0,0,0,0,0,0,#N/A,#N/A,#N/A,0,#N/A,#N/A,#N/A,0,0,0,0,0,0,2,Defender,0,1,a,0,0,0,0,0,0,#N/A,#N/A,#N/A,#N/A,0,0,0,0,0,0,1,a,67,0,0,1,0,14,25-26-prem-leeds-united-vs-newcastle-united,68,0,0,0,67,0,0,1,0,14,0,8,0
476,Burn,1,11,9,90,0,0,1,0,25-26-prem-aston-villa-vs-newcastle-united,90,0,0,90,0,0,90,0,0,1,0,0,2,Defender,2,1,a,90,0,0,0,3,19,25-26-prem-newcastle-united-vs-liverpool,90,0,0,180,0,0,0,1,3,1,a,90,0,0,1,0,5,25-26-prem-leeds-united-vs-newcastle-united,90,0,0,0,270,0,0,2,3,35,0,17,0
477,Livramento,1,5,9,90,0,0,1,0,25-26-prem-aston-villa-vs-newcastle-united,90,0,0,90,0,0,90,0,0,1,0,0,2,Defender,4,1,a,90,0,1,0,3,9,25-26-prem-newcastle-united-vs-liverpool,90,0,1,180,0,0,1,1,3,1,a,90,0,0,1,0,7,25-26-prem-leeds-united-vs-newcastle-united,90,0,0,0,270,0,1,2,3,21,0,19,0
478,Trippier,4,4,6,90,0,0,1,0,25-26-prem-aston-villa-vs-newcastle-united,90,0,0,90,0,0,90,0,0,1,0,0,2,Defender,1,1,a,75,0,0,0,2,8,25-26-prem-newcastle-united-vs-liverpool,76,0,0,165,0,0,0,1,2,1,a,61,0,0,1,0,5,25-26-prem-leeds-united-vs-newcastle-united,61,0,0,0,226,0,0,2,2,17,0,13,0
479,Krafth,4,0,0,0,0,0,0,0,#N/A,#N/A,#N/A,0,#N/A,#N/A,#N/A,0,0,0,0,0,0,2,Defender,0,1,a,0,0,0,0,0,0,#N/A,#N/A,#N/A,#N/A,0,0,0,0,0,0,1,a,0,0,0,0,0,0,#N/A,#N/A,#N/A,0,#N/A,0,0,0,0,0,0,0,0,0
480,Lascelles,1,0,0,0,0,0,0,0,#N/A,#N/A,#N/A,0,#N/A,#N/A,#N/A,0,0,0,0,0,0,2,Defender,0,1,a,0,0,0,0,0,0,#N/A,#N/A,#N/A,#N/A,0,0,0,0,0,0,1,a,0,0,0,0,0,0,#N/A,#N/A,#N/A,0,#N/A,0,0,0,0,0,0,0,0,0
481,A.Murphy,1,0,0,0,0,0,0,0,#N/A,#N/A,#N/A,0,#N/A,#N/A,#N/A,0,0,0,0,0,0,2,Defender,0,1,a,0,0,0,0,0,0,#N/A,#N/A,#N/A,#N/A,0,0,0,0,0,0,1,a,0,0,0,0,0,0,#N/A,#N/A,#N/A,0,#N/A,0,0,0,0,0,0,0,0,1
482,Ashby,1,0,0,0,0,0,0,0,#N/A,#N/A,#N/A,0,#N/A,#N/A,#N/A,0,0,0,0,0,0,2,Defender,0,1,a,0,0,0,0,0,0,#N/A,#N/A,#N/A,#N/A,0,0,0,0,0,0,1,a,0,0,0,0,0,0,#N/A,#N/A,#N/A,0,#N/A,0,0,0,0,0,0,0,0,3
483,Pivas,1,0,0,0,0,0,0,0,#N/A,#N/A,#N/A,0,#N/A,#N/A,#N/A,0,0,0,0,0,0,2,Defender,0,1,a,0,0,0,0,0,0,#N/A,#N/A,#N/A,#N/A,0,0,0,0,0,0,1,a,0,0,0,0,0,0,#N/A,#N/A,#N/A,0,#N/A,0,0,0,0,0,0,0,0,2
484,Targett,2,0,0,0,0,0,0,0,#N/A,#N/A,#N/A,0,#N/A,#N/A,#N/A,0,0,0,0,0,0,2,Defender,0,1,a,0,0,0,0,0,0,#N/A,#N/A,#N/A,#N/A,0,0,0,0,0,0,1,a,0,0,0,0,0,0,#N/A,#N/A,#N/A,0,#N/A,0,0,0,0,0,0,0,0,6
485,Gordon,1,4,3,90,0,0,1,0,25-26-prem-aston-villa-vs-newcastle-united,90,0,0,90,0,0,90,0,0,1,0,0,3,Midfielder,1,5,s,47,0,0,0,3,3,25-26-prem-newcastle-united-vs-liverpool,45,0,0,137,0,0,0,1,3,5,s,0,0,0,0,0,0,#N/A,#N/A,#N/A,0,#N/A,137,0,0,1,3,7,0,1,3
486,Elanga,1,3,3,77,0,0,1,0,25-26-prem-aston-villa-vs-newcastle-united,78,0,0,78,0,0,77,0,0,1,0,0,3,Midfielder,2,1,a,90,0,0,0,3,1,25-26-prem-newcastle-united-vs-liverpool,90,0,0,167,0,0,0,1,3,1,a,28,0,0,0,0,1,25-26-prem-leeds-united-vs-newcastle-united,28,0,0,0,195,0,0,1,3,5,0,6,3
487,Barnes,1,4,3,89,0,0,1,0,25-26-prem-aston-villa-vs-newcastle-united,89,0,0,89,0,0,89,0,0,1,0,0,3,Midfielder,2,1,a,75,0,0,0,2,2,25-26-prem-newcastle-united-vs-liverpool,76,0,0,164,0,0,0,1,2,1,a,22,0,0,0,0,1,25-26-prem-leeds-united-vs-newcastle-united,22,0,0,0,186,0,0,1,2,7,0,6,0
488,Bruno G.,1,8,3,90,0,0,1,0,25-26-prem-aston-villa-vs-newcastle-united,90,0,0,90,0,0,90,0,0,1,0,0,3,Midfielder,6,1,a,90,1,0,0,3,11,25-26-prem-newcastle-united-vs-liverpool,90,1,0,180,1,1,0,1,3,1,a,90,0,0,1,0,9,25-26-prem-leeds-united-vs-newcastle-united,90,0,0,0,270,1,0,2,3,28,0,12,1
489,J.Murphy,1,2,1,12,0,0,0,0,25-26-prem-aston-villa-vs-newcastle-united,12,0,0,12,0,0,12,0,0,0,0,0,3,Midfielder,0,1,a,0,0,0,0,0,0,#N/A,#N/A,#N/A,#N/A,12,0,0,0,0,0,1,a,61,0,0,1,0,1,25-26-prem-leeds-united-vs-newcastle-united,62,0,0,0,73,0,0,1,0,3,0,4,0
490,Joelinton,4,9,2,82,0,0,1,0,25-26-prem-aston-villa-vs-newcastle-united,83,0,0,83,0,0,82,0,0,1,0,0,3,Midfielder,2,4,d,75,0,0,0,2,7,25-26-prem-newcastle-united-vs-liverpool,76,0,0,157,0,0,0,1,2,3,i,0,0,0,0,0,0,#N/A,#N/A,#N/A,0,#N/A,157,0,0,1,2,16,0,4,0
491,Tonali,1,9,3,90,0,0,1,0,25-26-prem-aston-villa-vs-newcastle-united,90,0,0,90,0,0,90,0,0,1,0,0,3,Midfielder,2,4,d,65,0,0,0,2,5,25-26-prem-newcastle-united-vs-liverpool,66,0,0,155,0,0,0,1,2,1,a,90,0,0,1,0,6,25-26-prem-leeds-united-vs-newcastle-united,90,0,0,0,245,0,0,2,2,20,0,8,0
492,Antoñito C.,2,0,0,0,0,0,0,0,#N/A,#N/A,#N/A,0,#N/A,#N/A,#N/A,0,0,0,0,0,0,3,Midfielder,0,1,a,0,0,0,0,0,0,#N/A,#N/A,#N/A,#N/A,0,0,0,0,0,0,1,a,0,0,0,0,0,0,#N/A,#N/A,#N/A,0,#N/A,0,0,0,0,0,0,0,0,0
494,Willock,1,0,0,0,0,0,0,0,#N/A,#N/A,#N/A,0,#N/A,#N/A,#N/A,0,0,0,0,0,0,3,Midfielder,0,1,a,0,0,0,0,0,0,#N/A,#N/A,#N/A,#N/A,0,0,0,0,0,0,1,a,0,0,0,0,0,0,#N/A,#N/A,#N/A,0,#N/A,0,0,0,0,0,0,0,0,1
495,Hayden,2,0,0,0,0,0,0,0,#N/A,#N/A,#N/A,0,#N/A,#N/A,#N/A,0,0,0,0,0,0,3,Midfielder,0,2,u,0,0,0,0,0,0,#N/A,#N/A,#N/A,#N/A,0,0,0,0,0,0,2,u,0,0,0,0,0,0,#N/A,#N/A,#N/A,0,#N/A,0,0,0,0,0,0,0,0,0
496,Kuol,2,0,0,0,0,0,0,0,#N/A,#N/A,#N/A,0,#N/A,#N/A,#N/A,0,0,0,0,0,0,3,Midfielder,0,1,a,0,0,0,0,0,0,#N/A,#N/A,#N/A,#N/A,0,0,0,0,0,0,1,a,0,0,0,0,0,0,#N/A,#N/A,#N/A,0,#N/A,0,0,0,0,0,0,0,0,0
497,L.Miley,1,1,1,7,0,0,0,0,25-26-prem-aston-villa-vs-newcastle-united,7,0,0,7,0,0,7,0,0,0,0,0,3,Midfielder,1,1,a,24,0,0,0,1,2,25-26-prem-newcastle-united-vs-liverpool,24,0,0,31,0,0,0,0,1,1,a,45,0,0,0,0,5,25-26-prem-leeds-united-vs-newcastle-united,45,0,0,0,76,0,0,0,1,8,0,3,0
498,White,2,0,0,0,0,0,0,0,#N/A,#N/A,#N/A,0,#N/A,#N/A,#N/A,0,0,0,0,0,0,3,Midfielder,0,2,u,0,0,0,0,0,0,#N/A,#N/A,#N/A,#N/A,0,0,0,0,0,0,2,u,0,0,0,0,0,0,#N/A,#N/A,#N/A,0,#N/A,0,0,0,0,0,0,0,0,0
500,Osula,4,0,1,1,0,0,0,0,25-26-prem-aston-villa-vs-newcastle-united,1,0,0,1,0,0,1,0,0,0,0,0,4,Forward,5,1,a,14,1,0,0,1,0,25-26-prem-newcastle-united-vs-liverpool,14,1,0,15,1,1,0,0,1,1,a,90,0,0,1,0,4,25-26-prem-leeds-united-vs-newcastle-united,90,0,0,0,105,1,0,1,1,4,0,8,9
501,Neave,1,0,0,0,0,0,0,0,#N/A,#N/A,#N/A,0,#N/A,#N/A,#N/A,0,0,0,0,0,0,4,Forward,0,1,a,0,0,0,0,0,0,#N/A,#N/A,#N/A,#N/A,0,0,0,0,0,0,1,a,0,0,0,0,0,0,#N/A,#N/A,#N/A,0,#N/A,0,0,0,0,0,0,0,0,0
674,Ramsdale,1,0,0,0,0,0,0,0,#N/A,#N/A,#N/A,0,#N/A,#N/A,#N/A,0,0,0,0,0,0,1,Goalkeeper,0,1,a,0,0,0,0,0,0,#N/A,#N/A,#N/A,#N/A,0,0,0,0,0,0,1,a,0,0,0,0,0,0,#N/A,#N/A,#N/A,0,#N/A,0,0,0,0,0,0,0,0,1
684,Thiaw,1,0,0,0,0,0,0,0,#N/A,#N/A,#N/A,0,#N/A,#N/A,#N/A,0,0,0,0,0,0,2,Defender,1,1,a,9,0,0,0,1,1,25-26-prem-newcastle-united-vs-liverpool,9,0,0,9,0,0,0,0,1,1,a,0,0,0,0,0,0,#N/A,#N/A,#N/A,0,#N/A,9,0,0,0,1,1,0,1,1
689,Seung soo,1,0,0,0,0,0,0,0,#N/A,#N/A,#N/A,0,#N/A,#N/A,#N/A,0,0,0,0,0,0,3,Midfielder,0,1,a,0,0,0,0,0,0,#N/A,#N/A,#N/A,#N/A,0,0,0,0,0,0,1,a,0,0,0,0,0,0,#N/A,#N/A,#N/A,0,#N/A,0,0,0,0,0,0,0,0,0
714,Woltemade,1,0,0,0,0,0,0,0,#N/A,#N/A,#N/A,0,#N/A,#N/A,#N/A,0,0,0,0,0,0,4,Forward,0,1,a,0,0,0,0,0,0,#N/A,#N/A,#N/A,#N/A,0,0,0,0,0,0,1,a,0,0,0,0,0,0,#N/A,#N/A,#N/A,0,#N/A,0,0,0,0,0,0,0,0,0
753,Ruddy,1,0,0,0,0,0,0,0,#N/A,#N/A,#N/A,0,#N/A,#N/A,#N/A,0,0,0,0,0,0,1,Goalkeeper,#N/A,#N/A,#N/A,#N/A,#N/A,#N/A,#N/A,#N/A,#N/A,#N/A,#N/A,#N/A,#N/A,#N/A,#N/A,#N/A,#N/A,#N/A,#N/A,#N/A,#N/A,#N/A,#N/A,#N/A,#N/A,#N/A,#N/A,#N/A,#N/A,#N/A,#N/A,#N/A,#N/A,#N/A,#N/A,#N/A,#N/A,#N/A,#N/A,#N/A,1
12,Zinchenko,1,0,0,0,0,0,0,0,#N/A,#N/A,#N/A,0,#N/A,#N/A,#N/A,0,0,0,0,0,0,2,Defender,0,1,a,0,0,0,0,0,0,#N/A,#N/A,#N/A,#N/A,0,0,0,0,0,0,1,a,0,0,0,0,0,0,#N/A,#N/A,#N/A,0,#N/A,0,0,0,0,0,0,0,0,3
426,McAtee,1,0,0,0,0,0,0,0,#N/A,#N/A,#N/A,0,#N/A,#N/A,#N/A,0,0,0,0,0,0,3,Midfielder,1,1,a,18,0,0,0,0,0,25-26-prem-crystal-palace-vs-nottingham-forest,18,0,0,18,0,0,0,0,0,1,a,32,0,0,0,3,4,25-26-prem-nottingham-forest-vs-west-ham-united,32,0,3,0,50,0,0,0,3,4,0,2,0
502,Sels,4,0,2,90,0,0,0,1,25-26-prem-nottingham-forest-vs-brentford,90,0,0,90,0,0,90,0,0,0,1,2,1,Goalkeeper,2,1,a,90,0,0,0,1,20,25-26-prem-crystal-palace-vs-nottingham-forest,90,0,0,180,0,0,0,0,2,1,a,90,0,0,0,3,4,25-26-prem-nottingham-forest-vs-west-ham-united,90,0,3,0,270,0,0,0,5,24,10,6,0
503,C.Miguel,2,0,0,0,0,0,0,0,#N/A,#N/A,#N/A,0,#N/A,#N/A,#N/A,0,0,0,0,0,0,1,Goalkeeper,0,2,u,0,0,0,0,0,0,#N/A,#N/A,#N/A,#N/A,0,0,0,0,0,0,2,u,0,0,0,0,0,0,#N/A,#N/A,#N/A,0,#N/A,0,0,0,0,0,0,0,0,0
504,Turner,2,0,0,0,0,0,0,0,#N/A,#N/A,#N/A,0,#N/A,#N/A,#N/A,0,0,0,0,0,0,1,Goalkeeper,0,2,u,0,0,0,0,0,0,#N/A,#N/A,#N/A,#N/A,0,0,0,0,0,0,2,u,0,0,0,0,0,0,#N/A,#N/A,#N/A,0,#N/A,0,0,0,0,0,0,0,0,0
505,Milenković,1,8,2,90,0,0,0,1,25-26-prem-nottingham-forest-vs-brentford,90,0,0,90,0,0,90,0,0,0,1,0,2,Defender,2,1,a,90,0,0,0,1,11,25-26-prem-crystal-palace-vs-nottingham-forest,90,0,0,180,0,0,0,0,2,1,a,90,0,0,0,3,7,25-26-prem-nottingham-forest-vs-west-ham-united,90,0,3,0,270,0,0,0,5,26,0,5,1
506,Murillo,1,5,2,90,0,0,0,1,25-26-prem-nottingham-forest-vs-brentford,90,0,0,90,0,0,90,0,0,0,1,0,2,Defender,1,1,a,90,0,0,0,1,17,25-26-prem-crystal-palace-vs-nottingham-forest,90,0,0,180,0,0,0,0,2,1,a,90,0,0,0,3,13,25-26-prem-nottingham-forest-vs-west-ham-united,90,0,3,0,270,0,0,0,5,35,0,4,0
507,Aina,3,12,4,90,0,0,0,1,25-26-prem-nottingham-forest-vs-brentford,90,0,0,90,0,0,90,0,0,0,1,0,2,Defender,1,1,a,90,0,0,0,1,24,25-26-prem-crystal-palace-vs-nottingham-forest,90,0,0,180,0,0,0,0,2,1,a,90,0,0,0,3,6,25-26-prem-nottingham-forest-vs-west-ham-united,90,0,3,0,270,0,0,0,5,42,0,6,0
508,N.Williams,1,6,1,90,0,0,0,1,25-26-prem-nottingham-forest-vs-brentford,90,0,0,90,0,0,90,0,0,0,1,0,2,Defender,2,1,a,90,0,0,0,1,11,25-26-prem-crystal-palace-vs-nottingham-forest,90,0,0,180,0,0,0,0,2,1,a,90,0,0,0,3,10,25-26-prem-nottingham-forest-vs-west-ham-united,90,0,3,0,270,0,0,0,5,27,0,4,0
509,David Carmo,2,0,0,0,0,0,0,0,#N/A,#N/A,#N/A,0,#N/A,#N/A,#N/A,0,0,0,0,0,0,2,Defender,0,1,a,0,0,0,0,0,0,#N/A,#N/A,#N/A,#N/A,0,0,0,0,0,0,1,a,0,0,0,0,0,0,#N/A,#N/A,#N/A,0,#N/A,0,0,0,0,0,0,0,0,2
510,Jair Cunha,1,0,0,0,0,0,0,0,#N/A,#N/A,#N/A,0,#N/A,#N/A,#N/A,0,0,0,0,0,0,2,Defender,0,1,a,0,0,0,0,0,0,#N/A,#N/A,#N/A,#N/A,0,0,0,0,0,0,1,a,0,0,0,0,0,0,#N/A,#N/A,#N/A,0,#N/A,0,0,0,0,0,0,0,0,1
511,Morato,1,0,0,0,0,0,0,0,#N/A,#N/A,#N/A,0,#N/A,#N/A,#N/A,0,0,0,0,0,0,2,Defender,0,1,a,0,0,0,0,0,0,#N/A,#N/A,#N/A,#N/A,0,0,0,0,0,0,1,a,0,0,0,0,0,0,#N/A,#N/A,#N/A,0,#N/A,0,0,0,0,0,0,0,0,4
512,O.Richards,2,0,0,0,0,0,0,0,#N/A,#N/A,#N/A,0,#N/A,#N/A,#N/A,0,0,0,0,0,0,2,Defender,0,1,a,0,0,0,0,0,0,#N/A,#N/A,#N/A,#N/A,0,0,0,0,0,0,1,a,0,0,0,0,0,0,#N/A,#N/A,#N/A,0,#N/A,0,0,0,0,0,0,0,0,0
513,Abbott,1,0,0,0,0,0,0,0,#N/A,#N/A,#N/A,0,#N/A,#N/A,#N/A,0,0,0,0,0,0,2,Defender,0,1,a,0,0,0,0,0,0,#N/A,#N/A,#N/A,#N/A,0,0,0,0,0,0,1,a,0,0,0,0,0,0,#N/A,#N/A,#N/A,0,#N/A,0,0,0,0,0,0,0,0,0
514,Boly,1,0,0,0,0,0,0,0,#N/A,#N/A,#N/A,0,#N/A,#N/A,#N/A,0,0,0,0,0,0,2,Defender,0,1,a,0,0,0,0,0,0,#N/A,#N/A,#N/A,#N/A,0,0,0,0,0,0,1,a,0,0,0,0,0,0,#N/A,#N/A,#N/A,0,#N/A,0,0,0,0,0,0,0,0,0
515,Gibbs-White,1,4,5,83,0,1,0,1,25-26-prem-nottingham-forest-vs-brentford,84,0,1,84,0,1,83,0,1,0,1,0,3,Midfielder,2,1,a,81,0,0,0,1,1,25-26-prem-crystal-palace-vs-nottingham-forest,82,0,0,164,0,0,1,0,2,1,a,90,0,0,0,3,6,25-26-prem-nottingham-forest-vs-west-ham-united,90,0,3,0,254,0,1,0,5,11,0,9,2
516,Hudson-Odoi,1,0,2,90,0,0,0,1,25-26-prem-nottingham-forest-vs-brentford,90,0,0,90,0,0,90,0,0,0,1,0,3,Midfielder,10,1,a,71,1,0,0,1,3,25-26-prem-crystal-palace-vs-nottingham-forest,72,1,0,161,1,1,0,0,2,1,a,88,0,0,0,2,3,25-26-prem-nottingham-forest-vs-west-ham-united,89,0,2,0,249,1,0,0,4,6,0,14,1
517,Anderson,1,11,6,90,0,1,0,1,25-26-prem-nottingham-forest-vs-brentford,90,0,1,90,0,1,90,0,1,0,1,0,3,Midfielder,2,1,a,90,0,0,0,1,11,25-26-prem-crystal-palace-vs-nottingham-forest,90,0,0,180,0,0,1,0,2,1,a,90,0,0,0,3,11,25-26-prem-nottingham-forest-vs-west-ham-united,90,0,3,0,270,0,1,0,5,33,0,10,0
518,Jota,2,3,1,11,0,0,0,0,25-26-prem-nottingham-forest-vs-brentford,11,0,0,11,0,0,11,0,0,0,0,0,3,Midfielder,0,1,a,0,0,0,0,0,0,#N/A,#N/A,#N/A,#N/A,11,0,0,0,0,0,1,a,0,0,0,0,0,0,#N/A,#N/A,#N/A,0,#N/A,11,0,0,0,0,3,0,1,0
519,Dominguez,1,0,0,0,0,0,0,0,#N/A,#N/A,#N/A,0,#N/A,#N/A,#N/A,0,0,0,0,0,0,3,Midfielder,0,3,i,0,0,0,0,0,0,#N/A,#N/A,#N/A,#N/A,0,0,0,0,0,0,3,i,0,0,0,0,0,0,#N/A,#N/A,#N/A,0,#N/A,0,0,0,0,0,0,0,0,1
520,O'Brien,2,0,0,0,0,0,0,0,#N/A,#N/A,#N/A,0,#N/A,#N/A,#N/A,0,0,0,0,0,0,3,Midfielder,0,2,u,0,0,0,0,0,0,#N/A,#N/A,#N/A,#N/A,0,0,0,0,0,0,2,u,0,0,0,0,0,0,#N/A,#N/A,#N/A,0,#N/A,0,0,0,0,0,0,0,0,0
521,Sangaré,1,10,2,90,0,0,0,1,25-26-prem-nottingham-forest-vs-brentford,90,0,0,90,0,0,90,0,0,0,1,0,3,Midfielder,2,1,a,87,0,0,0,1,8,25-26-prem-crystal-palace-vs-nottingham-forest,88,0,0,177,0,0,0,0,2,1,a,88,0,0,0,2,14,25-26-prem-nottingham-forest-vs-west-ham-united,89,0,2,0,265,0,0,0,4,32,0,8,0
522,Yates,3,5,1,6,0,0,0,0,25-26-prem-nottingham-forest-vs-brentford,6,0,0,6,0,0,6,0,0,0,0,0,3,Midfielder,1,1,a,2,0,0,0,0,1,25-26-prem-crystal-palace-vs-nottingham-forest,2,0,0,8,0,0,0,0,0,1,a,0,0,0,0,0,0,#N/A,#N/A,#N/A,0,#N/A,8,0,0,0,0,6,0,2,2
523,Da Silva Moreira,2,0,0,0,0,0,0,0,#N/A,#N/A,#N/A,0,#N/A,#N/A,#N/A,0,0,0,0,0,0,3,Midfielder,0,1,a,0,0,0,0,0,0,#N/A,#N/A,#N/A,#N/A,0,0,0,0,0,0,1,a,0,0,0,0,0,0,#N/A,#N/A,#N/A,0,#N/A,0,0,0,0,0,0,0,0,0
524,Stamenic,2,0,0,0,0,0,0,0,#N/A,#N/A,#N/A,0,#N/A,#N/A,#N/A,0,0,0,0,0,0,3,Midfielder,0,2,u,0,0,0,0,0,0,#N/A,#N/A,#N/A,#N/A,0,0,0,0,0,0,2,u,0,0,0,0,0,0,#N/A,#N/A,#N/A,0,#N/A,0,0,0,0,0,0,0,0,0
525,Wood,3,2,13,78,2,0,0,1,25-26-prem-nottingham-forest-vs-brentford,79,2,0,79,2,0,78,2,0,0,1,0,4,Forward,2,1,a,87,0,0,0,1,0,25-26-prem-crystal-palace-vs-nottingham-forest,88,0,0,165,2,2,0,0,2,1,a,72,0,0,1,0,1,25-26-prem-nottingham-forest-vs-west-ham-united,73,0,0,0,237,2,0,1,2,3,0,17,1
526,Igor Jesus,1,1,1,11,0,0,0,0,25-26-prem-nottingham-forest-vs-brentford,11,0,0,11,0,0,11,0,0,0,0,0,4,Forward,1,1,a,2,0,0,0,0,0,25-26-prem-crystal-palace-vs-nottingham-forest,2,0,0,13,0,0,0,0,0,1,a,17,0,0,0,3,2,25-26-prem-nottingham-forest-vs-west-ham-united,17,0,3,0,30,0,0,0,3,3,0,3,0
527,Awoniyi,4,0,0,0,0,0,0,0,#N/A,#N/A,#N/A,0,#N/A,#N/A,#N/A,0,0,0,0,0,0,4,Forward,0,1,a,0,0,0,0,0,0,#N/A,#N/A,#N/A,#N/A,0,0,0,0,0,0,1,a,0,0,0,0,0,0,#N/A,#N/A,#N/A,0,#N/A,0,0,0,0,0,0,0,0,0
669,Ndoye,1,3,9,78,1,0,0,1,25-26-prem-nottingham-forest-vs-brentford,79,1,0,79,1,0,78,1,0,0,1,0,3,Midfielder,7,1,a,70,0,1,0,1,5,25-26-prem-crystal-palace-vs-nottingham-forest,71,0,1,148,1,1,1,0,2,1,a,57,0,0,0,0,6,25-26-prem-nottingham-forest-vs-west-ham-united,58,0,0,0,205,1,1,0,2,14,0,17,0
675,Gunn,3,0,0,0,0,0,0,0,#N/A,#N/A,#N/A,0,#N/A,#N/A,#N/A,0,0,0,0,0,0,1,Goalkeeper,0,1,a,0,0,0,0,0,0,#N/A,#N/A,#N/A,#N/A,0,0,0,0,0,0,1,a,0,0,0,0,0,0,#N/A,#N/A,#N/A,0,#N/A,0,0,0,0,0,0,0,0,0
693,Hutchinson,1,0,0,0,0,0,0,0,#N/A,#N/A,#N/A,0,#N/A,#N/A,#N/A,0,0,0,0,0,0,3,Midfielder,1,1,a,8,0,0,0,0,0,25-26-prem-crystal-palace-vs-nottingham-forest,8,0,0,8,0,0,0,0,0,1,a,1,0,0,0,1,1,25-26-prem-nottingham-forest-vs-west-ham-united,1,0,1,0,9,0,0,0,1,1,0,2,1
696,Kalimuendo,1,0,0,0,0,0,0,0,#N/A,#N/A,#N/A,0,#N/A,#N/A,#N/A,0,0,0,0,0,0,4,Forward,1,1,a,19,0,0,0,0,2,25-26-prem-crystal-palace-vs-nottingham-forest,19,0,0,19,0,0,0,0,0,1,a,1,0,0,0,1,1,25-26-prem-nottingham-forest-vs-west-ham-united,1,0,1,0,20,0,0,0,1,3,0,2,0
699,Douglas Luiz,1,0,0,0,0,0,0,0,#N/A,#N/A,#N/A,0,#N/A,#N/A,#N/A,0,0,0,0,0,0,3,Midfielder,0,1,a,0,0,0,0,0,0,#N/A,#N/A,#N/A,#N/A,0,0,0,0,0,0,1,a,0,0,0,0,0,0,#N/A,#N/A,#N/A,0,#N/A,0,0,0,0,0,0,0,0,0
715,John,1,0,0,0,0,0,0,0,#N/A,#N/A,#N/A,0,#N/A,#N/A,#N/A,0,0,0,0,0,0,1,Goalkeeper,0,1,a,0,0,0,0,0,0,#N/A,#N/A,#N/A,#N/A,0,0,0,0,0,0,1,a,0,0,0,0,0,0,#N/A,#N/A,#N/A,0,#N/A,0,0,0,0,0,0,0,0,0
716,Savona,1,0,0,0,0,0,0,0,#N/A,#N/A,#N/A,0,#N/A,#N/A,#N/A,0,0,0,0,0,0,2,Defender,0,1,a,0,0,0,0,0,0,#N/A,#N/A,#N/A,#N/A,0,0,0,0,0,0,1,a,0,0,0,0,0,0,#N/A,#N/A,#N/A,0,#N/A,0,0,0,0,0,0,0,0,0
729,Cuiabano,2,0,0,0,0,0,0,0,#N/A,#N/A,#N/A,0,#N/A,#N/A,#N/A,0,0,0,0,0,0,2,Defender,0,2,u,0,0,0,0,0,0,#N/A,#N/A,#N/A,#N/A,0,0,0,0,0,0,2,u,0,0,0,0,0,0,#N/A,#N/A,#N/A,0,#N/A,0,0,0,0,0,0,0,0,6
734,Bakwa,1,0,0,0,0,0,0,0,#N/A,#N/A,#N/A,0,#N/A,#N/A,#N/A,0,0,0,0,0,0,3,Midfielder,0,3,i,0,0,0,0,0,0,#N/A,#N/A,#N/A,#N/A,0,0,0,0,0,0,3,i,0,0,0,0,0,0,#N/A,#N/A,#N/A,0,#N/A,0,0,0,0,0,0,0,0,0
528,Patterson,1,0,0,0,0,0,0,0,#N/A,#N/A,#N/A,0,#N/A,#N/A,#N/A,0,0,0,0,0,0,1,Goalkeeper,0,1,a,0,0,0,0,0,0,#N/A,#N/A,#N/A,#N/A,0,0,0,0,0,0,1,a,0,0,0,0,0,0,25-26-efl-cup-huddersfield-town-vs-sunderland,90,0,0,0,0,0,0,0,0,0,0,0,0
529,Moore,1,0,0,0,0,0,0,0,#N/A,#N/A,#N/A,0,#N/A,#N/A,#N/A,0,0,0,0,0,0,1,Goalkeeper,0,1,a,0,0,0,0,0,0,#N/A,#N/A,#N/A,#N/A,0,0,0,0,0,0,1,a,0,0,0,0,0,0,#N/A,#N/A,#N/A,0,#N/A,0,0,0,0,0,0,0,0,0
530,Nna Noukeu,1,0,0,0,0,0,0,0,#N/A,#N/A,#N/A,0,#N/A,#N/A,#N/A,0,0,0,0,0,0,1,Goalkeeper,0,1,a,0,0,0,0,0,0,#N/A,#N/A,#N/A,#N/A,0,0,0,0,0,0,1,a,0,0,0,0,0,0,#N/A,#N/A,#N/A,0,#N/A,0,0,0,0,0,0,0,0,0
531,Ballard,1,14,17,90,1,0,1,0,25-26-prem-sunderland-vs-west-ham-united,90,1,0,90,1,0,90,1,0,1,0,0,2,Defender,1,4,d,8,0,0,0,0,6,25-26-prem-burnley-vs-sunderland,9,0,0,98,1,1,0,1,0,3,i,0,0,0,0,0,0,#N/A,#N/A,#N/A,0,#N/A,98,1,0,1,0,20,0,18,0
532,Hume,1,6,6,90,0,0,1,0,25-26-prem-sunderland-vs-west-ham-united,90,0,0,90,0,0,90,0,0,1,0,0,2,Defender,1,1,a,90,0,0,0,2,9,25-26-prem-burnley-vs-sunderland,90,0,0,180,0,0,0,1,2,1,a,90,0,0,0,1,11,25-26-prem-sunderland-vs-brentford,90,0,1,0,270,0,0,1,3,26,0,9,0
533,Alese,3,0,0,0,0,0,0,0,#N/A,#N/A,#N/A,0,#N/A,#N/A,#N/A,0,0,0,0,0,0,2,Defender,0,3,i,0,0,0,0,0,0,#N/A,#N/A,#N/A,#N/A,0,0,0,0,0,0,3,i,0,0,0,0,0,0,#N/A,#N/A,#N/A,0,#N/A,0,0,0,0,0,0,0,0,0
534,Anderson,1,0,0,0,0,0,0,0,#N/A,#N/A,#N/A,0,#N/A,#N/A,#N/A,0,0,0,0,0,0,2,Defender,0,1,a,0,0,0,0,0,0,#N/A,#N/A,#N/A,#N/A,0,0,0,0,0,0,1,a,0,0,0,0,0,0,#N/A,#N/A,#N/A,0,#N/A,0,0,0,0,0,0,0,0,0
535,Cirkin,1,0,0,0,0,0,0,0,#N/A,#N/A,#N/A,0,#N/A,#N/A,#N/A,0,0,0,0,0,0,2,Defender,0,3,i,0,0,0,0,0,0,#N/A,#N/A,#N/A,#N/A,0,0,0,0,0,0,3,i,0,0,0,0,0,0,#N/A,#N/A,#N/A,0,#N/A,0,0,0,0,0,0,0,0,6
536,Hjelde,4,0,0,0,0,0,0,0,#N/A,#N/A,#N/A,0,#N/A,#N/A,#N/A,0,0,0,0,0,0,2,Defender,0,3,i,0,0,0,0,0,0,#N/A,#N/A,#N/A,#N/A,0,0,0,0,0,0,3,i,0,0,0,0,0,0,#N/A,#N/A,#N/A,0,#N/A,0,0,0,0,0,0,0,0,0
537,Huggins,2,0,0,0,0,0,0,0,#N/A,#N/A,#N/A,0,#N/A,#N/A,#N/A,0,0,0,0,0,0,2,Defender,0,1,a,0,0,0,0,0,0,#N/A,#N/A,#N/A,#N/A,0,0,0,0,0,0,1,a,0,0,0,0,0,0,25-26-efl-cup-huddersfield-town-vs-sunderland,45,0,0,0,0,0,0,0,0,0,0,0,3
538,Johnson,1,0,0,0,0,0,0,0,#N/A,#N/A,#N/A,0,#N/A,#N/A,#N/A,0,0,0,0,0,0,2,Defender,0,1,a,0,0,0,0,0,0,#N/A,#N/A,#N/A,#N/A,0,0,0,0,0,0,1,a,0,0,0,0,0,0,#N/A,#N/A,#N/A,0,#N/A,0,0,0,0,0,0,0,0,3
539,O'Nien,5,0,0,0,0,0,0,0,#N/A,#N/A,#N/A,0,#N/A,#N/A,#N/A,0,0,0,0,0,0,2,Defender,0,3,i,0,0,0,0,0,0,#N/A,#N/A,#N/A,#N/A,0,0,0,0,0,0,3,i,0,0,0,0,0,0,#N/A,#N/A,#N/A,0,#N/A,0,0,0,0,0,0,0,0,0
540,Pembele,1,0,0,0,0,0,0,0,#N/A,#N/A,#N/A,0,#N/A,#N/A,#N/A,0,0,0,0,0,0,2,Defender,0,1,a,0,0,0,0,0,0,#N/A,#N/A,#N/A,#N/A,0,0,0,0,0,0,1,a,0,0,0,0,0,0,#N/A,#N/A,#N/A,0,#N/A,0,0,0,0,0,0,0,0,0
541,Reinildo,1,8,6,90,0,0,1,0,25-26-prem-sunderland-vs-west-ham-united,90,0,0,90,0,0,90,0,0,1,0,0,2,Defender,3,1,a,90,0,0,0,2,18,25-26-prem-burnley-vs-sunderland,90,0,0,180,0,0,0,1,2,1,a,90,0,0,0,1,12,25-26-prem-sunderland-vs-brentford,90,0,1,0,270,0,0,1,3,38,0,10,0
542,Seelt,2,6,1,52,0,0,0,0,25-26-prem-sunderland-vs-west-ham-united,53,0,0,53,0,0,52,0,0,0,0,0,2,Defender,1,1,a,81,0,0,0,2,12,25-26-prem-burnley-vs-sunderland,81,0,0,133,0,0,0,0,2,1,a,0,0,0,0,0,0,25-26-efl-cup-huddersfield-town-vs-sunderland,11,0,0,0,133,0,0,0,2,18,0,2,0
543,Adingra,1,3,6,75,0,1,1,0,25-26-prem-sunderland-vs-west-ham-united,76,0,1,76,0,0,75,0,1,1,0,0,3,Midfielder,1,1,a,62,0,0,0,1,5,25-26-prem-burnley-vs-sunderland,63,0,0,137,0,0,1,1,1,1,a,25,0,0,0,1,2,25-26-prem-sunderland-vs-brentford,25,0,1,0,162,0,1,1,2,10,0,8,0
544,Diarra,3,6,3,90,0,0,1,0,25-26-prem-sunderland-vs-west-ham-united,90,0,0,90,0,0,90,0,0,1,0,0,3,Midfielder,2,1,a,79,0,0,0,1,3,25-26-prem-burnley-vs-sunderland,80,0,0,169,0,0,0,1,1,1,a,86,0,1,0,1,2,25-26-prem-sunderland-vs-brentford,87,0,1,0,255,0,1,1,2,11,0,9,0
545,Roberts,2,0,0,0,0,0,0,0,#N/A,#N/A,#N/A,0,#N/A,#N/A,#N/A,0,0,0,0,0,0,3,Midfielder,1,1,a,27,0,0,0,1,1,25-26-prem-burnley-vs-sunderland,27,0,0,27,0,0,0,0,1,1,a,0,0,0,0,0,0,25-26-efl-cup-huddersfield-town-vs-sunderland,90,0,0,0,27,0,0,0,1,1,0,1,1
546,Aleksić,2,0,0,0,0,0,0,0,#N/A,#N/A,#N/A,0,#N/A,#N/A,#N/A,0,0,0,0,0,0,3,Midfielder,0,1,a,0,0,0,0,0,0,#N/A,#N/A,#N/A,#N/A,0,0,0,0,0,0,1,a,0,0,0,0,0,0,25-26-efl-cup-huddersfield-town-vs-sunderland,12,0,0,1,0,0,0,0,0,0,0,0,3
547,E.Le Fée,1,4,1,14,0,0,0,0,25-26-prem-sunderland-vs-west-ham-united,14,0,0,14,0,0,14,0,0,0,0,0,3,Midfielder,1,1,a,27,0,0,0,1,8,25-26-prem-burnley-vs-sunderland,27,0,0,41,0,0,0,0,1,1,a,90,1,0,0,1,14,25-26-efl-cup-huddersfield-town-vs-sunderland,90,0,1,0,131,1,0,0,2,26,0,13,3
548,Mundle,1,0,0,0,0,0,0,0,#N/A,#N/A,#N/A,0,#N/A,#N/A,#N/A,0,0,0,0,0,0,3,Midfielder,0,3,i,0,0,0,0,0,0,#N/A,#N/A,#N/A,#N/A,0,0,0,0,0,0,3,i,0,0,0,0,0,0,#N/A,#N/A,#N/A,0,#N/A,0,0,0,0,0,0,0,0,0
549,Neil,1,0,0,0,0,0,0,0,#N/A,#N/A,#N/A,0,#N/A,#N/A,#N/A,0,0,0,0,0,0,3,Midfielder,0,1,a,0,0,0,0,0,0,#N/A,#N/A,#N/A,#N/A,0,0,0,0,0,0,1,a,0,0,0,0,0,0,#N/A,#N/A,#N/A,0,#N/A,0,0,0,0,0,0,0,0,0
550,Poveda,1,0,0,0,0,0,0,0,#N/A,#N/A,#N/A,0,#N/A,#N/A,#N/A,0,0,0,0,0,0,3,Midfielder,0,1,a,0,0,0,0,0,0,#N/A,#N/A,#N/A,#N/A,0,0,0,0,0,0,1,a,0,0,0,0,0,0,#N/A,#N/A,#N/A,0,#N/A,0,0,0,0,0,0,0,0,0
551,Rigg,1,0,1,1,0,0,0,0,25-26-prem-sunderland-vs-west-ham-united,1,0,0,1,0,0,1,0,0,0,0,0,3,Midfielder,0,1,a,0,0,0,0,0,0,#N/A,#N/A,#N/A,#N/A,1,0,0,0,0,0,1,a,0,0,0,0,0,0,25-26-efl-cup-huddersfield-town-vs-sunderland,90,0,0,0,1,0,0,0,0,0,0,1,0
552,Sadiki,1,9,3,90,0,0,1,0,25-26-prem-sunderland-vs-west-ham-united,90,0,0,90,0,0,90,0,0,1,0,0,3,Midfielder,2,1,a,90,0,0,0,2,4,25-26-prem-burnley-vs-sunderland,90,0,0,180,0,0,0,1,2,1,a,90,0,0,0,1,4,25-26-prem-sunderland-vs-brentford,90,0,1,0,270,0,0,1,3,17,0,7,0
553,Talbi,1,2,6,90,0,1,1,0,25-26-prem-sunderland-vs-west-ham-united,89,0,1,89,0,1,90,0,1,1,0,0,3,Midfielder,2,1,a,62,0,0,0,1,2,25-26-prem-burnley-vs-sunderland,63,0,0,152,0,0,1,1,1,1,a,64,0,0,1,0,6,25-26-prem-sunderland-vs-brentford,65,0,0,0,216,0,1,2,1,10,0,11,0
554,Ba,1,0,0,0,0,0,0,0,#N/A,#N/A,#N/A,0,#N/A,#N/A,#N/A,0,0,0,0,0,0,3,Midfielder,0,1,a,0,0,0,0,0,0,#N/A,#N/A,#N/A,#N/A,0,0,0,0,0,0,1,a,0,0,0,0,0,0,#N/A,#N/A,#N/A,0,#N/A,0,0,0,0,0,0,0,0,2
555,Browne,2,0,0,0,0,0,0,0,#N/A,#N/A,#N/A,0,#N/A,#N/A,#N/A,0,0,0,0,0,0,3,Midfielder,0,1,a,0,0,0,0,0,0,#N/A,#N/A,#N/A,#N/A,0,0,0,0,0,0,1,a,0,0,0,0,0,0,#N/A,#N/A,#N/A,0,#N/A,0,0,0,0,0,0,0,0,0
556,Ekwah,2,0,0,0,0,0,0,0,#N/A,#N/A,#N/A,0,#N/A,#N/A,#N/A,0,0,0,0,0,0,3,Midfielder,0,2,u,0,0,0,0,0,0,#N/A,#N/A,#N/A,#N/A,0,0,0,0,0,0,2,u,0,0,0,0,0,0,#N/A,#N/A,#N/A,0,#N/A,0,0,0,0,0,0,0,0,0
557,H.Jones,1,0,0,0,0,0,0,0,#N/A,#N/A,#N/A,0,#N/A,#N/A,#N/A,0,0,0,0,0,0,3,Midfielder,0,1,a,0,0,0,0,0,0,#N/A,#N/A,#N/A,#N/A,0,0,0,0,0,0,1,a,0,0,0,0,0,0,25-26-efl-cup-huddersfield-town-vs-sunderland,90,0,0,0,0,0,0,0,0,0,0,0,0
558,Matete,1,0,0,0,0,0,0,0,#N/A,#N/A,#N/A,0,#N/A,#N/A,#N/A,0,0,0,0,0,0,3,Midfielder,0,1,a,0,0,0,0,0,0,#N/A,#N/A,#N/A,#N/A,0,0,0,0,0,0,1,a,0,0,0,0,0,0,#N/A,#N/A,#N/A,0,#N/A,0,0,0,0,0,0,0,0,0
559,Triantis,2,0,0,0,0,0,0,0,#N/A,#N/A,#N/A,0,#N/A,#N/A,#N/A,0,0,0,0,0,0,3,Midfielder,0,1,a,0,0,0,0,0,0,#N/A,#N/A,#N/A,#N/A,0,0,0,0,0,0,1,a,0,0,0,0,0,0,#N/A,#N/A,#N/A,0,#N/A,0,0,0,0,0,0,0,0,5
560,Isidor,1,2,5,14,1,0,0,0,25-26-prem-sunderland-vs-west-ham-united,14,1,0,14,1,0,14,1,0,0,0,0,4,Forward,1,1,a,27,0,0,0,1,0,25-26-prem-burnley-vs-sunderland,27,0,0,41,1,1,0,0,1,1,a,25,1,0,0,1,2,25-26-prem-sunderland-vs-brentford,25,1,1,0,66,2,0,0,2,4,0,14,10
561,Mayenda,1,0,8,75,1,0,1,0,25-26-prem-sunderland-vs-west-ham-united,76,1,0,76,1,0,75,1,0,1,0,0,4,Forward,2,1,a,62,0,0,0,1,5,25-26-prem-burnley-vs-sunderland,63,0,0,137,1,1,0,1,1,1,a,64,0,0,1,0,0,25-26-prem-sunderland-vs-brentford,65,0,0,0,201,1,0,2,1,5,0,12,0
562,Abdullahi,1,0,0,0,0,0,0,0,#N/A,#N/A,#N/A,0,#N/A,#N/A,#N/A,0,0,0,0,0,0,4,Forward,0,1,a,0,0,0,0,0,0,#N/A,#N/A,#N/A,#N/A,0,0,0,0,0,0,1,a,0,0,0,0,0,0,#N/A,#N/A,#N/A,0,#N/A,0,0,0,0,0,0,0,0,9
563,Luís Hemir,2,0,0,0,0,0,0,0,#N/A,#N/A,#N/A,0,#N/A,#N/A,#N/A,0,0,0,0,0,0,4,Forward,0,1,a,0,0,0,0,0,0,#N/A,#N/A,#N/A,#N/A,0,0,0,0,0,0,1,a,0,0,0,0,0,0,#N/A,#N/A,#N/A,0,#N/A,0,0,0,0,0,0,0,0,10
564,Rusyn,2,0,0,0,0,0,0,0,#N/A,#N/A,#N/A,0,#N/A,#N/A,#N/A,0,0,0,0,0,0,4,Forward,0,1,a,0,0,0,0,0,0,#N/A,#N/A,#N/A,#N/A,0,0,0,0,0,0,1,a,0,0,0,0,0,0,#N/A,#N/A,#N/A,0,#N/A,0,0,0,0,0,0,0,0,1
668,Xhaka,1,6,3,90,0,0,1,0,25-26-prem-sunderland-vs-west-ham-united,90,0,0,90,0,0,90,0,0,1,0,0,3,Midfielder,4,1,a,90,0,0,0,2,13,25-26-prem-burnley-vs-sunderland,90,0,0,180,0,0,0,1,2,1,a,90,0,1,0,1,11,25-26-prem-sunderland-vs-brentford,90,0,1,1,270,0,1,1,3,30,0,11,1
670,Roefs,1,0,8,90,0,0,1,0,25-26-prem-sunderland-vs-west-ham-united,90,0,0,90,0,0,90,0,0,1,0,4,1,Goalkeeper,1,1,a,90,0,0,0,2,22,25-26-prem-burnley-vs-sunderland,90,0,0,180,0,0,0,1,2,1,a,90,0,0,0,1,9,25-26-prem-sunderland-vs-brentford,90,0,1,0,270,0,0,1,3,31,7,17,0
678,Masuaku,1,0,0,0,0,0,0,0,#N/A,#N/A,#N/A,0,#N/A,#N/A,#N/A,0,0,0,0,0,0,2,Defender,0,1,a,0,0,0,0,0,0,#N/A,#N/A,#N/A,#N/A,0,0,0,0,0,0,1,a,0,0,0,0,0,0,#N/A,#N/A,#N/A,0,#N/A,0,0,0,0,0,0,0,0,8
683,Alderete,1,5,4,37,0,1,0,0,25-26-prem-sunderland-vs-west-ham-united,37,0,1,37,0,1,37,0,1,0,0,0,2,Defender,1,1,a,90,0,0,0,2,16,25-26-prem-burnley-vs-sunderland,90,0,0,127,0,0,1,0,2,1,a,90,0,0,0,1,15,25-26-prem-sunderland-vs-brentford,90,0,1,0,217,0,1,0,3,36,0,9,0
694,Mukiele,1,0,0,0,0,0,0,0,#N/A,#N/A,#N/A,0,#N/A,#N/A,#N/A,0,0,0,0,0,0,2,Defender,0,1,a,0,0,0,0,0,0,#N/A,#N/A,#N/A,#N/A,0,0,0,0,0,0,1,a,90,0,0,0,1,15,25-26-prem-sunderland-vs-brentford,90,0,1,0,90,0,0,0,1,15,0,4,0
724,Geertruida,1,0,0,0,0,0,0,0,#N/A,#N/A,#N/A,0,#N/A,#N/A,#N/A,0,0,0,0,0,0,2,Defender,0,1,a,0,0,0,0,0,0,#N/A,#N/A,#N/A,#N/A,0,0,0,0,0,0,1,a,0,0,0,0,0,0,#N/A,#N/A,#N/A,0,#N/A,0,0,0,0,0,0,0,0,6
730,Brobbey,1,0,0,0,0,0,0,0,#N/A,#N/A,#N/A,0,#N/A,#N/A,#N/A,0,0,0,0,0,0,4,Forward,0,1,a,0,0,0,0,0,0,#N/A,#N/A,#N/A,#N/A,0,0,0,0,0,0,1,a,0,0,0,0,0,0,#N/A,#N/A,#N/A,0,#N/A,0,0,0,0,0,0,0,0,12
735,Traoré,1,0,0,0,0,0,0,0,#N/A,#N/A,#N/A,0,#N/A,#N/A,#N/A,0,0,0,0,0,0,3,Midfielder,0,1,a,0,0,0,0,0,0,#N/A,#N/A,#N/A,#N/A,0,0,0,0,0,0,1,a,0,0,0,0,0,0,#N/A,#N/A,#N/A,0,#N/A,0,0,0,0,0,0,0,0,1
565,Vicario,1,0,9,90,0,0,1,0,25-26-prem-tottenham-hotspur-vs-burnley,90,0,0,90,0,0,90,0,0,1,0,4,1,Goalkeeper,9,1,a,90,0,0,1,0,15,25-26-prem-manchester-city-vs-tottenham-hotspur,90,0,0,180,0,0,0,2,0,1,a,90,0,0,0,1,13,25-26-prem-tottenham-hotspur-vs-afc-bournemouth,90,0,1,0,270,0,0,2,1,28,13,21,0
566,Austin,1,0,0,0,0,0,0,0,#N/A,#N/A,#N/A,0,#N/A,#N/A,#N/A,0,0,0,0,0,0,1,Goalkeeper,0,1,a,0,0,0,0,0,0,#N/A,#N/A,#N/A,#N/A,0,0,0,0,0,0,1,a,0,0,0,0,0,0,#N/A,#N/A,#N/A,0,#N/A,0,0,0,0,0,0,0,0,0
567,Kinsky,1,0,0,0,0,0,0,0,#N/A,#N/A,#N/A,0,#N/A,#N/A,#N/A,0,0,0,0,0,0,1,Goalkeeper,0,1,a,0,0,0,0,0,0,#N/A,#N/A,#N/A,#N/A,0,0,0,0,0,0,1,a,0,0,0,0,0,0,#N/A,#N/A,#N/A,0,#N/A,0,0,0,0,0,0,0,0,5
568,Pedro Porro,1,4,6,90,0,0,1,0,25-26-prem-tottenham-hotspur-vs-burnley,90,0,0,90,0,0,90,0,0,1,0,0,2,Defender,5,1,a,90,0,0,1,0,14,25-26-prem-manchester-city-vs-tottenham-hotspur,90,0,0,180,0,0,0,2,0,1,a,70,0,0,0,1,15,25-26-prem-tottenham-hotspur-vs-afc-bournemouth,71,0,1,0,250,0,0,2,1,33,0,15,1
569,Romero,1,5,6,90,0,0,1,0,25-26-prem-tottenham-hotspur-vs-burnley,90,0,0,90,0,0,90,0,0,1,0,0,2,Defender,7,1,a,90,0,0,1,0,19,25-26-prem-manchester-city-vs-tottenham-hotspur,90,0,0,180,0,0,0,2,0,1,a,90,0,0,0,1,12,25-26-prem-tottenham-hotspur-vs-afc-bournemouth,90,0,1,0,270,0,0,2,1,36,0,15,14
570,Danso,1,0,0,0,0,0,0,0,#N/A,#N/A,#N/A,0,#N/A,#N/A,#N/A,0,0,0,0,0,0,2,Defender,1,1,a,1,0,0,0,0,2,25-26-prem-manchester-city-vs-tottenham-hotspur,1,0,0,1,0,0,0,0,0,1,a,0,0,0,0,0,0,#N/A,#N/A,#N/A,0,#N/A,1,0,0,0,0,2,0,1,0
571,Davies,1,0,0,0,0,0,0,0,#N/A,#N/A,#N/A,0,#N/A,#N/A,#N/A,0,0,0,0,0,0,2,Defender,0,1,a,0,0,0,0,0,0,#N/A,#N/A,#N/A,#N/A,0,0,0,0,0,0,1,a,0,0,0,0,0,0,#N/A,#N/A,#N/A,0,#N/A,0,0,0,0,0,0,0,0,0
572,Dragusin,4,0,0,0,0,0,0,0,#N/A,#N/A,#N/A,0,#N/A,#N/A,#N/A,0,0,0,0,0,0,2,Defender,0,3,i,0,0,0,0,0,0,#N/A,#N/A,#N/A,#N/A,0,0,0,0,0,0,3,i,0,0,0,0,0,0,#N/A,#N/A,#N/A,0,#N/A,0,0,0,0,0,0,0,0,0
573,Spence,1,3,6,90,0,0,1,0,25-26-prem-tottenham-hotspur-vs-burnley,90,0,0,90,0,0,90,0,0,1,0,0,2,Defender,6,1,a,90,0,0,1,0,12,25-26-prem-manchester-city-vs-tottenham-hotspur,90,0,0,180,0,0,0,2,0,1,a,90,0,0,0,1,9,25-26-prem-tottenham-hotspur-vs-afc-bournemouth,90,0,1,0,270,0,0,2,1,24,0,13,0
574,Udogie,3,0,0,0,0,0,0,0,#N/A,#N/A,#N/A,0,#N/A,#N/A,#N/A,0,0,0,0,0,0,2,Defender,0,3,i,0,0,0,0,0,0,#N/A,#N/A,#N/A,#N/A,0,0,0,0,0,0,1,a,19,0,0,0,0,2,25-26-prem-tottenham-hotspur-vs-afc-bournemouth,19,0,0,0,19,0,0,0,0,2,0,1,1
575,Van de Ven,1,6,6,90,0,0,1,0,25-26-prem-tottenham-hotspur-vs-burnley,90,0,0,90,0,0,90,0,0,1,0,0,2,Defender,6,1,a,90,0,0,1,0,11,25-26-prem-manchester-city-vs-tottenham-hotspur,90,0,0,180,0,0,0,2,0,1,a,90,0,0,0,1,15,25-26-prem-tottenham-hotspur-vs-afc-bournemouth,90,0,1,0,270,0,0,2,1,32,0,13,0
576,Phillips,2,0,0,0,0,0,0,0,#N/A,#N/A,#N/A,0,#N/A,#N/A,#N/A,0,0,0,0,0,0,2,Defender,0,2,u,0,0,0,0,0,0,#N/A,#N/A,#N/A,#N/A,0,0,0,0,0,0,2,u,0,0,0,0,0,0,#N/A,#N/A,#N/A,0,#N/A,0,0,0,0,0,0,0,0,3
577,Takai,4,0,0,0,0,0,0,0,#N/A,#N/A,#N/A,0,#N/A,#N/A,#N/A,0,0,0,0,0,0,2,Defender,0,3,i,0,0,0,0,0,0,#N/A,#N/A,#N/A,#N/A,0,0,0,0,0,0,4,d,0,0,0,0,0,0,#N/A,#N/A,#N/A,0,#N/A,0,0,0,0,0,0,0,0,0
578,Vuskovic,2,0,0,0,0,0,0,0,#N/A,#N/A,#N/A,0,#N/A,#N/A,#N/A,0,0,0,0,0,0,2,Defender,0,1,a,0,0,0,0,0,0,#N/A,#N/A,#N/A,#N/A,0,0,0,0,0,0,1,a,0,0,0,0,0,0,#N/A,#N/A,#N/A,0,#N/A,0,0,0,0,0,0,0,0,3
579,Son,2,0,0,0,0,0,0,0,#N/A,#N/A,#N/A,0,#N/A,#N/A,#N/A,0,0,0,0,0,0,3,Midfielder,0,2,u,0,0,0,0,0,0,#N/A,#N/A,#N/A,#N/A,0,0,0,0,0,0,2,u,0,0,0,0,0,0,#N/A,#N/A,#N/A,0,#N/A,0,0,0,0,0,0,0,0,0
580,Johnson,1,3,8,79,1,0,1,0,25-26-prem-tottenham-hotspur-vs-burnley,80,1,0,80,1,0,79,1,0,1,0,0,3,Midfielder,9,1,a,77,1,0,1,0,6,25-26-prem-manchester-city-vs-tottenham-hotspur,78,1,0,156,2,2,0,2,0,1,a,53,0,0,0,1,4,25-26-prem-tottenham-hotspur-vs-afc-bournemouth,54,0,1,0,209,2,0,2,1,13,0,18,11
581,Maddison,3,0,0,0,0,0,0,0,#N/A,#N/A,#N/A,0,#N/A,#N/A,#N/A,0,0,0,0,0,0,3,Midfielder,0,3,i,0,0,0,0,0,0,#N/A,#N/A,#N/A,#N/A,0,0,0,0,0,0,3,i,0,0,0,0,0,0,#N/A,#N/A,#N/A,0,#N/A,0,0,0,0,0,0,0,0,0
582,Kudus,1,4,10,84,0,2,1,0,25-26-prem-tottenham-hotspur-vs-burnley,85,0,2,85,0,2,84,0,2,1,0,0,3,Midfielder,3,1,a,85,0,0,1,0,9,25-26-prem-manchester-city-vs-tottenham-hotspur,86,0,0,169,0,0,2,2,0,1,a,90,0,0,0,1,6,25-26-prem-tottenham-hotspur-vs-afc-bournemouth,90,0,1,0,259,0,2,2,1,19,0,15,1
583,Kulusevski,3,0,0,0,0,0,0,0,#N/A,#N/A,#N/A,0,#N/A,#N/A,#N/A,0,0,0,0,0,0,3,Midfielder,0,3,i,0,0,0,0,0,0,#N/A,#N/A,#N/A,#N/A,0,0,0,0,0,0,3,i,0,0,0,0,0,0,#N/A,#N/A,#N/A,0,#N/A,0,0,0,0,0,0,0,0,0
584,Tel,1,0,1,5,0,0,0,0,25-26-prem-tottenham-hotspur-vs-burnley,5,0,0,5,0,0,5,0,0,0,0,0,3,Midfielder,0,1,a,0,0,0,0,0,0,#N/A,#N/A,#N/A,#N/A,5,0,0,0,0,0,1,a,14,0,0,0,0,5,25-26-prem-tottenham-hotspur-vs-afc-bournemouth,14,0,0,0,19,0,0,0,0,5,0,2,0
585,Bentancur,1,3,1,19,0,0,0,0,25-26-prem-tottenham-hotspur-vs-burnley,19,0,0,19,0,0,19,0,0,0,0,0,3,Midfielder,3,1,a,90,0,0,1,0,11,25-26-prem-manchester-city-vs-tottenham-hotspur,90,0,0,109,0,0,0,1,0,1,a,90,0,0,0,1,10,25-26-prem-tottenham-hotspur-vs-afc-bournemouth,90,0,1,0,199,0,0,1,1,24,0,6,0
586,Bergvall,1,4,3,79,0,0,1,0,25-26-prem-tottenham-hotspur-vs-burnley,80,0,0,80,0,0,79,0,0,1,0,0,3,Midfielder,1,1,a,4,0,0,0,0,3,25-26-prem-manchester-city-vs-tottenham-hotspur,4,0,0,83,0,0,0,1,0,1,a,36,0,0,0,0,2,25-26-prem-tottenham-hotspur-vs-afc-bournemouth,36,0,0,0,119,0,0,1,0,9,0,5,0
587,Bissouma,3,0,0,0,0,0,0,0,#N/A,#N/A,#N/A,0,#N/A,#N/A,#N/A,0,0,0,0,0,0,3,Midfielder,0,3,i,0,0,0,0,0,0,#N/A,#N/A,#N/A,#N/A,0,0,0,0,0,0,3,i,0,0,0,0,0,0,#N/A,#N/A,#N/A,0,#N/A,0,0,0,0,0,0,0,0,8
588,Odobert,1,1,1,10,0,0,0,0,25-26-prem-tottenham-hotspur-vs-burnley,10,0,0,10,0,0,10,0,0,0,0,0,3,Midfielder,1,1,a,12,0,0,0,0,2,25-26-prem-manchester-city-vs-tottenham-hotspur,12,0,0,22,0,0,0,0,0,1,a,36,0,0,0,0,2,25-26-prem-tottenham-hotspur-vs-afc-bournemouth,36,0,0,0,58,0,0,0,0,5,0,3,0
589,Solomon,2,0,0,0,0,0,0,0,#N/A,#N/A,#N/A,0,#N/A,#N/A,#N/A,0,0,0,0,0,0,3,Midfielder,0,4,d,0,0,0,0,0,0,#N/A,#N/A,#N/A,#N/A,0,0,0,0,0,0,1,a,0,0,0,0,0,0,#N/A,#N/A,#N/A,0,#N/A,0,0,0,0,0,0,0,0,0
590,Bryan,2,0,0,0,0,0,0,0,#N/A,#N/A,#N/A,0,#N/A,#N/A,#N/A,0,0,0,0,0,0,3,Midfielder,0,1,a,0,0,0,0,0,0,#N/A,#N/A,#N/A,#N/A,0,0,0,0,0,0,1,a,0,0,0,0,0,0,#N/A,#N/A,#N/A,0,#N/A,0,0,0,0,0,0,0,0,0
591,Gray,1,8,3,70,0,0,1,0,25-26-prem-tottenham-hotspur-vs-burnley,71,0,0,71,0,0,70,0,0,1,0,0,3,Midfielder,0,1,a,0,0,0,0,0,0,#N/A,#N/A,#N/A,#N/A,70,0,0,0,1,0,1,a,0,0,0,0,0,0,#N/A,#N/A,#N/A,0,#N/A,70,0,0,1,0,8,0,3,1
592,Moore,2,0,0,0,0,0,0,0,#N/A,#N/A,#N/A,0,#N/A,#N/A,#N/A,0,0,0,0,0,0,3,Midfielder,0,2,u,0,0,0,0,0,0,#N/A,#N/A,#N/A,#N/A,0,0,0,0,0,0,2,u,0,0,0,0,0,0,#N/A,#N/A,#N/A,0,#N/A,0,0,0,0,0,0,0,0,0
593,P.M.Sarr,1,10,6,90,0,1,1,0,25-26-prem-tottenham-hotspur-vs-burnley,90,0,1,90,0,1,90,0,1,1,0,0,3,Midfielder,3,1,a,90,0,0,1,0,9,25-26-prem-manchester-city-vs-tottenham-hotspur,90,0,0,180,0,0,1,2,0,1,a,75,0,0,0,1,6,25-26-prem-tottenham-hotspur-vs-afc-bournemouth,76,0,1,0,255,0,1,2,1,25,0,11,0
594,Min-hyeok,2,0,0,0,0,0,0,0,#N/A,#N/A,#N/A,0,#N/A,#N/A,#N/A,0,0,0,0,0,0,3,Midfielder,0,2,u,0,0,0,0,0,0,#N/A,#N/A,#N/A,#N/A,0,0,0,0,0,0,2,u,0,0,0,0,0,0,#N/A,#N/A,#N/A,0,#N/A,0,0,0,0,0,0,0,0,3
595,Olusesi,1,0,0,0,0,0,0,0,#N/A,#N/A,#N/A,0,#N/A,#N/A,#N/A,0,0,0,0,0,0,3,Midfielder,0,1,a,0,0,0,0,0,0,#N/A,#N/A,#N/A,#N/A,0,0,0,0,0,0,1,a,0,0,0,0,0,0,#N/A,#N/A,#N/A,0,#N/A,0,0,0,0,0,0,0,0,6
596,Solanke,3,2,1,19,0,0,0,0,25-26-prem-tottenham-hotspur-vs-burnley,19,0,0,19,0,0,19,0,0,0,0,0,4,Forward,1,1,a,12,0,0,0,0,1,25-26-prem-manchester-city-vs-tottenham-hotspur,12,0,0,31,0,0,0,0,0,1,a,0,0,0,0,0,0,#N/A,#N/A,#N/A,0,#N/A,31,0,0,0,0,3,0,2,0
597,Richarlison,1,5,13,71,2,0,1,0,25-26-prem-tottenham-hotspur-vs-burnley,71,2,0,71,2,0,71,2,0,1,0,0,4,Forward,4,1,a,77,0,1,1,0,8,25-26-prem-manchester-city-vs-tottenham-hotspur,78,0,1,148,2,2,1,2,0,1,a,90,0,0,0,1,4,25-26-prem-tottenham-hotspur-vs-afc-bournemouth,90,0,1,0,238,2,1,2,1,17,0,19,0
598,Lankshear,2,0,0,0,0,0,0,0,#N/A,#N/A,#N/A,0,#N/A,#N/A,#N/A,0,0,0,0,0,0,4,Forward,0,2,u,0,0,0,0,0,0,#N/A,#N/A,#N/A,#N/A,0,0,0,0,0,0,2,u,0,0,0,0,0,0,#N/A,#N/A,#N/A,0,#N/A,0,0,0,0,0,0,0,0,0
599,Scarlett,1,0,0,0,0,0,0,0,#N/A,#N/A,#N/A,0,#N/A,#N/A,#N/A,0,0,0,0,0,0,4,Forward,0,1,a,0,0,0,0,0,0,#N/A,#N/A,#N/A,#N/A,0,0,0,0,0,0,1,a,0,0,0,0,0,0,#N/A,#N/A,#N/A,0,#N/A,0,0,0,0,0,0,0,0,0
673,J.Palhinha,1,0,1,10,0,0,0,0,25-26-prem-tottenham-hotspur-vs-burnley,10,0,0,10,0,0,10,0,0,0,0,0,3,Midfielder,11,1,a,90,1,0,1,0,9,25-26-prem-manchester-city-vs-tottenham-hotspur,89,1,0,100,1,1,0,1,0,1,a,53,0,0,0,1,6,25-26-prem-tottenham-hotspur-vs-afc-bournemouth,54,0,1,0,153,1,0,1,1,15,0,13,0
717,Xavi,1,0,0,0,0,0,0,0,#N/A,#N/A,#N/A,0,#N/A,#N/A,#N/A,0,0,0,0,0,0,3,Midfielder,0,1,a,0,0,0,0,0,0,#N/A,#N/A,#N/A,#N/A,0,0,0,0,0,0,1,a,0,0,0,0,0,0,#N/A,#N/A,#N/A,0,#N/A,0,0,0,0,0,0,0,0,0
726,Kolo Muani,1,0,0,0,0,0,0,0,#N/A,#N/A,#N/A,0,#N/A,#N/A,#N/A,0,0,0,0,0,0,4,Forward,0,4,d,0,0,0,0,0,0,#N/A,#N/A,#N/A,#N/A,0,0,0,0,0,0,4,d,0,0,0,0,0,0,#N/A,#N/A,#N/A,0,#N/A,0,0,0,0,0,0,0,0,0
745,Byfield,1,0,0,0,0,0,0,0,#N/A,#N/A,#N/A,0,#N/A,#N/A,#N/A,0,0,0,0,0,0,2,Defender,0,1,a,0,0,0,0,0,0,#N/A,#N/A,#N/A,#N/A,0,0,0,0,0,0,1,a,0,0,0,0,0,0,#N/A,#N/A,#N/A,0,#N/A,0,0,0,0,0,0,0,0,0
750,Rowswell,1,0,0,0,0,0,0,0,#N/A,#N/A,#N/A,0,#N/A,#N/A,#N/A,0,0,0,0,0,0,2,Defender,0,1,a,0,0,0,0,0,0,#N/A,#N/A,#N/A,#N/A,0,0,0,0,0,0,1,a,0,0,0,0,0,0,#N/A,#N/A,#N/A,0,#N/A,0,0,0,0,0,0,0,0,1
751,Akhamrich,1,0,0,0,0,0,0,0,#N/A,#N/A,#N/A,0,#N/A,#N/A,#N/A,0,0,0,0,0,0,3,Midfielder,0,1,a,0,0,0,0,0,0,#N/A,#N/A,#N/A,#N/A,0,0,0,0,0,0,1,a,0,0,0,0,0,0,#N/A,#N/A,#N/A,0,#N/A,0,0,0,0,0,0,0,0,0
149,Igor,1,0,0,0,0,0,0,0,#N/A,#N/A,#N/A,0,#N/A,#N/A,#N/A,0,0,0,0,0,0,2,Defender,0,1,a,0,0,0,0,0,0,#N/A,#N/A,#N/A,#N/A,0,0,0,0,0,0,1,a,0,0,0,0,0,0,#N/A,#N/A,#N/A,0,#N/A,0,0,0,0,0,0,0,0,1
600,Areola,1,0,0,0,0,0,0,0,#N/A,#N/A,#N/A,0,#N/A,#N/A,#N/A,0,0,0,0,0,0,1,Goalkeeper,0,1,a,0,0,0,0,0,0,#N/A,#N/A,#N/A,#N/A,0,0,0,0,0,0,1,a,0,0,0,0,0,0,25-26-efl-cup-west-ham-united-vs-wolverhampton-wanderers,90,0,0,0,0,0,0,0,0,0,0,0,3
601,Foderingham,2,0,0,0,0,0,0,0,#N/A,#N/A,#N/A,0,#N/A,#N/A,#N/A,0,0,0,0,0,0,1,Goalkeeper,0,1,a,0,0,0,0,0,0,#N/A,#N/A,#N/A,#N/A,0,0,0,0,0,0,1,a,0,0,0,0,0,0,#N/A,#N/A,#N/A,0,#N/A,0,0,0,0,0,0,0,0,0
602,Hegyi,1,0,0,0,0,0,0,0,#N/A,#N/A,#N/A,0,#N/A,#N/A,#N/A,0,0,0,0,0,0,1,Goalkeeper,0,1,a,0,0,0,0,0,0,#N/A,#N/A,#N/A,#N/A,0,0,0,0,0,0,1,a,0,0,0,0,0,0,#N/A,#N/A,#N/A,0,#N/A,0,0,0,0,0,0,0,0,0
603,Diouf,1,3,1,90,0,0,0,3,25-26-prem-sunderland-vs-west-ham-united,90,0,0,90,0,0,90,0,0,0,3,0,2,Defender,3,1,a,90,0,1,0,5,12,25-26-prem-west-ham-united-vs-chelsea,90,0,1,180,0,0,1,0,8,1,a,90,0,1,1,0,9,25-26-prem-nottingham-forest-vs-west-ham-united,90,0,0,1,270,0,2,1,8,24,0,14,0
604,Emerson,2,0,0,0,0,0,0,0,#N/A,#N/A,#N/A,0,#N/A,#N/A,#N/A,0,0,0,0,0,0,2,Defender,0,1,a,0,0,0,0,0,0,#N/A,#N/A,#N/A,#N/A,0,0,0,0,0,0,1,a,0,0,0,0,0,0,#N/A,#N/A,#N/A,0,#N/A,0,0,0,0,0,0,0,0,0
605,Kilman,1,9,0,90,0,0,0,3,25-26-prem-sunderland-vs-west-ham-united,90,0,0,90,0,0,90,0,0,0,3,0,2,Defender,0,1,a,90,0,0,0,5,8,25-26-prem-west-ham-united-vs-chelsea,90,0,0,180,0,0,0,0,8,1,a,90,0,0,1,0,11,25-26-prem-nottingham-forest-vs-west-ham-united,90,0,0,0,270,0,0,1,8,28,0,6,0
606,Mavropanos,1,0,0,0,0,0,0,0,#N/A,#N/A,#N/A,0,#N/A,#N/A,#N/A,0,0,0,0,0,0,2,Defender,0,1,a,0,0,0,0,0,0,#N/A,#N/A,#N/A,#N/A,0,0,0,0,0,0,1,a,90,0,0,1,0,7,25-26-prem-nottingham-forest-vs-west-ham-united,90,0,0,0,90,0,0,1,0,7,0,6,2
607,N.Aguerd,2,2,1,90,0,0,0,3,25-26-prem-sunderland-vs-west-ham-united,90,0,0,90,0,0,90,0,0,0,3,0,2,Defender,2,1,a,90,0,0,0,5,21,25-26-prem-west-ham-united-vs-chelsea,90,0,0,180,0,0,0,0,8,1,a,0,0,0,0,0,0,25-26-efl-cup-west-ham-united-vs-wolverhampton-wanderers,70,0,0,0,180,0,0,0,8,23,0,3,4
608,Scarles,1,0,0,0,0,0,0,0,#N/A,#N/A,#N/A,0,#N/A,#N/A,#N/A,0,0,0,0,0,0,2,Defender,0,1,a,0,0,0,0,0,0,#N/A,#N/A,#N/A,#N/A,0,0,0,0,0,0,1,a,0,0,0,0,0,0,#N/A,#N/A,#N/A,0,#N/A,0,0,0,0,0,0,0,0,2
609,Todibo,1,8,1,81,0,0,0,2,25-26-prem-sunderland-vs-west-ham-united,82,0,0,82,0,0,81,0,0,0,2,0,2,Defender,0,1,a,45,0,0,0,3,5,25-26-prem-west-ham-united-vs-chelsea,45,0,0,126,0,0,0,0,5,1,a,0,0,0,0,0,0,25-26-efl-cup-west-ham-united-vs-wolverhampton-wanderers,86,0,0,0,126,0,0,0,5,13,0,1,2
610,Wan-Bissaka,1,3,1,90,0,0,0,3,25-26-prem-sunderland-vs-west-ham-united,90,0,0,90,0,0,90,0,0,0,3,0,2,Defender,0,1,a,90,0,0,0,5,13,25-26-prem-west-ham-united-vs-chelsea,90,0,0,180,0,0,0,0,8,1,a,0,0,0,0,0,0,#N/A,#N/A,#N/A,0,#N/A,180,0,0,0,8,16,0,1,0
611,Casey,2,0,0,0,0,0,0,0,#N/A,#N/A,#N/A,0,#N/A,#N/A,#N/A,0,0,0,0,0,0,2,Defender,0,2,u,0,0,0,0,0,0,#N/A,#N/A,#N/A,#N/A,0,0,0,0,0,0,2,u,0,0,0,0,0,0,#N/A,#N/A,#N/A,0,#N/A,0,0,0,0,0,0,0,0,0
612,L.Paquetá,1,6,2,90,0,0,0,3,25-26-prem-sunderland-vs-west-ham-united,90,0,0,90,0,0,90,0,0,0,3,0,3,Midfielder,9,1,a,90,1,0,0,5,11,25-26-prem-west-ham-united-vs-chelsea,90,1,0,180,1,1,0,0,8,1,a,90,1,0,1,0,15,25-26-prem-nottingham-forest-vs-west-ham-united,90,1,0,0,270,2,0,1,8,32,0,21,0
613,Souček,1,1,1,19,0,0,0,2,25-26-prem-sunderland-vs-west-ham-united,19,0,0,19,0,0,19,0,0,0,2,0,3,Midfielder,2,1,a,69,0,0,0,5,6,25-26-prem-west-ham-united-vs-chelsea,70,0,0,88,0,0,0,0,7,1,a,90,0,0,1,0,9,25-26-prem-nottingham-forest-vs-west-ham-united,90,0,0,0,178,0,0,1,7,16,0,6,1
614,Ward-Prowse,1,3,2,70,0,0,0,1,25-26-prem-sunderland-vs-west-ham-united,71,0,0,71,0,0,70,0,0,0,1,0,3,Midfielder,2,1,a,90,0,0,0,5,6,25-26-prem-west-ham-united-vs-chelsea,90,0,0,160,0,0,0,0,6,1,a,74,0,0,1,0,6,25-26-prem-nottingham-forest-vs-west-ham-united,75,0,0,0,234,0,0,1,6,15,0,7,0
615,Summerville,1,0,0,0,0,0,0,0,#N/A,#N/A,#N/A,0,#N/A,#N/A,#N/A,0,0,0,0,0,0,3,Midfielder,0,3,i,0,0,0,0,0,0,#N/A,#N/A,#N/A,#N/A,0,0,0,0,0,0,3,i,8,0,2,0,0,4,25-26-prem-nottingham-forest-vs-west-ham-united,8,0,0,1,8,0,2,0,0,4,0,7,1
616,Álvarez,2,0,0,0,0,0,0,0,#N/A,#N/A,#N/A,0,#N/A,#N/A,#N/A,0,0,0,0,0,0,3,Midfielder,0,1,a,0,0,0,0,0,0,#N/A,#N/A,#N/A,#N/A,0,0,0,0,0,0,2,u,0,0,0,0,0,0,#N/A,#N/A,#N/A,0,#N/A,0,0,0,0,0,0,0,0,0
617,Cornet,2,0,0,0,0,0,0,0,#N/A,#N/A,#N/A,0,#N/A,#N/A,#N/A,0,0,0,0,0,0,3,Midfielder,0,1,a,0,0,0,0,0,0,#N/A,#N/A,#N/A,#N/A,0,0,0,0,0,0,1,a,0,0,0,0,0,0,#N/A,#N/A,#N/A,0,#N/A,0,0,0,0,0,0,0,0,0
618,G.Rodriguez,1,4,2,70,0,0,0,1,25-26-prem-sunderland-vs-west-ham-united,71,0,0,71,0,0,70,0,0,0,1,0,3,Midfielder,0,1,a,0,0,0,0,0,0,#N/A,#N/A,#N/A,#N/A,70,0,0,0,0,1,1,a,0,0,0,0,0,0,25-26-efl-cup-west-ham-united-vs-wolverhampton-wanderers,86,0,0,0,70,0,0,0,1,4,0,2,2
619,L.Guilherme,1,0,0,0,0,0,0,0,#N/A,#N/A,#N/A,0,#N/A,#N/A,#N/A,0,0,0,0,0,0,3,Midfielder,0,3,i,0,0,0,0,0,0,#N/A,#N/A,#N/A,#N/A,0,0,0,0,0,0,3,i,0,0,0,0,0,0,#N/A,#N/A,#N/A,0,#N/A,0,0,0,0,0,0,0,0,0
620,Earthy,1,0,0,0,0,0,0,0,#N/A,#N/A,#N/A,0,#N/A,#N/A,#N/A,0,0,0,0,0,0,3,Midfielder,0,1,a,0,0,0,0,0,0,#N/A,#N/A,#N/A,#N/A,0,0,0,0,0,0,1,a,0,0,0,0,0,0,#N/A,#N/A,#N/A,0,#N/A,0,0,0,0,0,0,0,0,0
621,Irving,1,2,1,8,0,0,0,1,25-26-prem-sunderland-vs-west-ham-united,8,0,0,8,0,0,8,0,0,0,1,0,3,Midfielder,0,1,a,0,0,0,0,0,0,#N/A,#N/A,#N/A,#N/A,8,0,0,0,0,1,1,a,15,0,0,0,0,3,25-26-prem-nottingham-forest-vs-west-ham-united,15,0,0,0,23,0,0,0,1,5,0,2,1
622,Orford,2,0,0,0,0,0,0,0,#N/A,#N/A,#N/A,0,#N/A,#N/A,#N/A,0,0,0,0,0,0,3,Midfielder,0,1,a,0,0,0,0,0,0,#N/A,#N/A,#N/A,#N/A,0,0,0,0,0,0,1,a,0,0,0,0,0,0,#N/A,#N/A,#N/A,0,#N/A,0,0,0,0,0,0,0,0,1
623,Potts,1,0,0,0,0,0,0,0,#N/A,#N/A,#N/A,0,#N/A,#N/A,#N/A,0,0,0,0,0,0,3,Midfielder,1,1,a,45,0,0,0,2,4,25-26-prem-west-ham-united-vs-chelsea,45,0,0,45,0,0,0,0,2,1,a,0,0,0,0,0,0,#N/A,#N/A,#N/A,0,#N/A,45,0,0,0,2,4,0,1,1
624,Bowen,1,8,2,90,0,0,0,3,25-26-prem-sunderland-vs-west-ham-united,90,0,0,90,0,0,90,0,0,0,3,0,4,Forward,2,1,a,90,0,0,0,5,1,25-26-prem-west-ham-united-vs-chelsea,90,0,0,180,0,0,0,0,8,1,a,90,1,0,1,0,8,25-26-prem-nottingham-forest-vs-west-ham-united,90,1,0,0,270,1,0,1,8,17,0,13,2
625,Füllkrug,1,0,2,90,0,0,0,3,25-26-prem-sunderland-vs-west-ham-united,90,0,0,90,0,0,90,0,0,0,3,0,4,Forward,1,1,a,45,0,0,0,3,1,25-26-prem-west-ham-united-vs-chelsea,45,0,0,135,0,0,0,0,6,1,a,63,0,0,1,0,3,25-26-prem-nottingham-forest-vs-west-ham-united,64,0,0,0,198,0,0,1,6,4,0,5,1
626,Marshall,1,0,0,0,0,0,0,0,#N/A,#N/A,#N/A,0,#N/A,#N/A,#N/A,0,0,0,0,0,0,4,Forward,0,1,a,0,0,0,0,0,0,#N/A,#N/A,#N/A,#N/A,0,0,0,0,0,0,1,a,0,0,0,0,0,0,#N/A,#N/A,#N/A,0,#N/A,0,0,0,0,0,0,0,0,0
659,Walker-Peters,1,0,0,0,0,0,0,0,#N/A,#N/A,#N/A,0,#N/A,#N/A,#N/A,0,0,0,0,0,0,2,Defender,1,1,a,20,0,0,0,0,1,25-26-prem-west-ham-united-vs-chelsea,20,0,0,20,0,0,0,0,0,1,a,90,0,0,1,0,10,25-26-prem-nottingham-forest-vs-west-ham-united,90,0,0,0,110,0,0,1,0,11,0,7,0
671,Wilson,1,1,1,19,0,0,0,2,25-26-prem-sunderland-vs-west-ham-united,19,0,0,19,0,0,19,0,0,0,2,0,4,Forward,1,1,a,45,0,0,0,2,1,25-26-prem-west-ham-united-vs-chelsea,45,0,0,64,0,0,0,0,4,1,a,26,1,0,0,0,0,25-26-prem-nottingham-forest-vs-west-ham-united,26,1,0,0,90,1,0,0,4,2,0,9,0
679,Hermansen,1,0,1,90,0,0,0,3,25-26-prem-sunderland-vs-west-ham-united,90,0,0,90,0,0,90,0,0,0,3,2,1,Goalkeeper,0,1,a,90,0,0,0,5,17,25-26-prem-west-ham-united-vs-chelsea,90,0,0,180,0,0,0,0,8,1,a,90,0,0,1,0,12,25-26-prem-nottingham-forest-vs-west-ham-united,90,0,0,0,270,0,0,1,8,29,7,8,3
708,M.Fernandes,1,0,0,0,0,0,0,0,#N/A,#N/A,#N/A,0,#N/A,#N/A,#N/A,0,0,0,0,0,0,3,Midfielder,0,1,a,0,0,0,0,0,0,#N/A,#N/A,#N/A,#N/A,0,0,0,0,0,0,1,a,81,0,0,1,0,11,25-26-prem-nottingham-forest-vs-west-ham-united,82,0,0,0,81,0,0,1,0,11,0,3,0
718,S.Magassa,1,0,0,0,0,0,0,0,#N/A,#N/A,#N/A,0,#N/A,#N/A,#N/A,0,0,0,0,0,0,3,Midfielder,0,1,a,0,0,0,0,0,0,#N/A,#N/A,#N/A,#N/A,0,0,0,0,0,0,1,a,0,0,0,0,0,0,#N/A,#N/A,#N/A,0,#N/A,0,0,0,0,0,0,0,0,0
738,Fabianski,4,0,0,0,0,0,0,0,#N/A,#N/A,#N/A,0,#N/A,#N/A,#N/A,0,0,0,0,0,0,1,Goalkeeper,0,4,d,0,0,0,0,0,0,#N/A,#N/A,#N/A,#N/A,0,0,0,0,0,0,4,d,0,0,0,0,0,0,#N/A,#N/A,#N/A,0,#N/A,0,0,0,0,0,0,0,0,4
747,Mayers,1,0,0,0,0,0,0,0,#N/A,#N/A,#N/A,0,#N/A,#N/A,#N/A,0,0,0,0,0,0,2,Defender,0,1,a,0,0,0,0,0,0,#N/A,#N/A,#N/A,#N/A,0,0,0,0,0,0,1,a,0,0,0,0,0,0,#N/A,#N/A,#N/A,0,#N/A,0,0,0,0,0,0,0,0,0
752,Golambeckis,1,0,0,0,0,0,0,0,#N/A,#N/A,#N/A,0,#N/A,#N/A,#N/A,0,0,0,0,0,0,2,Defender,0,1,a,0,0,0,0,0,0,#N/A,#N/A,#N/A,#N/A,0,0,0,0,0,0,1,a,0,0,0,0,0,0,#N/A,#N/A,#N/A,0,#N/A,0,0,0,0,0,0,0,0,4
758,Mohamadou Kanté,1,0,0,0,0,0,0,0,#N/A,#N/A,#N/A,0,#N/A,#N/A,#N/A,0,0,0,0,0,0,3,Midfielder,#N/A,#N/A,#N/A,#N/A,#N/A,#N/A,#N/A,#N/A,#N/A,#N/A,#N/A,#N/A,#N/A,#N/A,#N/A,#N/A,#N/A,#N/A,#N/A,#N/A,#N/A,#N/A,#N/A,#N/A,#N/A,#N/A,#N/A,#N/A,#N/A,#N/A,#N/A,#N/A,#N/A,#N/A,#N/A,#N/A,#N/A,#N/A,#N/A,#N/A,2
627,Johnstone,1,0,0,0,0,0,0,0,#N/A,#N/A,#N/A,0,#N/A,#N/A,#N/A,0,0,0,0,0,0,1,Goalkeeper,0,1,a,0,0,0,0,0,0,#N/A,#N/A,#N/A,#N/A,0,0,0,0,0,0,1,a,0,0,0,0,0,0,25-26-efl-cup-west-ham-united-vs-wolverhampton-wanderers,90,0,0,0,0,0,0,0,0,0,0,0,2
628,José Sá,1,0,0,90,0,0,0,4,25-26-prem-wolverhampton-wanderers-vs-manchester-city,90,0,0,90,0,0,90,0,0,0,4,0,1,Goalkeeper,3,1,a,90,0,0,0,1,20,25-26-prem-afc-bournemouth-vs-wolverhampton-wanderers,90,0,0,180,0,0,0,0,5,1,a,90,0,0,0,3,13,25-26-prem-wolverhampton-wanderers-vs-everton,90,0,3,0,270,0,0,0,8,33,4,4,0
629,Bentley,3,0,0,0,0,0,0,0,#N/A,#N/A,#N/A,0,#N/A,#N/A,#N/A,0,0,0,0,0,0,1,Goalkeeper,0,1,a,0,0,0,0,0,0,#N/A,#N/A,#N/A,#N/A,0,0,0,0,0,0,1,a,0,0,0,0,0,0,#N/A,#N/A,#N/A,0,#N/A,0,0,0,0,0,0,0,0,2
631,Agbadou,1,7,0,90,0,0,0,4,25-26-prem-wolverhampton-wanderers-vs-manchester-city,90,0,0,90,0,0,90,0,0,0,4,0,2,Defender,4,1,a,90,0,0,0,1,19,25-26-prem-afc-bournemouth-vs-wolverhampton-wanderers,90,0,0,180,0,0,0,0,5,1,a,90,0,0,0,3,14,25-26-efl-cup-west-ham-united-vs-wolverhampton-wanderers,90,0,3,0,270,0,0,0,8,40,0,5,0
632,Doherty,1,5,-1,90,0,0,0,4,25-26-prem-wolverhampton-wanderers-vs-manchester-city,90,0,0,90,0,0,90,0,0,0,4,0,2,Defender,1,1,a,90,0,0,0,1,17,25-26-prem-afc-bournemouth-vs-wolverhampton-wanderers,90,0,0,180,0,0,0,0,5,1,a,0,0,0,0,0,0,25-26-efl-cup-west-ham-united-vs-wolverhampton-wanderers,18,0,0,0,180,0,0,0,5,22,0,0,0
633,H.Bueno,1,1,1,18,0,0,0,1,25-26-prem-wolverhampton-wanderers-vs-manchester-city,18,0,0,18,0,0,18,0,0,0,1,0,2,Defender,0,1,a,45,0,0,0,0,6,25-26-prem-afc-bournemouth-vs-wolverhampton-wanderers,45,0,0,63,0,0,0,0,1,4,d,74,0,0,0,3,13,25-26-efl-cup-west-ham-united-vs-wolverhampton-wanderers,90,0,3,0,137,0,0,0,4,20,0,2,0
634,Mosquera,1,0,0,0,0,0,0,0,#N/A,#N/A,#N/A,0,#N/A,#N/A,#N/A,0,0,0,0,0,0,2,Defender,0,1,a,0,0,0,0,0,0,#N/A,#N/A,#N/A,#N/A,0,0,0,0,0,0,1,a,0,0,0,0,0,0,25-26-efl-cup-west-ham-united-vs-wolverhampton-wanderers,72,0,0,0,0,0,0,0,0,0,0,0,0
635,R.Gomes,3,1,1,17,0,0,0,1,25-26-prem-wolverhampton-wanderers-vs-manchester-city,17,0,0,17,0,0,17,0,0,0,1,0,2,Defender,0,1,a,0,0,0,0,0,0,#N/A,#N/A,#N/A,#N/A,17,0,0,0,0,1,1,a,27,1,0,0,0,5,25-26-efl-cup-west-ham-united-vs-wolverhampton-wanderers,72,1,0,0,44,1,0,0,1,6,0,8,2
636,S.Bueno,1,0,0,0,0,0,0,0,#N/A,#N/A,#N/A,0,#N/A,#N/A,#N/A,0,0,0,0,0,0,2,Defender,1,1,a,34,0,0,0,0,5,25-26-prem-afc-bournemouth-vs-wolverhampton-wanderers,34,0,0,34,0,0,0,0,0,1,a,90,0,0,0,3,13,25-26-efl-cup-west-ham-united-vs-wolverhampton-wanderers,90,0,3,0,124,0,0,0,3,18,0,4,1
637,Toti,1,4,0,90,0,0,0,4,25-26-prem-wolverhampton-wanderers-vs-manchester-city,90,0,0,90,0,0,90,0,0,0,4,0,2,Defender,-2,1,a,48,0,0,0,1,12,25-26-prem-afc-bournemouth-vs-wolverhampton-wanderers,49,0,0,138,0,0,0,0,5,1,a,90,0,0,0,3,17,25-26-prem-wolverhampton-wanderers-vs-everton,90,0,3,0,228,0,0,0,8,33,0,1,1
638,Hoever,1,7,1,72,0,0,0,3,25-26-prem-wolverhampton-wanderers-vs-manchester-city,73,0,0,73,0,0,72,0,0,0,3,0,2,Defender,1,4,d,34,0,0,0,1,3,25-26-prem-afc-bournemouth-vs-wolverhampton-wanderers,35,0,0,106,0,0,0,0,4,4,d,0,0,0,0,0,0,#N/A,#N/A,#N/A,0,#N/A,106,0,0,0,4,10,0,2,1
639,Meupiyou,2,0,0,0,0,0,0,0,#N/A,#N/A,#N/A,0,#N/A,#N/A,#N/A,0,0,0,0,0,0,2,Defender,0,2,u,0,0,0,0,0,0,#N/A,#N/A,#N/A,#N/A,0,0,0,0,0,0,2,u,0,0,0,0,0,0,#N/A,#N/A,#N/A,0,#N/A,0,0,0,0,0,0,0,0,3
640,Pedro Lima,2,0,0,0,0,0,0,0,#N/A,#N/A,#N/A,0,#N/A,#N/A,#N/A,0,0,0,0,0,0,2,Defender,0,1,a,0,0,0,0,0,0,#N/A,#N/A,#N/A,#N/A,0,0,0,0,0,0,1,a,0,0,0,0,0,0,#N/A,#N/A,#N/A,0,#N/A,0,0,0,0,0,0,0,0,0
641,Pond,1,0,0,0,0,0,0,0,#N/A,#N/A,#N/A,0,#N/A,#N/A,#N/A,0,0,0,0,0,0,2,Defender,0,1,a,0,0,0,0,0,0,#N/A,#N/A,#N/A,#N/A,0,0,0,0,0,0,1,a,0,0,0,0,0,0,#N/A,#N/A,#N/A,0,#N/A,0,0,0,0,0,0,0,0,0
642,Hee Chan,1,1,1,8,0,0,0,0,25-26-prem-wolverhampton-wanderers-vs-manchester-city,8,0,0,8,0,0,8,0,0,0,0,0,3,Midfielder,1,1,a,12,0,0,0,0,0,25-26-prem-afc-bournemouth-vs-wolverhampton-wanderers,12,0,0,20,0,0,0,0,0,1,a,75,1,0,0,3,2,25-26-efl-cup-west-ham-united-vs-wolverhampton-wanderers,81,0,3,0,95,1,0,0,3,3,0,9,0
643,André,1,15,4,71,0,0,0,3,25-26-prem-wolverhampton-wanderers-vs-manchester-city,72,0,0,72,0,0,71,0,0,0,3,0,3,Midfielder,1,1,a,45,0,0,0,0,5,25-26-prem-afc-bournemouth-vs-wolverhampton-wanderers,45,0,0,116,0,0,0,0,3,1,a,63,0,0,0,3,9,25-26-efl-cup-west-ham-united-vs-wolverhampton-wanderers,90,0,3,0,179,0,0,0,6,29,0,7,0
644,Bellegarde,3,3,2,72,0,0,0,3,25-26-prem-wolverhampton-wanderers-vs-manchester-city,73,0,0,73,0,0,72,0,0,0,3,0,3,Midfielder,1,1,a,45,0,0,0,1,4,25-26-prem-afc-bournemouth-vs-wolverhampton-wanderers,45,0,0,117,0,0,0,0,4,1,a,26,0,0,0,0,1,25-26-efl-cup-west-ham-united-vs-wolverhampton-wanderers,73,0,0,0,143,0,0,0,4,8,0,4,0
645,Fer López,1,0,1,18,0,0,0,1,25-26-prem-wolverhampton-wanderers-vs-manchester-city,18,0,0,18,0,0,18,0,0,0,1,0,3,Midfielder,0,1,a,0,0,0,0,0,0,#N/A,#N/A,#N/A,#N/A,18,0,0,0,0,1,1,a,26,0,0,0,0,1,25-26-efl-cup-west-ham-united-vs-wolverhampton-wanderers,73,0,0,0,44,0,0,0,1,1,0,2,0
646,Gomes,1,9,2,90,0,0,0,4,25-26-prem-wolverhampton-wanderers-vs-manchester-city,90,0,0,90,0,0,90,0,0,0,4,0,3,Midfielder,1,1,a,90,0,0,0,1,11,25-26-prem-afc-bournemouth-vs-wolverhampton-wanderers,90,0,0,180,0,0,0,0,5,1,a,90,0,0,0,3,5,25-26-efl-cup-west-ham-united-vs-wolverhampton-wanderers,17,0,3,0,270,0,0,0,8,25,0,5,0
647,Guedes,2,0,0,0,0,0,0,0,#N/A,#N/A,#N/A,0,#N/A,#N/A,#N/A,0,0,0,0,0,0,3,Midfielder,0,2,u,0,0,0,0,0,0,#N/A,#N/A,#N/A,#N/A,0,0,0,0,0,0,2,u,0,0,0,0,0,0,#N/A,#N/A,#N/A,0,#N/A,0,0,0,0,0,0,0,0,0
648,Munetsi,3,6,2,90,0,0,0,4,25-26-prem-wolverhampton-wanderers-vs-manchester-city,90,0,0,90,0,0,90,0,0,0,4,0,3,Midfielder,2,1,a,90,0,0,0,1,6,25-26-prem-afc-bournemouth-vs-wolverhampton-wanderers,90,0,0,180,0,0,0,0,5,1,a,90,0,1,0,3,2,25-26-prem-wolverhampton-wanderers-vs-everton,90,0,3,1,270,0,1,0,8,14,0,9,0
649,B.Traore,2,0,0,0,0,0,0,0,#N/A,#N/A,#N/A,0,#N/A,#N/A,#N/A,0,0,0,0,0,0,3,Midfielder,0,2,u,0,0,0,0,0,0,#N/A,#N/A,#N/A,#N/A,0,0,0,0,0,0,2,u,0,0,0,0,0,0,#N/A,#N/A,#N/A,0,#N/A,0,0,0,0,0,0,0,0,0
650,Chirewa,1,0,0,0,0,0,0,0,#N/A,#N/A,#N/A,0,#N/A,#N/A,#N/A,0,0,0,0,0,0,3,Midfielder,0,1,a,0,0,0,0,0,0,#N/A,#N/A,#N/A,#N/A,0,0,0,0,0,0,1,a,0,0,0,0,0,0,#N/A,#N/A,#N/A,0,#N/A,0,0,0,0,0,0,0,0,0
651,Edozie,1,0,0,0,0,0,0,0,#N/A,#N/A,#N/A,0,#N/A,#N/A,#N/A,0,0,0,0,0,0,3,Midfielder,0,1,a,0,0,0,0,0,0,#N/A,#N/A,#N/A,#N/A,0,0,0,0,0,0,1,a,0,0,0,0,0,0,#N/A,#N/A,#N/A,0,#N/A,0,0,0,0,0,0,0,0,0
652,Gonzalez,1,0,0,0,0,0,0,0,#N/A,#N/A,#N/A,0,#N/A,#N/A,#N/A,0,0,0,0,0,0,3,Midfielder,0,1,a,0,0,0,0,0,0,#N/A,#N/A,#N/A,#N/A,0,0,0,0,0,0,1,a,0,0,0,0,0,0,#N/A,#N/A,#N/A,0,#N/A,0,0,0,0,0,0,0,0,1
653,Hodge,2,0,0,0,0,0,0,0,#N/A,#N/A,#N/A,0,#N/A,#N/A,#N/A,0,0,0,0,0,0,3,Midfielder,0,2,u,0,0,0,0,0,0,#N/A,#N/A,#N/A,#N/A,0,0,0,0,0,0,2,u,0,0,0,0,0,0,#N/A,#N/A,#N/A,0,#N/A,0,0,0,0,0,0,0,0,0
654,Strand Larsen,1,5,2,81,0,0,0,4,25-26-prem-wolverhampton-wanderers-vs-manchester-city,82,0,0,82,0,0,81,0,0,0,4,0,4,Forward,2,1,a,77,0,0,0,1,1,25-26-prem-afc-bournemouth-vs-wolverhampton-wanderers,78,0,0,158,0,0,0,0,5,4,d,0,0,0,0,0,0,25-26-efl-cup-west-ham-united-vs-wolverhampton-wanderers,17,2,0,0,158,0,0,0,5,6,0,4,1
655,Fábio Silva,2,0,0,0,0,0,0,0,#N/A,#N/A,#N/A,0,#N/A,#N/A,#N/A,0,0,0,0,0,0,4,Forward,0,1,a,0,0,0,0,0,0,#N/A,#N/A,#N/A,#N/A,0,0,0,0,0,0,1,a,0,0,0,0,0,0,#N/A,#N/A,#N/A,0,#N/A,0,0,0,0,0,0,0,0,1
656,Kalajdžić,2,0,0,0,0,0,0,0,#N/A,#N/A,#N/A,0,#N/A,#N/A,#N/A,0,0,0,0,0,0,4,Forward,0,1,a,0,0,0,0,0,0,#N/A,#N/A,#N/A,#N/A,0,0,0,0,0,0,1,a,14,0,0,0,0,2,25-26-efl-cup-west-ham-united-vs-wolverhampton-wanderers,9,0,0,0,14,0,0,0,0,2,0,1,2
657,Chiwome,3,0,0,0,0,0,0,0,#N/A,#N/A,#N/A,0,#N/A,#N/A,#N/A,0,0,0,0,0,0,4,Forward,0,3,i,0,0,0,0,0,0,#N/A,#N/A,#N/A,#N/A,0,0,0,0,0,0,3,i,0,0,0,0,0,0,#N/A,#N/A,#N/A,0,#N/A,0,0,0,0,0,0,0,0,0
658,Fraser,1,0,0,0,0,0,0,0,#N/A,#N/A,#N/A,0,#N/A,#N/A,#N/A,0,0,0,0,0,0,4,Forward,0,1,a,0,0,0,0,0,0,#N/A,#N/A,#N/A,#N/A,0,0,0,0,0,0,1,a,0,0,0,0,0,0,#N/A,#N/A,#N/A,0,#N/A,0,0,0,0,0,0,0,0,
663,J.Arias,1,3,1,17,0,0,0,1,25-26-prem-wolverhampton-wanderers-vs-manchester-city,17,0,0,17,0,0,17,0,0,0,1,0,3,Midfielder,1,1,a,55,0,0,0,1,7,25-26-prem-afc-bournemouth-vs-wolverhampton-wanderers,56,0,0,72,0,0,0,0,2,1,a,63,0,0,0,3,7,25-26-efl-cup-west-ham-united-vs-wolverhampton-wanderers,90,0,3,0,135,0,0,0,5,17,0,4,
682,Møller Wolfe,1,4,1,71,0,0,0,3,25-26-prem-wolverhampton-wanderers-vs-manchester-city,72,0,0,72,0,0,71,0,0,0,3,0,2,Defender,1,1,a,45,0,0,0,1,5,25-26-prem-afc-bournemouth-vs-wolverhampton-wanderers,45,0,0,116,0,0,0,0,4,1,a,15,0,1,0,0,1,25-26-prem-wolverhampton-wanderers-vs-everton,15,0,0,1,131,0,1,0,4,10,0,6,
695,Tchatchoua,1,0,0,0,0,0,0,0,#N/A,#N/A,#N/A,0,#N/A,#N/A,#N/A,0,0,0,0,0,0,2,Defender,1,1,a,55,0,0,0,0,7,25-26-prem-afc-bournemouth-vs-wolverhampton-wanderers,55,0,0,55,0,0,0,0,0,1,a,62,0,0,0,3,5,25-26-prem-wolverhampton-wanderers-vs-everton,63,0,3,0,117,0,0,0,3,12,0,2,
709,Krejčí,1,0,0,0,0,0,0,0,#N/A,#N/A,#N/A,0,#N/A,#N/A,#N/A,0,0,0,0,0,0,2,Defender,0,1,a,0,0,0,0,0,0,#N/A,#N/A,#N/A,#N/A,0,0,0,0,0,0,1,a,0,0,0,0,0,0,#N/A,#N/A,#N/A,0,#N/A,0,0,0,0,0,0,0,0,
720,Tolu,1,0,0,0,0,0,0,0,#N/A,#N/A,#N/A,0,#N/A,#N/A,#N/A,0,0,0,0,0,0,4,Forward,0,1,a,0,0,0,0,0,0,#N/A,#N/A,#N/A,#N/A,0,0,0,0,0,0,1,a,0,0,0,0,0,0,#N/A,#N/A,#N/A,0,#N/A,0,0,0,0,0,0,0,0,
749,Mané,1,0,0,0,0,0,0,0,#N/A,#N/A,#N/A,0,#N/A,#N/A,#N/A,0,0,0,0,0,0,4,Forward,0,1,a,0,0,0,0,0,0,#N/A,#N/A,#N/A,#N/A,0,0,0,0,0,0,1,a,0,0,0,0,0,0,#N/A,#N/A,#N/A,0,#N/A,0,0,0,0,0,0,0,0,
