id,web_name,status,defcons,total_points,minutes,goals_scored,assists,clean_sheets,goals_conceded,match_id,minutes_played,goals,assists,minutesinmatch,goalsinmatch,assistsinmatch,cumminutes,cumgoals,cumassists,cumcleansheets,cumgoalsconceded,cumsaves,position,nextgwpoints,gw2status,gw2min,gw2goalsscored,gw2assists,gw2cs,gw2goals_conceded,gw2defcons,gw2match-id,gw2minutes_playedinmatch,gw2goalsinmatch,gw2assistsinmatch,gw2cummins,gw2cumgoals,gw2cumassits,gw2cumcs,gw2cumgoalsconceded,gw2cumsaves,gw3status,gw3min,gw3goalsscored,gw3assists,gw3cs,gw3defcons,gw3points,gw3match-id,gw3minutes_playedinmatch,gw3goalsinmatch,gw3goals_conceded,gw3assistsinmatch,gw3cummins,gw3cumgoals,gw3cumassists,gw3cumcs,gw3cumgoalsconceded,gw3cumsdefcons,gw3cumsaves,gw3cumtotalpoints,nwxtgwpoints
1,Raya,a,0,10,90,0,0,1,0,25-26-prem-manchester-united-vs-arsenal,90,0,0,90,0,0,90,0,0,1,0,7,Goalkeeper,6,a,90,0,0,1,0,17,25-26-prem-arsenal-vs-leeds-united,90,0,0,180,0,0,0,2,0,a,90,0,0,0,1,12,25-26-prem-liverpool-vs-arsenal,90,0,1,0,270,0,0,2,1,29,10,18,6
2,Arrizabalaga,a,0,0,0,0,0,0,0,#N/A,#N/A,#N/A,0,#N/A,#N/A,#N/A,0,0,0,0,0,0,Goalkeeper,0,a,0,0,0,0,0,0,#N/A,#N/A,#N/A,#N/A,0,0,0,0,0,0,a,0,0,0,0,0,0,#N/A,#N/A,#N/A,0,#N/A,0,0,0,0,0,0,0,0,0
3,Hein,u,0,0,0,0,0,0,0,#N/A,#N/A,#N/A,0,#N/A,#N/A,#N/A,0,0,0,0,0,0,Goalkeeper,0,a,0,0,0,0,0,0,#N/A,#N/A,#N/A,#N/A,0,0,0,0,0,0,u,0,0,0,0,0,0,#N/A,#N/A,#N/A,0,#N/A,0,0,0,0,0,0,0,0,0
4,Setford,a,0,0,0,0,0,0,0,#N/A,#N/A,#N/A,0,#N/A,#N/A,#N/A,0,0,0,0,0,0,Goalkeeper,0,a,0,0,0,0,0,0,#N/A,#N/A,#N/A,#N/A,0,0,0,0,0,0,a,0,0,0,0,0,0,#N/A,#N/A,#N/A,0,#N/A,0,0,0,0,0,0,0,0,0
5,Gabriel,i,7,6,90,0,0,1,0,25-26-prem-manchester-united-vs-arsenal,90,0,0,90,0,0,90,0,0,1,0,0,Defender,6,a,90,0,0,1,0,8,25-26-prem-arsenal-vs-leeds-united,90,0,0,180,0,0,0,2,0,a,90,0,0,0,1,9,25-26-prem-liverpool-vs-arsenal,90,0,1,0,270,0,0,2,1,24,0,14,0
6,Saliba,d,14,9,90,0,0,1,0,25-26-prem-manchester-united-vs-arsenal,90,0,0,90,0,0,90,0,0,1,0,0,Defender,6,a,90,0,0,1,0,12,25-26-prem-arsenal-vs-leeds-united,90,0,0,180,0,0,0,2,0,a,4,0,0,0,0,3,25-26-prem-liverpool-vs-arsenal,5,0,0,0,184,0,0,2,0,29,0,16,1
7,Calafiori,s,4,13,71,1,0,1,0,25-26-prem-manchester-united-vs-arsenal,72,1,0,72,1,0,71,1,0,1,0,0,Defender,13,a,63,0,2,1,0,7,25-26-prem-arsenal-vs-leeds-united,64,0,2,134,1,1,2,2,0,a,90,0,0,0,1,10,25-26-prem-liverpool-vs-arsenal,90,0,1,0,224,1,2,2,1,21,0,28,0
8,J.Timber,d,3,0,19,0,0,0,0,25-26-prem-manchester-united-vs-arsenal,19,0,0,19,0,0,19,0,0,0,0,0,Defender,24,a,63,2,1,1,0,8,25-26-prem-arsenal-vs-leeds-united,64,2,1,82,2,2,1,1,0,a,90,0,0,0,1,11,25-26-prem-liverpool-vs-arsenal,90,0,1,0,172,2,1,1,1,22,0,26,0
9,Kiwior,u,0,0,0,0,0,0,0,#N/A,#N/A,#N/A,0,#N/A,#N/A,#N/A,0,0,0,0,0,0,Defender,0,a,0,0,0,0,0,0,#N/A,#N/A,#N/A,#N/A,0,0,0,0,0,0,a,0,0,0,0,0,0,#N/A,#N/A,#N/A,0,#N/A,0,0,0,0,0,0,0,0,9
10,Lewis-Skelly,a,1,0,18,0,0,0,0,25-26-prem-manchester-united-vs-arsenal,18,0,0,18,0,0,18,0,0,0,0,0,Defender,1,a,26,0,0,0,0,3,25-26-prem-arsenal-vs-leeds-united,26,0,0,44,0,0,0,0,0,a,0,0,0,0,0,0,#N/A,#N/A,#N/A,0,#N/A,44,0,0,0,0,4,0,1,0
11,White,a,8,6,70,0,0,1,0,25-26-prem-manchester-united-vs-arsenal,71,0,0,71,0,0,70,0,0,1,0,0,Defender,0,d,0,0,0,0,0,4,#N/A,#N/A,#N/A,#N/A,70,0,0,0,1,0,d,0,0,0,0,0,0,#N/A,#N/A,#N/A,0,#N/A,70,0,0,1,0,12,0,6,5
13,Clarke,a,0,0,0,0,0,0,0,#N/A,#N/A,#N/A,0,#N/A,#N/A,#N/A,0,0,0,0,0,0,Defender,0,a,0,0,0,0,0,0,#N/A,#N/A,#N/A,#N/A,0,0,0,0,0,0,a,0,0,0,0,0,0,#N/A,#N/A,#N/A,0,#N/A,0,0,0,0,0,0,0,0,8
14,Kacurri,u,0,0,0,0,0,0,0,#N/A,#N/A,#N/A,0,#N/A,#N/A,#N/A,0,0,0,0,0,0,Defender,0,a,0,0,0,0,0,0,#N/A,#N/A,#N/A,#N/A,0,0,0,0,0,0,a,0,0,0,0,0,0,#N/A,#N/A,#N/A,0,#N/A,0,0,0,0,0,0,0,0,0
15,Nichols,a,0,0,0,0,0,0,0,#N/A,#N/A,#N/A,0,#N/A,#N/A,#N/A,0,0,0,0,0,0,Defender,0,a,0,0,0,0,0,0,#N/A,#N/A,#N/A,#N/A,0,0,0,0,0,0,a,0,0,0,0,0,0,#N/A,#N/A,#N/A,0,#N/A,0,0,0,0,0,0,0,0,1
16,Saka,a,5,3,90,0,0,1,0,25-26-prem-manchester-united-vs-arsenal,90,0,0,90,0,0,90,0,0,1,0,0,Midfielder,6,d,52,1,0,0,0,0,25-26-prem-arsenal-vs-leeds-united,53,1,0,142,1,1,0,1,0,i,0,0,0,0,0,0,#N/A,#N/A,#N/A,0,#N/A,142,1,0,1,0,9,0,9,0
17,Ødegaard,a,14,5,90,0,0,1,0,25-26-prem-manchester-united-vs-arsenal,90,0,0,90,0,0,90,0,0,1,0,0,Midfielder,1,d,37,0,0,0,0,2,25-26-prem-arsenal-vs-leeds-united,38,0,0,127,0,0,0,1,0,d,20,0,0,0,1,1,25-26-prem-liverpool-vs-arsenal,20,0,1,0,147,0,0,1,1,17,0,7,0
18,Madueke,a,0,1,30,0,0,0,0,25-26-prem-manchester-united-vs-arsenal,30,0,0,30,0,0,30,0,0,0,0,0,Midfielder,3,a,63,0,0,1,0,3,25-26-prem-arsenal-vs-leeds-united,64,0,0,93,0,0,0,1,0,a,88,0,0,0,1,2,25-26-prem-liverpool-vs-arsenal,89,0,1,0,181,0,0,1,1,5,0,6,0
19,Martinelli,a,4,1,59,0,0,0,0,25-26-prem-manchester-united-vs-arsenal,60,0,0,60,0,0,59,0,0,0,0,0,Midfielder,0,a,0,0,0,0,0,0,#N/A,#N/A,#N/A,#N/A,59,0,0,0,0,0,a,69,0,0,1,0,3,25-26-prem-liverpool-vs-arsenal,70,0,0,0,128,0,0,1,0,7,0,4,0
20,Trossard,d,0,0,0,0,0,0,0,#N/A,#N/A,#N/A,0,#N/A,#N/A,#N/A,0,0,0,0,0,0,Midfielder,1,a,37,0,0,0,0,0,25-26-prem-arsenal-vs-leeds-united,37,0,0,37,0,0,0,0,0,d,0,0,0,0,0,0,#N/A,#N/A,#N/A,0,#N/A,37,0,0,0,0,0,0,1,0
21,Rice,d,4,6,82,0,1,1,0,25-26-prem-manchester-united-vs-arsenal,83,0,1,83,0,0,82,0,1,1,0,0,Midfielder,6,a,90,0,1,1,0,3,25-26-prem-arsenal-vs-leeds-united,90,0,1,172,0,0,2,2,0,a,90,0,0,0,1,13,25-26-prem-liverpool-vs-arsenal,90,0,1,0,262,0,2,2,1,20,0,16,1
22,Merino,a,1,1,7,0,0,0,0,25-26-prem-manchester-united-vs-arsenal,7,0,0,7,0,0,7,0,0,0,0,0,Midfielder,0,a,0,0,0,0,0,0,#N/A,#N/A,#N/A,#N/A,7,0,0,0,0,0,a,69,0,0,1,0,5,25-26-prem-liverpool-vs-arsenal,70,0,0,0,76,0,0,1,0,6,0,4,3
23,Fábio Vieira,u,0,0,0,0,0,0,0,#N/A,#N/A,#N/A,0,#N/A,#N/A,#N/A,0,0,0,0,0,0,Midfielder,0,a,0,0,0,0,0,0,#N/A,#N/A,#N/A,#N/A,0,0,0,0,0,0,a,0,0,0,0,0,0,#N/A,#N/A,#N/A,0,#N/A,0,0,0,0,0,0,0,0,1
24,Nørgaard,a,0,0,0,0,0,0,0,#N/A,#N/A,#N/A,0,#N/A,#N/A,#N/A,0,0,0,0,0,0,Midfielder,0,i,0,0,0,0,0,0,#N/A,#N/A,#N/A,#N/A,0,0,0,0,0,0,d,0,0,0,0,0,0,#N/A,#N/A,#N/A,0,#N/A,0,0,0,0,0,0,0,0,4
25,Nwaneri,a,0,0,0,0,0,0,0,#N/A,#N/A,#N/A,0,#N/A,#N/A,#N/A,0,0,0,0,0,0,Midfielder,1,a,52,0,0,0,0,4,25-26-prem-arsenal-vs-leeds-united,52,0,0,52,0,0,0,0,0,a,0,0,0,0,0,0,#N/A,#N/A,#N/A,0,#N/A,52,0,0,0,0,4,0,1,1
26,Zubimendi,a,12,5,90,0,0,1,0,25-26-prem-manchester-united-vs-arsenal,90,0,0,90,0,0,90,0,0,1,0,0,Midfielder,3,a,90,0,0,1,0,8,25-26-prem-arsenal-vs-leeds-united,90,0,0,180,0,0,0,2,0,a,90,0,0,0,1,7,25-26-prem-liverpool-vs-arsenal,90,0,1,0,270,0,0,2,1,27,0,9,3
28,Kabia,u,0,0,0,0,0,0,0,#N/A,#N/A,#N/A,0,#N/A,#N/A,#N/A,0,0,0,0,0,0,Midfielder,0,a,0,0,0,0,0,0,#N/A,#N/A,#N/A,#N/A,0,0,0,0,0,0,a,0,0,0,0,0,0,#N/A,#N/A,#N/A,0,#N/A,0,0,0,0,0,0,0,0,0
29,Sambi,u,0,0,0,0,0,0,0,#N/A,#N/A,#N/A,0,#N/A,#N/A,#N/A,0,0,0,0,0,0,Midfielder,0,a,0,0,0,0,0,0,#N/A,#N/A,,#N/A,0,0,0,0,0,0,a,0,0,0,0,0,0,#N/A,#N/A,#N/A,0,#N/A,0,0,0,0,0,0,0,0,0
30,Havertz,i,3,1,30,0,0,0,0,25-26-prem-manchester-united-vs-arsenal,30,0,0,30,0,0,30,0,0,0,0,0,Forward,0,i,0,0,0,0,0,0,#N/A,#N/A,#N/A,#N/A,30,0,0,0,0,0,i,0,0,0,0,0,0,#N/A,#N/A,#N/A,0,#N/A,30,0,0,0,0,3,0,1,3
31,G.Jesus,a,0,0,0,0,0,0,0,#N/A,#N/A,#N/A,0,#N/A,#N/A,#N/A,0,0,0,0,0,0,Forward,0,i,0,0,0,0,0,0,#N/A,#N/A,#N/A,#N/A,0,0,0,0,0,0,i,0,0,0,0,0,0,#N/A,#N/A,#N/A,0,#N/A,0,0,0,0,0,0,0,0,16
266,Eze,a,7,3,83,0,0,1,0,25-26-prem-chelsea-vs-crystal-palace,84,0,0,84,0,0,83,0,0,1,0,0,Midfielder,0,a,0,0,0,0,0,0,#N/A,#N/A,#N/A,#N/A,83,0,0,0,1,0,a,20,0,0,0,1,1,25-26-prem-liverpool-vs-arsenal,20,0,1,0,103,0,0,1,1,8,0,4,0
662,Mosquera,i,0,0,0,0,0,0,0,#N/A,#N/A,#N/A,0,#N/A,#N/A,#N/A,0,0,0,0,0,0,Defender,1,a,26,0,0,0,0,2,25-26-prem-arsenal-vs-leeds-united,26,0,0,26,0,0,0,0,0,a,85,0,0,0,1,12,25-26-prem-liverpool-vs-arsenal,85,0,1,0,111,0,0,0,1,14,0,3,0
666,Gyökeres,a,2,1,59,0,0,0,0,25-26-prem-manchester-united-vs-arsenal,60,0,0,60,0,0,59,0,0,0,0,0,Forward,12,a,90,2,0,1,0,5,25-26-prem-arsenal-vs-leeds-united,90,2,0,149,2,2,0,1,0,a,90,0,0,0,1,2,25-26-prem-liverpool-vs-arsenal,90,0,1,0,239,2,0,1,1,9,0,14,0
700,Dowman,i,0,0,0,0,0,0,0,#N/A,#N/A,#N/A,0,#N/A,#N/A,#N/A,0,0,0,0,0,0,Midfielder,4,a,26,0,1,0,0,3,25-26-prem-arsenal-vs-leeds-united,26,0,0,26,0,0,1,0,0,a,1,0,0,0,0,0,25-26-prem-liverpool-vs-arsenal,1,0,0,0,27,0,1,0,0,3,0,5,0
711,Harriman-Annous,a,0,0,0,0,0,0,0,#N/A,#N/A,#N/A,0,#N/A,#N/A,#N/A,0,0,0,0,0,0,Midfielder,0,a,0,0,0,0,0,0,#N/A,#N/A,#N/A,#N/A,0,0,0,0,0,0,a,0,0,0,0,0,0,#N/A,#N/A,#N/A,0,#N/A,0,0,0,0,0,0,0,0,6
725,Hincapie,a,0,0,0,0,0,0,0,#N/A,#N/A,#N/A,0,#N/A,#N/A,#N/A,0,0,0,0,0,0,Defender,0,a,0,0,0,0,0,0,#N/A,#N/A,#N/A,#N/A,0,0,0,0,0,0,a,0,0,0,0,0,0,#N/A,#N/A,#N/A,0,#N/A,0,0,0,0,0,0,0,0,7
759,Salmon,a,0,0,0,0,0,0,0,#N/A,#N/A,#N/A,0,#N/A,#N/A,#N/A,0,0,0,0,0,0,Defender,#N/A,#N/A,#N/A,#N/A,#N/A,#N/A,#N/A,#N/A,#N/A,#N/A,#N/A,#N/A,#N/A,#N/A,#N/A,#N/A,#N/A,#N/A,#N/A,#N/A,#N/A,#N/A,#N/A,#N/A,#N/A,#N/A,#N/A,#N/A,#N/A,#N/A,#N/A,#N/A,#N/A,#N/A,#N/A,#N/A,#N/A,#N/A,6
32,Martinez,d,0,0,0,0,0,0,0,#N/A,#N/A,#N/A,0,#N/A,#N/A,#N/A,0,0,0,0,0,0,Goalkeeper,2,a,90,0,0,0,1,10,25-26-prem-brentford-vs-aston-villa,90,0,0,90,0,0,0,0,1,a,0,0,0,0,0,0,#N/A,#N/A,#N/A,0,#N/A,90,0,0,0,1,10,1,2,0
33,M.Bizot,a,0,7,90,0,0,1,0,25-26-prem-aston-villa-vs-newcastle-united,90,0,0,90,0,0,90,0,0,1,0,3,Goalkeeper,0,a,0,0,0,0,0,13,#N/A,#N/A,#N/A,#N/A,90,0,0,0,1,0,a,90,0,0,0,3,10,25-26-prem-aston-villa-vs-crystal-palace,90,0,3,0,180,0,0,1,3,23,4,7,0
34,Gauci,u,0,0,0,0,0,0,0,#N/A,#N/A,#N/A,0,#N/A,#N/A,#N/A,0,0,0,0,0,0,Goalkeeper,0,u,0,0,0,0,0,0,#N/A,#N/A,#N/A,#N/A,0,0,0,0,0,0,u,0,0,0,0,0,0,#N/A,#N/A,#N/A,0,#N/A,0,0,0,0,0,0,0,0,0
35,Marschall,u,0,0,0,0,0,0,0,#N/A,#N/A,#N/A,0,#N/A,#N/A,#N/A,0,0,0,0,0,0,Goalkeeper,0,u,0,0,0,0,0,0,#N/A,#N/A,#N/A,#N/A,0,0,0,0,0,0,u,0,0,0,0,0,0,#N/A,#N/A,#N/A,0,#N/A,0,0,0,0,0,0,0,0,6
36,Cash,a,11,8,90,0,0,1,0,25-26-prem-aston-villa-vs-newcastle-united,90,0,0,90,0,0,90,0,0,1,0,0,Defender,2,a,90,0,0,0,1,13,25-26-prem-brentford-vs-aston-villa,90,0,0,180,0,0,0,1,1,a,73,0,0,0,2,4,25-26-prem-aston-villa-vs-crystal-palace,74,0,2,0,253,0,0,1,3,28,0,10,0
37,Digne,a,7,6,90,0,0,1,0,25-26-prem-aston-villa-vs-newcastle-united,90,0,0,90,0,0,90,0,0,1,0,0,Defender,2,a,63,0,0,0,1,7,25-26-prem-brentford-vs-aston-villa,64,0,0,153,0,0,0,1,1,a,7,0,0,0,0,0,25-26-prem-aston-villa-vs-crystal-palace,7,0,0,0,160,0,0,1,1,14,0,9,0
38,Konsa,a,3,3,65,0,0,1,0,25-26-prem-aston-villa-vs-newcastle-united,66,0,0,66,0,0,65,0,0,1,0,0,Defender,0,a,0,0,0,0,0,1,#N/A,#N/A,#N/A,#N/A,65,0,0,0,1,0,a,90,0,0,0,3,10,25-26-prem-aston-villa-vs-crystal-palace,90,0,3,0,155,0,0,1,3,14,0,4,0
39,Maatsen,a,0,0,0,0,0,0,0,#N/A,#N/A,#N/A,0,#N/A,#N/A,#N/A,0,0,0,0,0,0,Defender,1,a,26,0,0,0,0,6,25-26-prem-brentford-vs-aston-villa,26,0,0,26,0,0,0,0,0,a,83,0,0,0,3,11,25-26-prem-aston-villa-vs-crystal-palace,84,0,3,0,109,0,0,0,3,17,0,2,5
40,Mings,i,5,6,90,0,0,1,0,25-26-prem-aston-villa-vs-newcastle-united,90,0,0,90,0,0,90,0,0,1,0,0,Defender,2,a,90,0,0,0,1,13,25-26-prem-brentford-vs-aston-villa,90,0,0,180,0,0,0,1,1,a,90,0,0,0,3,6,25-26-prem-aston-villa-vs-crystal-palace,90,0,3,0,270,0,0,1,4,24,0,9,5
41,Pau,d,0,0,0,0,0,0,0,#N/A,#N/A,#N/A,0,#N/A,#N/A,#N/A,0,0,0,0,0,0,Defender,2,a,90,0,0,0,1,11,25-26-prem-brentford-vs-aston-villa,90,0,0,90,0,0,0,0,1,a,16,0,0,0,1,2,25-26-prem-aston-villa-vs-crystal-palace,16,0,1,0,106,0,0,0,2,13,0,3,6
42,A.García,a,0,0,0,0,0,0,0,#N/A,#N/A,#N/A,0,#N/A,#N/A,#N/A,0,0,0,0,0,0,Defender,0,d,0,0,0,0,0,0,#N/A,#N/A,#N/A,#N/A,0,0,0,0,0,0,d,0,0,0,0,0,0,#N/A,#N/A,#N/A,0,#N/A,0,0,0,0,0,0,0,0,0
43,Alex Moreno,u,0,0,0,0,0,0,0,#N/A,#N/A,#N/A,0,#N/A,#N/A,#N/A,0,0,0,0,0,0,Defender,0,a,0,0,0,0,0,0,#N/A,#N/A,#N/A,#N/A,0,0,0,0,0,0,u,0,0,0,0,0,0,#N/A,#N/A,#N/A,0,#N/A,0,0,0,0,0,0,0,0,9
44,Bogarde,a,0,0,0,0,0,0,0,#N/A,#N/A,#N/A,0,#N/A,#N/A,#N/A,0,0,0,0,0,0,Defender,0,a,16,0,0,0,0,0,25-26-prem-brentford-vs-aston-villa,16,0,0,16,0,0,0,0,0,a,6,0,0,0,0,0,25-26-prem-aston-villa-vs-crystal-palace,6,0,0,0,22,0,0,0,0,0,0,1,0
45,Sousa,a,0,0,0,0,0,0,0,#N/A,#N/A,#N/A,0,#N/A,#N/A,#N/A,0,0,0,0,0,0,Defender,0,a,0,0,0,0,0,0,#N/A,#N/A,#N/A,#N/A,0,0,0,0,0,0,a,0,0,0,0,0,0,#N/A,#N/A,#N/A,0,#N/A,0,0,0,0,0,0,0,0,0
46,Yasin,u,0,0,0,0,0,0,0,#N/A,#N/A,#N/A,0,#N/A,#N/A,#N/A,0,0,0,0,0,0,Defender,0,a,0,0,0,0,0,0,#N/A,#N/A,#N/A,#N/A,0,0,0,0,0,0,a,0,0,0,0,0,0,#N/A,#N/A,#N/A,0,#N/A,0,0,0,0,0,0,0,0,0
47,Rogers,a,7,3,90,0,0,1,0,25-26-prem-aston-villa-vs-newcastle-united,90,0,0,90,0,0,90,0,0,1,0,0,Midfielder,2,a,90,0,0,0,1,1,25-26-prem-brentford-vs-aston-villa,90,0,0,180,0,0,0,1,1,a,90,0,0,0,3,7,25-26-prem-aston-villa-vs-crystal-palace,90,0,3,0,270,0,0,1,4,15,0,7,9
48,Tielemans,a,7,3,90,0,0,1,0,25-26-prem-aston-villa-vs-newcastle-united,90,0,0,90,0,0,90,0,0,1,0,0,Midfielder,2,a,90,0,0,0,1,3,25-26-prem-brentford-vs-aston-villa,90,0,0,180,0,0,0,1,1,a,90,0,0,0,3,7,25-26-prem-aston-villa-vs-crystal-palace,90,0,3,0,270,0,0,1,4,17,0,7,0
49,Bailey,u,0,0,0,0,0,0,0,#N/A,#N/A,#N/A,0,#N/A,#N/A,#N/A,0,0,0,0,0,0,Midfielder,0,u,0,0,0,0,0,0,#N/A,#N/A,#N/A,#N/A,0,0,0,0,0,0,u,0,0,0,0,0,0,#N/A,#N/A,#N/A,0,#N/A,0,0,0,0,0,0,0,0,0
50,Buendía,a,0,0,0,0,0,0,0,#N/A,#N/A,#N/A,0,#N/A,#N/A,#N/A,0,0,0,0,0,0,Midfielder,1,a,58,0,0,0,0,3,25-26-prem-brentford-vs-aston-villa,59,0,0,58,0,0,0,0,0,a,45,0,0,0,2,7,25-26-prem-aston-villa-vs-crystal-palace,45,0,2,0,103,0,0,0,2,10,0,2,3
51,Iling Jr,u,0,0,0,0,0,0,0,#N/A,#N/A,#N/A,0,#N/A,#N/A,#N/A,0,0,0,0,0,0,Midfielder,0,a,0,0,0,0,0,0,#N/A,#N/A,#N/A,#N/A,0,0,0,0,0,0,a,0,0,0,0,0,0,#N/A,#N/A,#N/A,0,#N/A,0,0,0,0,0,0,0,0,1
53,Malen,a,0,1,6,0,0,0,0,25-26-prem-aston-villa-vs-newcastle-united,6,0,0,6,0,0,6,0,0,0,0,0,Midfielder,1,a,26,0,0,0,0,1,25-26-prem-brentford-vs-aston-villa,26,0,0,32,0,0,0,0,0,a,82,0,0,0,3,3,25-26-prem-aston-villa-vs-crystal-palace,83,0,3,0,114,0,0,0,3,4,0,4,0
54,McGinn,a,7,3,83,0,0,1,0,25-26-prem-aston-villa-vs-newcastle-united,84,0,0,84,0,0,83,0,0,1,0,0,Midfielder,2,a,73,0,0,0,1,4,25-26-prem-brentford-vs-aston-villa,74,0,0,156,0,0,0,1,1,a,73,0,0,0,2,6,25-26-prem-aston-villa-vs-crystal-palace,74,0,2,0,229,0,0,1,3,17,0,7,2
55,Barkley,i,0,0,0,0,0,0,0,#N/A,#N/A,#N/A,0,#N/A,#N/A,#N/A,0,0,0,0,0,0,Midfielder,0,d,0,0,0,0,0,0,#N/A,#N/A,#N/A,#N/A,0,0,0,0,0,0,d,0,0,0,0,0,0,#N/A,#N/A,#N/A,0,#N/A,0,0,0,0,0,0,0,0,0
56,Barrenechea,u,0,0,0,0,0,0,0,#N/A,#N/A,#N/A,0,#N/A,#N/A,#N/A,0,0,0,0,0,0,Midfielder,0,u,0,0,0,0,0,0,#N/A,#N/A,#N/A,#N/A,0,0,0,0,0,0,u,0,0,0,0,0,0,#N/A,#N/A,#N/A,0,#N/A,0,0,0,0,0,0,0,0,1
57,Dobbin,u,0,0,0,0,0,0,0,#N/A,#N/A,#N/A,0,#N/A,#N/A,#N/A,0,0,0,0,0,0,Midfielder,0,a,0,0,0,0,0,0,#N/A,#N/A,#N/A,#N/A,0,0,0,0,0,0,u,0,0,0,0,0,0,#N/A,#N/A,#N/A,0,#N/A,0,0,0,0,0,0,0,0,3
58,Kamara,a,11,2,90,0,0,1,0,25-26-prem-aston-villa-vs-newcastle-united,90,0,0,90,0,0,90,0,0,1,0,0,Midfielder,1,d,15,0,0,0,1,1,25-26-prem-brentford-vs-aston-villa,16,0,0,105,0,0,0,1,1,d,0,0,0,0,0,0,#N/A,#N/A,#N/A,0,#N/A,105,0,0,1,1,12,0,3,0
59,Onana,a,14,5,90,0,0,1,0,25-26-prem-aston-villa-vs-newcastle-united,90,0,0,90,0,0,90,0,0,1,0,0,Midfielder,1,a,63,0,0,0,1,9,25-26-prem-brentford-vs-aston-villa,64,0,0,153,0,0,0,1,1,d,0,0,0,0,0,0,#N/A,#N/A,#N/A,0,#N/A,153,0,0,1,1,23,0,6,0
60,Broggio,a,0,0,0,0,0,0,0,#N/A,#N/A,#N/A,0,#N/A,#N/A,#N/A,0,0,0,0,0,0,Midfielder,0,a,0,0,0,0,0,0,#N/A,#N/A,#N/A,#N/A,0,0,0,0,0,0,a,0,0,0,0,0,0,#N/A,#N/A,#N/A,0,#N/A,0,0,0,0,0,0,0,0,0
61,Dendoncker,u,0,0,0,0,0,0,0,#N/A,#N/A,#N/A,0,#N/A,#N/A,#N/A,0,0,0,0,0,0,Midfielder,0,u,0,0,0,0,0,0,#N/A,#N/A,#N/A,#N/A,0,0,0,0,0,0,u,0,0,0,0,0,0,#N/A,#N/A,#N/A,0,#N/A,0,0,0,0,0,0,0,0,0
62,Jimoh-Aloba,a,0,0,0,0,0,0,0,#N/A,#N/A,#N/A,0,#N/A,#N/A,#N/A,0,0,0,0,0,0,Midfielder,0,a,0,0,0,0,0,0,#N/A,#N/A,#N/A,#N/A,0,0,0,0,0,0,a,0,0,0,0,0,0,#N/A,#N/A,#N/A,0,#N/A,0,0,0,0,0,0,0,0,0
63,Young,a,0,0,0,0,0,0,0,#N/A,#N/A,#N/A,0,#N/A,#N/A,#N/A,0,0,0,0,0,0,Midfielder,0,a,0,0,0,0,0,0,#N/A,#N/A,#N/A,#N/A,0,0,0,0,0,0,a,0,0,0,0,0,0,#N/A,#N/A,#N/A,0,#N/A,0,0,0,0,0,0,0,0,0
64,Watkins,a,5,2,90,0,0,1,0,25-26-prem-aston-villa-vs-newcastle-united,90,0,0,90,0,0,90,0,0,1,0,0,Forward,2,a,90,0,0,0,1,4,25-26-prem-brentford-vs-aston-villa,90,0,0,180,0,0,0,1,1,a,90,0,0,0,3,1,25-26-prem-aston-villa-vs-crystal-palace,90,0,3,0,270,0,0,1,4,10,0,6,0
65,Redmond,u,0,0,0,0,0,0,0,#N/A,#N/A,#N/A,0,#N/A,#N/A,#N/A,0,0,0,0,0,0,Forward,0,a,0,0,0,0,0,0,#N/A,#N/A,#N/A,#N/A,0,0,0,0,0,0,a,0,0,0,0,0,0,#N/A,#N/A,#N/A,0,#N/A,0,0,0,0,0,0,0,0,0
389,Elliott,a,0,0,0,0,0,0,0,#N/A,#N/A,#N/A,0,#N/A,#N/A,#N/A,0,0,0,0,0,0,Midfielder,1,a,1,0,0,0,0,0,25-26-prem-newcastle-united-vs-liverpool,1,0,0,1,0,0,0,0,0,a,0,0,0,0,0,0,#N/A,#N/A,#N/A,0,#N/A,1,0,0,0,0,0,0,1,0
456,Sancho,a,0,0,0,0,0,0,0,#N/A,#N/A,#N/A,0,#N/A,#N/A,#N/A,0,0,0,0,0,0,Midfielder,0,a,0,0,0,0,0,0,#N/A,#N/A,#N/A,#N/A,0,0,0,0,0,0,a,0,0,0,0,0,0,#N/A,#N/A,#N/A,0,#N/A,0,0,0,0,0,0,0,0,2
677,Guessand,a,0,0,0,0,0,0,0,#N/A,#N/A,#N/A,0,#N/A,#N/A,#N/A,0,0,0,0,0,0,Midfielder,1,a,15,0,0,0,0,2,25-26-prem-brentford-vs-aston-villa,15,0,0,15,0,0,0,0,0,a,45,0,0,0,1,4,25-26-prem-aston-villa-vs-crystal-palace,45,0,1,0,60,0,0,0,1,6,0,2,0
688,Wright,a,0,0,0,0,0,0,0,#N/A,#N/A,#N/A,0,#N/A,#N/A,#N/A,0,0,0,0,0,0,Goalkeeper,0,a,0,0,0,0,0,0,#N/A,#N/A,#N/A,#N/A,0,0,0,0,0,0,a,0,0,0,0,0,0,#N/A,#N/A,#N/A,0,#N/A,0,0,0,0,0,0,0,0,1
701,Rowe,u,0,0,0,0,0,0,0,#N/A,#N/A,#N/A,0,#N/A,#N/A,#N/A,0,0,0,0,0,0,Defender,0,a,0,0,0,0,0,0,#N/A,#N/A,#N/A,#N/A,0,0,0,0,0,0,a,0,0,0,0,0,0,#N/A,#N/A,#N/A,0,#N/A,0,0,0,0,0,0,0,0,0
702,Burrowes,a,0,0,0,0,0,0,0,#N/A,#N/A,#N/A,0,#N/A,#N/A,#N/A,0,0,0,0,0,0,Midfielder,0,a,0,0,0,0,0,0,#N/A,#N/A,#N/A,#N/A,0,0,0,0,0,0,a,16,0,0,0,1,1,25-26-prem-aston-villa-vs-crystal-palace,16,0,1,0,16,0,0,0,1,1,0,1,1
703,Proctor,a,0,0,0,0,0,0,0,#N/A,#N/A,#N/A,0,#N/A,#N/A,#N/A,0,0,0,0,0,0,Goalkeeper,0,a,0,0,0,0,0,0,#N/A,#N/A,#N/A,#N/A,0,0,0,0,0,0,a,0,0,0,0,0,0,#N/A,#N/A,#N/A,0,#N/A,0,0,0,0,0,0,0,0,0
710,Patterson,a,0,0,0,0,0,0,0,#N/A,#N/A,#N/A,0,#N/A,#N/A,#N/A,0,0,0,0,0,0,Defender,0,a,0,0,0,0,0,0,#N/A,#N/A,#N/A,#N/A,0,0,0,0,0,0,a,0,0,0,0,0,0,#N/A,#N/A,#N/A,0,#N/A,0,0,0,0,0,0,0,0,0
719,Lindelöf,a,0,0,0,0,0,0,0,#N/A,#N/A,#N/A,0,#N/A,#N/A,#N/A,0,0,0,0,0,0,Defender,0,a,0,0,0,0,0,0,#N/A,#N/A,#N/A,#N/A,0,0,0,0,0,0,a,0,0,0,0,0,0,#N/A,#N/A,#N/A,0,#N/A,0,0,0,0,0,0,0,0,0
754,George Hemmings,a,0,0,0,0,0,0,0,#N/A,#N/A,#N/A,0,#N/A,#N/A,#N/A,0,0,0,0,0,0,Midfielder,#N/A,#N/A,#N/A,#N/A,#N/A,#N/A,#N/A,#N/A,#N/A,#N/A,#N/A,#N/A,#N/A,#N/A,#N/A,#N/A,#N/A,#N/A,#N/A,#N/A,#N/A,#N/A,#N/A,#N/A,#N/A,#N/A,#N/A,#N/A,#N/A,#N/A,#N/A,#N/A,#N/A,#N/A,#N/A,#N/A,#N/A,#N/A,0
757,Hollingshead,a,0,0,0,0,0,0,0,#N/A,#N/A,#N/A,0,#N/A,#N/A,#N/A,0,0,0,0,0,0,Goalkeeper,#N/A,#N/A,#N/A,#N/A,#N/A,#N/A,#N/A,#N/A,#N/A,#N/A,#N/A,#N/A,#N/A,#N/A,#N/A,#N/A,#N/A,#N/A,#N/A,#N/A,#N/A,#N/A,#N/A,#N/A,#N/A,#N/A,#N/A,#N/A,#N/A,#N/A,#N/A,#N/A,#N/A,#N/A,#N/A,#N/A,#N/A,#N/A,0
183,Weiss,a,0,0,0,0,0,0,0,#N/A,#N/A,#N/A,0,#N/A,#N/A,#N/A,0,0,0,0,0,0,Goalkeeper,0,a,0,0,0,0,0,0,#N/A,#N/A,#N/A,#N/A,0,0,0,0,0,0,a,0,0,0,0,0,0,#N/A,#N/A,#N/A,0,#N/A,0,0,0,0,0,0,0,0,1
184,Green,u,0,0,0,0,0,0,0,#N/A,#N/A,#N/A,0,#N/A,#N/A,#N/A,0,0,0,0,0,0,Goalkeeper,0,a,0,0,0,0,0,0,#N/A,#N/A,#N/A,#N/A,0,0,0,0,0,0,a,0,0,0,0,0,0,#N/A,#N/A,#N/A,0,#N/A,0,0,0,0,0,0,0,0,0
185,Hladký,a,0,0,0,0,0,0,0,#N/A,#N/A,#N/A,0,#N/A,#N/A,#N/A,0,0,0,0,0,0,Goalkeeper,0,a,0,0,0,0,0,0,#N/A,#N/A,#N/A,#N/A,0,0,0,0,0,0,a,0,0,0,0,0,0,#N/A,#N/A,#N/A,0,#N/A,0,0,0,0,0,0,0,0,0
186,Roberts,i,0,0,0,0,0,0,0,#N/A,#N/A,#N/A,0,#N/A,#N/A,#N/A,0,0,0,0,0,0,Defender,0,i,0,0,0,0,0,0,#N/A,#N/A,#N/A,#N/A,0,0,0,0,0,0,i,0,0,0,0,0,0,#N/A,#N/A,#N/A,0,#N/A,0,0,0,0,0,0,0,0,0
187,Walker,s,5,1,90,0,0,0,3,25-26-prem-tottenham-hotspur-vs-burnley,90,0,0,90,0,0,90,0,0,0,3,0,Defender,6,a,90,0,0,1,0,17,25-26-prem-burnley-vs-sunderland,90,0,0,180,0,0,0,1,3,a,90,0,0,0,3,10,25-26-prem-manchester-united-vs-burnley,90,0,3,0,270,0,0,1,6,32,0,7,0
188,Delcroix,a,0,0,0,0,0,0,0,#N/A,#N/A,#N/A,0,#N/A,#N/A,#N/A,0,0,0,0,0,0,Defender,0,a,0,0,0,0,0,0,#N/A,#N/A,#N/A,#N/A,0,0,0,0,0,0,a,0,0,0,0,0,0,#N/A,#N/A,#N/A,0,#N/A,0,0,0,0,0,0,0,0,2
189,Dodgson,u,0,0,0,0,0,0,0,#N/A,#N/A,#N/A,0,#N/A,#N/A,#N/A,0,0,0,0,0,0,Defender,0,u,0,0,0,0,0,0,#N/A,#N/A,#N/A,#N/A,0,0,0,0,0,0,u,0,0,0,0,0,0,#N/A,#N/A,#N/A,0,#N/A,0,0,0,0,0,0,0,0,0
190,Ekdal,a,5,1,90,0,0,0,3,25-26-prem-tottenham-hotspur-vs-burnley,90,0,0,90,0,0,90,0,0,0,3,0,Defender,9,a,90,0,0,1,0,18,25-26-prem-burnley-vs-sunderland,90,0,0,180,0,0,0,1,3,a,82,0,0,0,2,18,25-26-prem-manchester-united-vs-burnley,83,0,2,0,262,0,0,1,5,41,0,13,0
191,Estève,a,8,1,90,0,0,0,3,25-26-prem-tottenham-hotspur-vs-burnley,90,0,0,90,0,0,90,0,0,0,3,0,Defender,6,a,82,0,0,1,0,10,25-26-prem-burnley-vs-sunderland,83,0,0,172,0,0,0,1,3,a,90,0,0,0,3,9,25-26-prem-manchester-united-vs-burnley,90,0,3,0,262,0,0,1,6,27,0,8,4
192,Hartman,a,6,1,90,0,0,0,3,25-26-prem-tottenham-hotspur-vs-burnley,90,0,0,90,0,0,90,0,0,0,3,0,Defender,6,a,90,0,0,1,0,13,25-26-prem-burnley-vs-sunderland,90,0,0,180,0,0,0,1,3,a,90,0,0,0,3,12,25-26-prem-manchester-united-vs-burnley,90,0,3,0,270,0,0,1,6,31,0,8,4
193,Humphreys,i,0,0,0,0,0,0,0,#N/A,#N/A,#N/A,0,#N/A,#N/A,#N/A,0,0,0,0,0,0,Defender,0,d,0,0,0,0,0,0,#N/A,#N/A,#N/A,#N/A,0,0,0,0,0,0,a,0,0,0,0,0,0,25-26-efl-cup-derby-county-vs-burnley,45,0,0,0,0,0,0,0,0,0,0,0,4
194,Jordan,i,0,0,0,0,0,0,0,#N/A,#N/A,#N/A,0,#N/A,#N/A,#N/A,0,0,0,0,0,0,Defender,0,i,0,0,0,0,0,0,#N/A,#N/A,#N/A,#N/A,0,0,0,0,0,0,i,0,0,0,0,0,0,#N/A,#N/A,#N/A,0,#N/A,0,0,0,0,0,0,0,0,0
195,Lucas Pires,s,0,0,0,0,0,0,0,#N/A,#N/A,#N/A,0,#N/A,#N/A,#N/A,0,0,0,0,0,0,Defender,0,a,0,0,0,0,0,0,#N/A,#N/A,#N/A,#N/A,0,0,0,0,0,0,a,0,0,0,0,0,0,#N/A,#N/A,#N/A,0,#N/A,0,0,0,0,0,0,0,0,0
196,Sambo,u,0,0,0,0,0,0,0,#N/A,#N/A,#N/A,0,#N/A,#N/A,#N/A,0,0,0,0,0,0,Defender,0,u,0,0,0,0,0,0,#N/A,#N/A,#N/A,#N/A,0,0,0,0,0,0,u,0,0,0,0,0,0,#N/A,#N/A,#N/A,0,#N/A,0,0,0,0,0,0,0,0,0
197,Sonne,a,0,1,73,0,0,0,3,25-26-prem-tottenham-hotspur-vs-burnley,74,0,0,74,0,0,73,0,0,0,3,0,Defender,1,a,21,0,0,0,0,3,25-26-prem-burnley-vs-sunderland,21,0,0,94,0,0,0,0,3,a,8,0,0,0,1,2,25-26-prem-manchester-united-vs-burnley,8,0,1,0,102,0,0,0,4,5,0,3,0
198,Tuanzebe,d,0,0,0,0,0,0,0,#N/A,#N/A,#N/A,0,#N/A,#N/A,#N/A,0,0,0,0,0,0,Defender,0,d,0,0,0,0,0,0,#N/A,#N/A,#N/A,#N/A,0,0,0,0,0,0,a,0,0,0,0,0,0,25-26-efl-cup-derby-county-vs-burnley,45,0,0,0,0,0,0,0,0,0,0,0,0
199,Worrall,a,0,0,0,0,0,0,0,#N/A,#N/A,#N/A,0,#N/A,#N/A,#N/A,0,0,0,0,0,0,Defender,1,a,7,0,0,0,0,3,25-26-prem-burnley-vs-sunderland,7,0,0,7,0,0,0,0,0,a,7,0,0,0,1,3,25-26-prem-manchester-united-vs-burnley,7,0,1,0,14,0,0,0,1,6,0,2,0
200,Anthony,a,4,2,84,0,0,0,3,25-26-prem-tottenham-hotspur-vs-burnley,85,0,0,85,0,0,84,0,0,0,3,0,Midfielder,13,a,90,1,1,1,0,11,25-26-prem-burnley-vs-sunderland,90,1,1,174,1,1,1,1,3,a,90,1,0,0,3,6,25-26-prem-manchester-united-vs-burnley,90,1,3,0,264,2,1,1,6,21,0,21,1
201,Benson,u,0,0,0,0,0,0,0,#N/A,#N/A,#N/A,0,#N/A,#N/A,#N/A,0,0,0,0,0,0,Midfielder,0,a,0,0,0,0,0,0,#N/A,#N/A,#N/A,#N/A,0,0,0,0,0,0,a,0,0,0,0,0,0,#N/A,#N/A,#N/A,0,#N/A,0,0,0,0,0,0,0,0,3
202,Bruun Larsen,a,2,1,27,0,0,0,1,25-26-prem-tottenham-hotspur-vs-burnley,27,0,0,27,0,0,27,0,0,0,1,0,Midfielder,3,a,68,0,0,1,0,4,25-26-prem-burnley-vs-sunderland,69,0,0,95,0,0,0,1,1,a,81,0,1,0,2,7,25-26-prem-manchester-united-vs-burnley,82,0,2,1,176,0,1,1,3,13,0,9,0
203,Boateng,a,0,0,0,0,0,0,0,#N/A,#N/A,#N/A,0,#N/A,#N/A,#N/A,0,0,0,0,0,0,Midfielder,0,a,0,0,0,0,0,0,#N/A,#N/A,#N/A,#N/A,0,0,0,0,0,0,a,0,0,0,0,0,0,#N/A,#N/A,#N/A,0,#N/A,0,0,0,0,0,0,0,0,0
204,Churlinov,u,0,0,0,0,0,0,0,#N/A,#N/A,#N/A,0,#N/A,#N/A,#N/A,0,0,0,0,0,0,Midfielder,0,a,0,0,0,0,0,0,#N/A,#N/A,#N/A,#N/A,0,0,0,0,0,0,a,0,0,0,0,0,0,#N/A,#N/A,#N/A,0,#N/A,0,0,0,0,0,0,0,0,0
205,Cullen,a,12,4,90,0,0,0,3,25-26-prem-tottenham-hotspur-vs-burnley,90,0,0,90,0,0,90,0,0,0,3,0,Midfielder,14,a,90,1,1,1,0,7,25-26-prem-burnley-vs-sunderland,90,1,1,180,1,1,1,1,3,a,90,0,0,0,3,14,25-26-prem-manchester-united-vs-burnley,90,0,3,0,270,1,1,1,6,33,0,20,0
206,Edwards,a,0,1,5,0,0,0,0,25-26-prem-tottenham-hotspur-vs-burnley,5,0,0,5,0,0,5,0,0,0,0,0,Midfielder,0,a,0,0,0,0,0,0,#N/A,#N/A,#N/A,#N/A,5,0,0,0,0,0,a,0,0,0,0,0,0,25-26-efl-cup-derby-county-vs-burnley,90,0,0,0,5,0,0,0,0,0,0,1,3
207,Hannibal,s,1,2,62,0,0,0,2,25-26-prem-tottenham-hotspur-vs-burnley,63,0,0,63,0,0,62,0,0,0,2,0,Midfielder,5,a,82,0,0,1,0,13,25-26-prem-burnley-vs-sunderland,83,0,0,144,0,0,0,1,2,a,64,0,0,0,2,3,25-26-prem-manchester-united-vs-burnley,65,0,2,0,208,0,0,1,4,17,0,9,0
208,Koleosho,u,0,0,0,0,0,0,0,#N/A,#N/A,#N/A,0,#N/A,#N/A,#N/A,0,0,0,0,0,0,Midfielder,0,u,0,0,0,0,0,0,#N/A,#N/A,#N/A,#N/A,0,0,0,0,0,0,u,0,0,0,0,0,0,#N/A,#N/A,#N/A,0,#N/A,0,0,0,0,0,0,0,0,1
209,Laurent,a,6,2,62,0,0,0,2,25-26-prem-tottenham-hotspur-vs-burnley,63,0,0,63,0,0,62,0,0,0,2,0,Midfielder,1,a,21,0,0,0,0,4,25-26-prem-burnley-vs-sunderland,21,0,0,83,0,0,0,0,2,a,14,0,0,0,1,4,25-26-prem-manchester-united-vs-burnley,14,0,1,0,97,0,0,0,3,14,0,3,0
210,Tchaouna,a,2,1,16,0,0,0,0,25-26-prem-tottenham-hotspur-vs-burnley,16,0,0,16,0,0,16,0,0,0,0,0,Midfielder,1,a,7,0,0,0,0,2,25-26-prem-burnley-vs-sunderland,7,0,0,23,0,0,0,0,0,a,25,0,1,0,1,1,25-26-prem-manchester-united-vs-burnley,25,0,1,0,48,0,1,0,1,5,0,5,2
211,A.Ramsey,u,0,0,0,0,0,0,0,#N/A,#N/A,#N/A,0,#N/A,#N/A,#N/A,0,0,0,0,0,0,Midfielder,0,a,0,0,0,0,0,0,#N/A,#N/A,#N/A,#N/A,0,0,0,0,0,0,a,0,0,0,0,0,0,25-26-efl-cup-derby-county-vs-burnley,90,1,0,0,0,0,0,0,0,0,0,0,3
212,Adewumi,u,0,0,0,0,0,0,0,#N/A,#N/A,#N/A,0,#N/A,#N/A,#N/A,0,0,0,0,0,0,Midfielder,0,u,0,0,0,0,0,0,#N/A,#N/A,#N/A,#N/A,0,0,0,0,0,0,u,0,0,0,0,0,0,#N/A,#N/A,#N/A,0,#N/A,0,0,0,0,0,0,0,0,0
213,Banel,a,0,0,0,0,0,0,0,#N/A,#N/A,#N/A,0,#N/A,#N/A,#N/A,0,0,0,0,0,0,Midfielder,0,a,0,0,0,0,0,0,#N/A,#N/A,#N/A,#N/A,0,0,0,0,0,0,a,0,0,0,0,0,0,25-26-efl-cup-derby-county-vs-burnley,28,0,0,0,0,0,0,0,0,0,0,0,0
214,Trésor,a,0,0,0,0,0,0,0,#N/A,#N/A,#N/A,0,#N/A,#N/A,#N/A,0,0,0,0,0,0,Midfielder,0,a,0,0,0,0,0,0,#N/A,#N/A,#N/A,#N/A,0,0,0,0,0,0,a,0,0,0,0,0,0,#N/A,#N/A,#N/A,0,#N/A,0,0,0,0,0,0,0,0,0
215,Flemming,a,0,1,16,0,0,0,0,25-26-prem-tottenham-hotspur-vs-burnley,16,0,0,16,0,0,16,0,0,0,0,0,Forward,1,a,4,0,0,0,0,0,25-26-prem-burnley-vs-sunderland,4,0,0,20,0,0,0,0,0,a,0,0,0,0,0,0,25-26-efl-cup-derby-county-vs-burnley,78,0,0,0,20,0,0,0,0,0,0,2,0
216,Amdouni,i,0,0,0,0,0,0,0,#N/A,#N/A,#N/A,0,#N/A,#N/A,#N/A,0,0,0,0,0,0,Forward,0,i,0,0,0,0,0,0,#N/A,#N/A,#N/A,#N/A,0,0,0,0,0,0,i,0,0,0,0,0,0,#N/A,#N/A,#N/A,0,#N/A,0,0,0,0,0,0,0,0,0
217,Foster,a,3,2,73,0,0,0,3,25-26-prem-tottenham-hotspur-vs-burnley,74,0,0,74,0,0,73,0,0,0,3,0,Forward,2,a,85,0,0,1,0,5,25-26-prem-burnley-vs-sunderland,86,0,0,158,0,0,0,1,3,a,90,1,0,0,3,6,25-26-prem-manchester-united-vs-burnley,90,1,3,0,248,1,0,1,6,14,0,10,0
218,Barnes,a,0,0,0,0,0,0,0,#N/A,#N/A,#N/A,0,#N/A,#N/A,#N/A,0,0,0,0,0,0,Forward,0,a,0,0,0,0,0,0,#N/A,#N/A,#N/A,#N/A,0,0,0,0,0,0,a,0,0,0,0,0,0,25-26-efl-cup-derby-county-vs-burnley,27,0,0,0,0,0,0,0,0,0,0,0,2
219,Obafemi,u,0,0,0,0,0,0,0,#N/A,#N/A,#N/A,0,#N/A,#N/A,#N/A,0,0,0,0,0,0,Forward,0,a,0,0,0,0,0,0,#N/A,#N/A,#N/A,#N/A,0,0,0,0,0,0,a,0,0,0,0,0,0,#N/A,#N/A,#N/A,0,#N/A,0,0,0,0,0,0,0,0,0
470,Dúbravka,a,0,2,90,0,0,0,3,25-26-prem-tottenham-hotspur-vs-burnley,90,0,0,90,0,0,90,0,0,0,3,3,Goalkeeper,6,a,90,0,0,1,0,19,25-26-prem-burnley-vs-sunderland,90,0,0,180,0,0,0,1,3,a,90,0,0,0,3,9,25-26-prem-manchester-united-vs-burnley,90,0,3,0,270,0,0,1,6,28,9,10,0
676,Ugochukwu,a,1,1,27,0,0,0,1,25-26-prem-tottenham-hotspur-vs-burnley,27,0,0,27,0,0,27,0,0,0,1,0,Midfielder,3,a,68,0,0,1,0,4,25-26-prem-burnley-vs-sunderland,69,0,0,95,0,0,0,1,1,a,75,0,0,0,2,10,25-26-prem-manchester-united-vs-burnley,76,0,2,0,170,0,0,1,3,15,0,6,3
680,Broja,a,0,0,0,0,0,0,0,#N/A,#N/A,#N/A,0,#N/A,#N/A,#N/A,0,0,0,0,0,0,Forward,0,d,0,0,0,0,0,0,#N/A,#N/A,#N/A,#N/A,0,0,0,0,0,0,a,0,0,0,0,0,0,#N/A,#N/A,#N/A,0,#N/A,0,0,0,0,0,0,0,0,5
722,Florentino,a,0,0,0,0,0,0,0,#N/A,#N/A,#N/A,0,#N/A,#N/A,#N/A,0,0,0,0,0,0,Midfielder,0,a,0,0,0,0,0,0,#N/A,#N/A,#N/A,#N/A,0,0,0,0,0,0,a,0,0,0,0,0,0,#N/A,#N/A,#N/A,0,#N/A,0,0,0,0,0,0,0,0,1
66,Neto,u,0,0,0,0,0,0,0,#N/A,#N/A,#N/A,0,#N/A,#N/A,#N/A,0,0,0,0,0,0,Goalkeeper,0,u,0,0,0,0,0,0,#N/A,#N/A,#N/A,#N/A,0,0,0,0,0,0,u,0,0,0,0,0,0,#N/A,#N/A,#N/A,0,#N/A,0,0,0,0,0,0,0,0,1
67,Petrović,a,0,2,90,0,0,0,4,25-26-prem-liverpool-vs-afc-bournemouth,90,0,0,90,0,0,90,0,0,0,4,6,Goalkeeper,6,a,90,0,0,1,0,19,25-26-prem-afc-bournemouth-vs-wolverhampton-wanderers,90,0,0,180,0,0,0,1,4,a,90,0,0,1,0,12,25-26-prem-tottenham-hotspur-vs-afc-bournemouth,90,0,0,0,270,0,0,2,4,31,8,13,0
68,Dennis,a,0,0,0,0,0,0,0,#N/A,#N/A,#N/A,0,#N/A,#N/A,#N/A,0,0,0,0,0,0,Goalkeeper,0,a,0,0,0,0,0,0,#N/A,#N/A,#N/A,#N/A,0,0,0,0,0,0,a,0,0,0,0,0,0,#N/A,#N/A,#N/A,0,#N/A,0,0,0,0,0,0,0,0,2
69,McKenna,a,0,0,0,0,0,0,0,#N/A,#N/A,#N/A,0,#N/A,#N/A,#N/A,0,0,0,0,0,0,Goalkeeper,0,a,0,0,0,0,0,0,#N/A,#N/A,#N/A,#N/A,0,0,0,0,0,0,a,0,0,0,0,0,0,#N/A,#N/A,#N/A,0,#N/A,0,0,0,0,0,0,0,0,0
70,Paulsen,u,0,0,0,0,0,0,0,#N/A,#N/A,#N/A,0,#N/A,#N/A,#N/A,0,0,0,0,0,0,Goalkeeper,0,a,0,0,0,0,0,0,#N/A,#N/A,#N/A,#N/A,0,0,0,0,0,0,u,0,0,0,0,0,0,#N/A,#N/A,#N/A,0,#N/A,0,0,0,0,0,0,0,0,0
71,Zabarnyi,u,0,0,0,0,0,0,0,#N/A,#N/A,#N/A,0,#N/A,#N/A,#N/A,0,0,0,0,0,0,Defender,0,u,0,0,0,0,0,0,#N/A,#N/A,#N/A,#N/A,0,0,0,0,0,0,u,0,0,0,0,0,0,#N/A,#N/A,#N/A,0,#N/A,0,0,0,0,0,0,0,0,0
72,Senesi,d,15,2,90,0,0,0,4,25-26-prem-liverpool-vs-afc-bournemouth,90,0,0,90,0,0,90,0,0,0,4,0,Defender,9,a,90,0,0,1,0,20,25-26-prem-afc-bournemouth-vs-wolverhampton-wanderers,90,0,0,180,0,0,0,1,4,a,90,0,1,1,0,20,25-26-prem-tottenham-hotspur-vs-afc-bournemouth,90,0,0,1,270,0,1,2,4,55,0,25,0
73,Smith,a,9,1,89,0,0,0,3,25-26-prem-liverpool-vs-afc-bournemouth,89,0,0,89,0,0,89,0,0,0,3,0,Defender,6,a,90,0,0,1,0,5,25-26-prem-afc-bournemouth-vs-wolverhampton-wanderers,90,0,0,179,0,0,0,1,3,d,25,0,0,0,0,0,25-26-prem-tottenham-hotspur-vs-afc-bournemouth,26,0,0,0,204,0,0,1,3,14,0,8,3
74,Truffert,a,6,0,90,0,0,0,4,25-26-prem-liverpool-vs-afc-bournemouth,90,0,0,90,0,0,90,0,0,0,4,0,Defender,6,a,90,0,0,1,0,12,25-26-prem-afc-bournemouth-vs-wolverhampton-wanderers,90,0,0,180,0,0,0,1,4,a,90,0,0,1,0,9,25-26-prem-tottenham-hotspur-vs-afc-bournemouth,90,0,0,0,270,0,0,2,4,27,0,13,0
75,Akinmboni,d,0,0,0,0,0,0,0,#N/A,#N/A,#N/A,0,#N/A,#N/A,#N/A,0,0,0,0,0,0,Defender,0,a,0,0,0,0,0,0,#N/A,#N/A,#N/A,#N/A,0,0,0,0,0,0,a,0,0,0,0,0,0,#N/A,#N/A,#N/A,0,#N/A,0,0,0,0,0,0,0,0,2
76,Bevan,a,0,0,0,0,0,0,0,#N/A,#N/A,#N/A,0,#N/A,#N/A,#N/A,0,0,0,0,0,0,Defender,0,a,0,0,0,0,0,0,#N/A,#N/A,#N/A,#N/A,0,0,0,0,0,0,a,0,0,0,0,0,0,#N/A,#N/A,#N/A,0,#N/A,0,0,0,0,0,0,0,0,0
77,Hill,a,2,1,1,0,0,0,1,25-26-prem-liverpool-vs-afc-bournemouth,1,0,0,1,0,0,1,0,0,0,1,0,Defender,1,a,2,0,0,0,0,0,25-26-prem-afc-bournemouth-vs-wolverhampton-wanderers,2,0,0,3,0,0,0,0,1,a,64,0,0,1,0,9,25-26-prem-tottenham-hotspur-vs-afc-bournemouth,64,0,0,0,67,0,0,1,1,11,0,7,0
78,J.Araujo,a,0,0,0,0,0,0,0,#N/A,#N/A,#N/A,0,#N/A,#N/A,#N/A,0,0,0,0,0,0,Defender,0,a,0,0,0,0,0,0,#N/A,#N/A,#N/A,#N/A,0,0,0,0,0,0,a,0,0,0,0,0,0,#N/A,#N/A,#N/A,0,#N/A,0,0,0,0,0,0,0,0,2
79,Mepham,u,0,0,0,0,0,0,0,#N/A,#N/A,#N/A,0,#N/A,#N/A,#N/A,0,0,0,0,0,0,Defender,0,a,0,0,0,0,0,0,#N/A,#N/A,#N/A,#N/A,0,0,0,0,0,0,a,0,0,0,0,0,0,#N/A,#N/A,#N/A,0,#N/A,0,0,0,0,0,0,0,0,0
80,Soler,a,0,0,0,0,0,0,0,#N/A,#N/A,#N/A,0,#N/A,#N/A,#N/A,0,0,0,0,0,0,Defender,0,a,0,0,0,0,0,0,#N/A,#N/A,#N/A,#N/A,0,0,0,0,0,0,a,0,0,0,0,0,0,#N/A,#N/A,#N/A,0,#N/A,0,0,0,0,0,0,0,0,0
81,Kluivert,a,0,0,0,0,0,0,0,#N/A,#N/A,#N/A,0,#N/A,#N/A,#N/A,0,0,0,0,0,0,Midfielder,1,a,12,0,0,0,0,0,25-26-prem-afc-bournemouth-vs-wolverhampton-wanderers,12,0,0,12,0,0,0,0,0,a,9,0,0,0,0,1,25-26-prem-tottenham-hotspur-vs-afc-bournemouth,9,0,0,0,21,0,0,0,0,1,0,2,1
82,Semenyo,a,5,15,90,2,0,0,4,25-26-prem-liverpool-vs-afc-bournemouth,90,2,0,90,2,0,90,2,0,0,4,0,Midfielder,6,a,90,0,1,1,0,5,25-26-prem-afc-bournemouth-vs-wolverhampton-wanderers,90,0,1,180,2,2,1,1,4,a,90,0,0,1,0,10,25-26-prem-tottenham-hotspur-vs-afc-bournemouth,90,0,0,0,270,2,1,2,4,20,0,23,13
84,Tavernier,a,20,4,90,0,0,0,4,25-26-prem-liverpool-vs-afc-bournemouth,90,0,0,90,0,0,90,0,0,0,4,0,Midfielder,11,a,77,1,0,1,0,4,25-26-prem-afc-bournemouth-vs-wolverhampton-wanderers,78,1,0,167,1,1,0,1,4,a,80,0,0,1,0,5,25-26-prem-tottenham-hotspur-vs-afc-bournemouth,81,0,0,0,247,1,0,2,4,29,0,18,2
85,Adams,a,19,4,90,0,0,0,3,25-26-prem-liverpool-vs-afc-bournemouth,89,0,0,89,0,0,90,0,0,0,3,0,Midfielder,2,a,87,0,0,1,0,9,25-26-prem-afc-bournemouth-vs-wolverhampton-wanderers,88,0,0,177,0,0,0,1,3,a,90,0,0,1,0,12,25-26-prem-tottenham-hotspur-vs-afc-bournemouth,90,0,0,0,267,0,0,2,3,40,0,10,1
86,Brooks,a,7,4,83,0,1,0,2,25-26-prem-liverpool-vs-afc-bournemouth,84,0,1,84,0,1,83,0,1,0,2,0,Midfielder,3,a,66,0,0,1,0,4,25-26-efl-cup-brentford-vs-afc-bournemouth,24,0,0,149,0,0,1,1,2,a,63,0,0,1,0,5,25-26-prem-tottenham-hotspur-vs-afc-bournemouth,64,0,0,0,212,0,1,2,2,16,0,11,1
87,Christie,i,0,0,0,0,0,0,0,#N/A,#N/A,#N/A,0,#N/A,#N/A,#N/A,0,0,0,0,0,0,Midfielder,1,a,24,0,0,0,0,2,25-26-efl-cup-brentford-vs-afc-bournemouth,74,0,0,24,0,0,0,0,0,a,27,0,0,0,0,9,25-26-prem-tottenham-hotspur-vs-afc-bournemouth,27,0,0,0,51,0,0,0,0,11,0,2,0
88,Cook,s,0,0,0,0,0,0,0,#N/A,#N/A,#N/A,0,#N/A,#N/A,#N/A,0,0,0,0,0,0,Midfielder,0,i,0,0,0,0,0,0,#N/A,#N/A,#N/A,#N/A,0,0,0,0,0,0,i,0,0,0,0,0,0,#N/A,#N/A,#N/A,0,#N/A,0,0,0,0,0,0,0,0,1
89,Philip,u,0,0,0,0,0,0,0,#N/A,#N/A,#N/A,0,#N/A,#N/A,#N/A,0,0,0,0,0,0,Midfielder,0,a,0,0,0,0,0,0,#N/A,#N/A,#N/A,#N/A,0,0,0,0,0,0,u,0,0,0,0,0,0,#N/A,#N/A,#N/A,0,#N/A,0,0,0,0,0,0,0,0,0
90,Scott,a,3,2,73,0,0,0,2,25-26-prem-liverpool-vs-afc-bournemouth,74,0,0,74,0,0,73,0,0,0,2,0,Midfielder,2,a,65,0,0,1,0,6,25-26-efl-cup-brentford-vs-afc-bournemouth,90,0,0,138,0,0,0,1,2,a,62,0,0,1,0,7,25-26-prem-tottenham-hotspur-vs-afc-bournemouth,63,0,0,0,200,0,0,2,2,16,0,7,9
91,Sinisterra,u,0,0,0,0,0,0,0,#N/A,#N/A,#N/A,0,#N/A,#N/A,#N/A,0,0,0,0,0,0,Midfielder,0,a,0,0,0,0,0,0,#N/A,#N/A,#N/A,#N/A,0,0,0,0,0,0,u,0,0,0,0,0,0,#N/A,#N/A,#N/A,0,#N/A,0,0,0,0,0,0,0,0,0
92,Faivre,u,0,0,0,0,0,0,0,#N/A,#N/A,#N/A,0,#N/A,#N/A,#N/A,0,0,0,0,0,0,Midfielder,0,a,0,0,0,0,0,0,#N/A,#N/A,#N/A,#N/A,0,0,0,0,0,0,a,0,0,0,0,0,0,#N/A,#N/A,#N/A,0,#N/A,0,0,0,0,0,0,0,0,0
93,H.Traorè,u,4,4,16,0,1,0,2,25-26-prem-liverpool-vs-afc-bournemouth,16,0,1,16,0,1,16,0,1,0,2,0,Midfielder,0,a,0,0,0,0,0,0,#N/A,#N/A,#N/A,#N/A,16,0,0,1,0,2,a,0,0,0,0,0,0,#N/A,#N/A,#N/A,0,#N/A,16,0,1,0,2,4,0,4,0
94,Sadi,u,0,0,0,0,0,0,0,#N/A,#N/A,#N/A,0,#N/A,#N/A,#N/A,0,0,0,0,0,0,Midfielder,0,a,0,0,0,0,0,0,#N/A,#N/A,#N/A,#N/A,0,0,0,0,0,0,a,0,0,0,0,0,0,#N/A,#N/A,#N/A,0,#N/A,0,0,0,0,0,0,0,0,0
95,Silcott-Duberry,u,0,0,0,0,0,0,0,#N/A,#N/A,#N/A,0,#N/A,#N/A,#N/A,0,0,0,0,0,0,Midfielder,0,a,0,0,0,0,0,0,#N/A,#N/A,#N/A,#N/A,0,0,0,0,0,0,a,0,0,0,0,0,0,#N/A,#N/A,#N/A,0,#N/A,0,0,0,0,0,0,0,0,0
96,Winterburn,u,0,1,6,0,0,0,2,25-26-prem-liverpool-vs-afc-bournemouth,6,0,0,6,0,0,6,0,0,0,2,0,Midfielder,0,a,0,0,0,0,0,0,#N/A,#N/A,#N/A,#N/A,6,0,0,0,0,2,a,0,0,0,0,0,0,#N/A,#N/A,#N/A,0,#N/A,6,0,0,0,2,0,0,1,0
97,Evanilson,a,5,1,90,0,0,0,4,25-26-prem-liverpool-vs-afc-bournemouth,90,0,0,90,0,0,90,0,0,0,4,0,Forward,2,a,87,0,0,1,0,1,25-26-efl-cup-brentford-vs-afc-bournemouth,24,0,0,177,0,0,0,1,4,a,80,1,0,1,0,5,25-26-prem-tottenham-hotspur-vs-afc-bournemouth,81,1,0,0,257,1,0,2,4,11,0,11,5
98,Enes Ünal,a,0,0,0,0,0,0,0,#N/A,#N/A,#N/A,0,#N/A,#N/A,#N/A,0,0,0,0,0,0,Forward,0,i,0,0,0,0,0,0,#N/A,#N/A,#N/A,#N/A,0,0,0,0,0,0,i,0,0,0,0,0,0,#N/A,#N/A,#N/A,0,#N/A,0,0,0,0,0,0,0,0,0
99,Adu-Adjei,u,0,0,0,0,0,0,0,#N/A,#N/A,#N/A,0,#N/A,#N/A,#N/A,0,0,0,0,0,0,Forward,0,a,0,0,0,0,0,0,#N/A,#N/A,#N/A,#N/A,0,0,0,0,0,0,a,0,0,0,0,0,0,#N/A,#N/A,#N/A,0,#N/A,0,0,0,0,0,0,0,0,0
100,Kroupi.Jr,a,0,1,1,0,0,0,1,25-26-prem-liverpool-vs-afc-bournemouth,1,0,0,1,0,0,1,0,0,0,1,0,Forward,1,a,2,0,0,0,0,0,25-26-prem-afc-bournemouth-vs-wolverhampton-wanderers,2,0,0,3,0,0,0,0,1,a,9,0,0,0,0,1,25-26-prem-tottenham-hotspur-vs-afc-bournemouth,9,0,0,0,12,0,0,0,1,1,0,3,0
391,Gannon-Doak,i,0,0,0,0,0,0,0,#N/A,#N/A,#N/A,0,#N/A,#N/A,#N/A,0,0,0,0,0,0,Midfielder,0,a,0,0,0,0,0,0,#N/A,#N/A,#N/A,#N/A,0,0,0,0,0,0,a,0,0,0,0,0,0,#N/A,#N/A,#N/A,0,#N/A,0,0,0,0,0,0,0,0,0
685,Diakité,a,9,0,90,0,0,0,4,25-26-prem-liverpool-vs-afc-bournemouth,90,0,0,90,0,0,90,0,0,0,4,0,Defender,10,a,90,0,0,1,0,21,25-26-prem-afc-bournemouth-vs-wolverhampton-wanderers,90,0,0,180,0,0,0,1,4,a,90,0,0,1,0,10,25-26-prem-tottenham-hotspur-vs-afc-bournemouth,90,0,0,0,270,0,0,2,4,40,0,16,0
687,Rees-Dottin,a,0,0,0,0,0,0,0,#N/A,#N/A,#N/A,0,#N/A,#N/A,#N/A,0,0,0,0,0,0,Midfielder,0,a,0,0,0,0,0,0,#N/A,#N/A,#N/A,#N/A,0,0,0,0,0,0,a,0,0,0,0,0,0,#N/A,#N/A,#N/A,0,#N/A,0,0,0,0,0,0,0,0,0
697,Adli,a,0,0,0,0,0,0,0,#N/A,#N/A,#N/A,0,#N/A,#N/A,#N/A,0,0,0,0,0,0,Midfielder,1,a,24,0,0,0,0,6,25-26-prem-afc-bournemouth-vs-wolverhampton-wanderers,24,0,0,24,0,0,0,0,0,a,26,0,0,0,0,11,25-26-prem-tottenham-hotspur-vs-afc-bournemouth,26,0,0,0,50,0,0,0,0,17,0,2,1
713,A.Jimenez,a,0,0,0,0,0,0,0,#N/A,#N/A,#N/A,0,#N/A,#N/A,#N/A,0,0,0,0,0,0,Defender,0,a,0,0,0,0,0,0,#N/A,#N/A,#N/A,#N/A,0,0,0,0,0,0,a,0,0,0,0,0,0,#N/A,#N/A,#N/A,0,#N/A,0,0,0,0,0,0,0,0,0
721,Milosavljević,i,0,0,0,0,0,0,0,#N/A,#N/A,#N/A,0,#N/A,#N/A,#N/A,0,0,0,0,0,0,Defender,0,a,0,0,0,0,0,0,#N/A,#N/A,#N/A,#N/A,0,0,0,0,0,0,a,0,0,0,0,0,0,#N/A,#N/A,#N/A,0,#N/A,0,0,0,0,0,0,0,0,4
756,DaCosta,a,0,0,0,0,0,0,0,#N/A,#N/A,#N/A,0,#N/A,#N/A,#N/A,0,0,0,0,0,0,Midfielder,#N/A,#N/A,#N/A,#N/A,#N/A,#N/A,#N/A,#N/A,#N/A,#N/A,#N/A,#N/A,#N/A,#N/A,#N/A,#N/A,#N/A,#N/A,#N/A,#N/A,#N/A,#N/A,#N/A,#N/A,#N/A,#N/A,#N/A,#N/A,#N/A,#N/A,#N/A,#N/A,#N/A,#N/A,#N/A,#N/A,#N/A,#N/A,0
27,Nelson,d,0,0,0,0,0,0,0,#N/A,#N/A,#N/A,0,#N/A,#N/A,#N/A,0,0,0,0,0,0,Midfielder,0,a,0,0,0,0,0,0,#N/A,#N/A,#N/A,#N/A,0,0,0,0,0,0,a,0,0,0,0,0,0,#N/A,#N/A,#N/A,0,#N/A,0,0,0,0,0,0,0,0,1
83,O.Dango,a,0,0,0,0,0,0,0,#N/A,#N/A,#N/A,0,#N/A,#N/A,#N/A,0,0,0,0,0,0,Midfielder,13,a,83,1,0,1,0,15,25-26-efl-cup-brentford-vs-afc-bournemouth,31,0,0,83,1,1,0,1,0,a,90,0,0,0,2,7,25-26-prem-sunderland-vs-brentford,90,0,2,0,173,1,0,1,2,22,0,15,2
101,Kelleher,a,0,1,90,0,0,0,3,25-26-prem-nottingham-forest-vs-brentford,90,0,0,90,0,0,90,0,0,0,3,2,Goalkeeper,5,a,90,0,0,1,0,26,25-26-prem-brentford-vs-aston-villa,90,0,0,180,0,0,0,1,3,a,90,0,0,0,2,4,25-26-prem-sunderland-vs-brentford,90,0,2,0,270,0,0,1,5,30,5,7,0
102,Balcombe,a,0,0,0,0,0,0,0,#N/A,#N/A,#N/A,0,#N/A,#N/A,#N/A,0,0,0,0,0,0,Goalkeeper,0,a,0,0,0,0,0,0,#N/A,#N/A,#N/A,#N/A,0,0,0,0,0,0,a,0,0,0,0,0,0,#N/A,#N/A,#N/A,0,#N/A,0,0,0,0,0,0,0,0,0
103,Cox,a,0,0,0,0,0,0,0,#N/A,#N/A,#N/A,0,#N/A,#N/A,#N/A,0,0,0,0,0,0,Goalkeeper,0,a,0,0,0,0,0,0,#N/A,#N/A,#N/A,#N/A,0,0,0,0,0,0,a,0,0,0,0,0,0,#N/A,#N/A,#N/A,0,#N/A,0,0,0,0,0,0,0,0,0
104,Eyestone,a,0,0,0,0,0,0,0,#N/A,#N/A,#N/A,0,#N/A,#N/A,#N/A,0,0,0,0,0,0,Goalkeeper,0,a,0,0,0,0,0,0,#N/A,#N/A,#N/A,#N/A,0,0,0,0,0,0,a,0,0,0,0,0,0,#N/A,#N/A,#N/A,0,#N/A,0,0,0,0,0,0,0,0,0
105,Valdimarsson,a,0,0,0,0,0,0,0,#N/A,#N/A,#N/A,0,#N/A,#N/A,#N/A,0,0,0,0,0,0,Goalkeeper,0,a,0,0,0,0,0,0,25-26-efl-cup-brentford-vs-afc-bournemouth,90,0,0,0,0,0,0,0,0,a,0,0,0,0,0,0,#N/A,#N/A,#N/A,0,#N/A,0,0,0,0,0,0,0,0,3
106,Collins,a,5,0,90,0,0,0,3,25-26-prem-nottingham-forest-vs-brentford,90,0,0,90,0,0,90,0,0,0,3,0,Defender,9,a,90,0,0,1,0,23,25-26-efl-cup-brentford-vs-afc-bournemouth,31,0,0,180,0,0,0,1,3,a,90,0,0,0,2,16,25-26-prem-sunderland-vs-brentford,90,0,2,0,270,0,0,1,5,44,0,12,1
107,Lewis-Potter,a,5,1,68,0,0,0,3,25-26-prem-nottingham-forest-vs-brentford,69,0,0,69,0,0,68,0,0,0,3,0,Defender,6,a,90,0,0,1,0,10,25-26-prem-brentford-vs-aston-villa,90,0,0,158,0,0,0,1,3,a,71,0,0,1,0,10,25-26-prem-sunderland-vs-brentford,72,0,0,0,229,0,0,2,3,25,0,13,4
108,Ajer,a,0,0,0,0,0,0,0,#N/A,#N/A,#N/A,0,#N/A,#N/A,#N/A,0,0,0,0,0,0,Defender,1,a,5,0,0,0,0,1,25-26-prem-brentford-vs-aston-villa,5,0,0,5,0,0,0,0,0,a,0,0,0,0,0,0,#N/A,#N/A,#N/A,0,#N/A,5,0,0,0,0,1,0,1,1
109,Henry,a,3,1,87,0,0,0,3,25-26-prem-nottingham-forest-vs-brentford,88,0,0,88,0,0,87,0,0,0,3,0,Defender,1,a,6,0,0,0,0,3,25-26-prem-brentford-vs-aston-villa,6,0,0,93,0,0,0,0,3,a,18,0,0,0,2,4,25-26-prem-sunderland-vs-brentford,18,0,2,0,111,0,0,0,5,10,0,1,2
110,Kayode,a,6,1,90,0,0,0,3,25-26-prem-nottingham-forest-vs-brentford,90,0,0,90,0,0,90,0,0,0,3,0,Defender,10,a,84,0,0,1,0,17,25-26-efl-cup-brentford-vs-afc-bournemouth,31,0,0,174,0,0,0,1,3,a,90,0,0,0,2,6,25-26-prem-sunderland-vs-brentford,90,0,2,0,264,0,0,1,5,29,0,12,1
111,Pinnock,a,0,0,0,0,0,0,0,#N/A,#N/A,#N/A,0,#N/A,#N/A,#N/A,0,0,0,0,0,0,Defender,0,d,0,0,0,0,0,0,25-26-efl-cup-brentford-vs-afc-bournemouth,60,0,0,0,0,0,0,0,0,a,0,0,0,0,0,0,#N/A,#N/A,#N/A,0,#N/A,0,0,0,0,0,0,0,0,0
112,Roerslev,u,0,0,0,0,0,0,0,#N/A,#N/A,#N/A,0,#N/A,#N/A,#N/A,0,0,0,0,0,0,Defender,0,u,0,0,0,0,0,0,#N/A,#N/A,#N/A,#N/A,0,0,0,0,0,0,u,0,0,0,0,0,0,#N/A,#N/A,#N/A,0,#N/A,0,0,0,0,0,0,0,0,1
113,Van den Berg,a,14,3,90,0,0,0,3,25-26-prem-nottingham-forest-vs-brentford,90,0,0,90,0,0,90,0,0,0,3,0,Defender,8,a,90,0,0,1,0,18,25-26-efl-cup-brentford-vs-afc-bournemouth,90,0,0,180,0,0,0,1,3,a,90,0,0,0,2,15,25-26-prem-sunderland-vs-brentford,90,0,2,0,270,0,0,1,5,47,0,14,0
114,Arthur,a,0,0,0,0,0,0,0,#N/A,#N/A,#N/A,0,#N/A,#N/A,#N/A,0,0,0,0,0,0,Defender,0,a,0,0,0,0,0,0,#N/A,#N/A,#N/A,#N/A,0,0,0,0,0,0,a,0,0,0,0,0,0,#N/A,#N/A,#N/A,0,#N/A,0,0,0,0,0,0,0,0,0
115,Fredrick,u,0,0,0,0,0,0,0,#N/A,#N/A,#N/A,0,#N/A,#N/A,#N/A,0,0,0,0,0,0,Defender,0,a,0,0,0,0,0,0,#N/A,#N/A,#N/A,#N/A,0,0,0,0,0,0,a,0,0,0,0,0,0,#N/A,#N/A,#N/A,0,#N/A,0,0,0,0,0,0,0,0,1
116,Hickey,a,2,0,2,0,0,0,0,25-26-prem-nottingham-forest-vs-brentford,2,0,0,2,0,0,2,0,0,0,0,0,Defender,1,a,11,0,0,0,0,2,25-26-prem-brentford-vs-aston-villa,11,0,0,13,0,0,0,0,0,a,0,0,0,0,0,0,#N/A,#N/A,#N/A,0,#N/A,13,0,0,0,0,4,0,1,0
117,Ji-soo,u,0,0,0,0,0,0,0,#N/A,#N/A,#N/A,0,#N/A,#N/A,#N/A,0,0,0,0,0,0,Defender,0,a,0,0,0,0,0,0,#N/A,#N/A,#N/A,#N/A,0,0,0,0,0,0,a,0,0,0,0,0,0,#N/A,#N/A,#N/A,0,#N/A,0,0,0,0,0,0,0,0,0
118,Meghoma,u,0,0,0,0,0,0,0,#N/A,#N/A,#N/A,0,#N/A,#N/A,#N/A,0,0,0,0,0,0,Defender,0,u,0,0,0,0,0,0,#N/A,#N/A,#N/A,#N/A,0,0,0,0,0,0,u,0,0,0,0,0,0,#N/A,#N/A,#N/A,0,#N/A,0,0,0,0,0,0,0,0,7
120,Schade,s,7,1,45,0,0,0,0,25-26-prem-nottingham-forest-vs-brentford,45,0,0,45,0,0,45,0,0,0,0,0,Midfielder,3,a,78,0,0,1,0,10,25-26-efl-cup-brentford-vs-afc-bournemouth,59,0,0,123,0,0,0,1,0,a,89,0,0,0,1,4,25-26-prem-sunderland-vs-brentford,89,0,1,0,212,0,0,1,1,21,0,4,0
121,Damsgaard,a,0,0,0,0,0,0,0,#N/A,#N/A,#N/A,0,#N/A,#N/A,#N/A,0,0,0,0,0,0,Midfielder,5,a,90,0,0,1,0,15,25-26-prem-brentford-vs-aston-villa,90,0,0,90,0,0,0,1,0,a,90,0,0,0,2,1,25-26-prem-sunderland-vs-brentford,90,0,2,0,180,0,0,1,2,16,0,7,0
122,Milambo,i,4,1,45,0,0,0,3,25-26-prem-nottingham-forest-vs-brentford,45,0,0,45,0,0,45,0,0,0,3,0,Midfielder,0,a,0,0,0,0,0,0,25-26-efl-cup-brentford-vs-afc-bournemouth,59,0,0,45,0,0,0,0,3,a,0,0,0,0,0,0,#N/A,#N/A,#N/A,0,#N/A,45,0,0,0,3,4,0,1,7
123,Carvalho,i,7,2,90,0,0,0,3,25-26-prem-nottingham-forest-vs-brentford,90,0,0,90,0,0,90,0,0,0,3,0,Midfielder,0,a,0,0,0,0,0,0,25-26-efl-cup-brentford-vs-afc-bournemouth,90,1,0,90,0,0,0,0,3,a,1,0,0,0,1,0,25-26-prem-sunderland-vs-brentford,1,0,1,0,91,0,0,0,4,7,0,3,6
124,Henderson,a,3,1,21,0,0,0,0,25-26-prem-nottingham-forest-vs-brentford,21,0,0,21,0,0,21,0,0,0,0,0,Midfielder,3,a,68,0,0,1,0,9,25-26-prem-brentford-vs-aston-villa,69,0,0,89,0,0,0,1,0,a,70,0,0,1,0,5,25-26-prem-sunderland-vs-brentford,71,0,0,0,159,0,0,2,0,17,0,7,0
125,Janelt,a,0,0,0,0,0,0,0,#N/A,#N/A,#N/A,0,#N/A,#N/A,#N/A,0,0,0,0,0,0,Midfielder,0,i,0,0,0,0,0,0,#N/A,#N/A,#N/A,#N/A,0,0,0,0,0,0,d,0,0,0,0,0,0,#N/A,#N/A,#N/A,0,#N/A,0,0,0,0,0,0,0,0,2
126,Jensen,a,5,2,68,0,0,0,3,25-26-prem-nottingham-forest-vs-brentford,69,0,0,69,0,0,68,0,0,0,3,0,Midfielder,1,a,11,0,0,0,0,3,25-26-prem-brentford-vs-aston-villa,11,0,0,79,0,0,0,0,3,a,0,0,0,0,0,0,#N/A,#N/A,#N/A,0,#N/A,79,0,0,0,3,8,0,3,0
127,Nunes,a,0,0,0,0,0,0,0,#N/A,#N/A,#N/A,0,#N/A,#N/A,#N/A,0,0,0,0,0,0,Midfielder,0,i,0,0,0,0,0,0,#N/A,#N/A,#N/A,#N/A,0,0,0,0,0,0,i,0,0,0,0,0,0,#N/A,#N/A,#N/A,0,#N/A,0,0,0,0,0,0,0,0,0
128,Onyeka,a,1,4,21,0,1,0,0,25-26-prem-nottingham-forest-vs-brentford,21,0,1,21,0,0,21,0,1,0,0,0,Midfielder,1,a,21,0,0,0,0,4,25-26-prem-brentford-vs-aston-villa,21,0,0,42,0,0,1,0,0,a,19,0,1,0,2,1,25-26-prem-sunderland-vs-brentford,19,0,2,1,61,0,2,0,2,6,0,9,3
129,Yarmoliuk,a,9,2,90,0,0,0,3,25-26-prem-nottingham-forest-vs-brentford,90,0,0,90,0,0,90,0,0,0,3,0,Midfielder,5,a,78,0,0,1,0,15,25-26-efl-cup-brentford-vs-afc-bournemouth,4,0,0,168,0,0,0,1,3,a,90,0,0,0,2,7,25-26-prem-sunderland-vs-brentford,90,0,2,0,258,0,0,1,5,31,0,9,0
130,Donovan,a,0,0,0,0,0,0,0,#N/A,#N/A,#N/A,0,#N/A,#N/A,#N/A,0,0,0,0,0,0,Midfielder,0,a,0,0,0,0,0,0,#N/A,#N/A,#N/A,#N/A,0,0,0,0,0,0,a,0,0,0,0,0,0,#N/A,#N/A,#N/A,0,#N/A,0,0,0,0,0,0,0,0,0
131,Konak,a,0,0,0,0,0,0,0,#N/A,#N/A,#N/A,0,#N/A,#N/A,#N/A,0,0,0,0,0,0,Midfielder,0,a,0,0,0,0,0,0,#N/A,#N/A,#N/A,#N/A,0,0,0,0,0,0,a,0,0,0,0,0,0,#N/A,#N/A,#N/A,0,#N/A,0,0,0,0,0,0,0,0,0
132,Maghoma,a,0,0,0,0,0,0,0,#N/A,#N/A,#N/A,0,#N/A,#N/A,#N/A,0,0,0,0,0,0,Midfielder,0,d,0,0,0,0,0,0,#N/A,#N/A,#N/A,#N/A,0,0,0,0,0,0,d,0,0,0,0,0,0,#N/A,#N/A,#N/A,0,#N/A,0,0,0,0,0,0,0,0,0
133,Peart-Harris,a,0,0,0,0,0,0,0,#N/A,#N/A,#N/A,0,#N/A,#N/A,#N/A,0,0,0,0,0,0,Midfielder,0,a,0,0,0,0,0,0,#N/A,#N/A,#N/A,#N/A,0,0,0,0,0,0,a,0,0,0,0,0,0,#N/A,#N/A,#N/A,0,#N/A,0,0,0,0,0,0,0,0,0
134,Trevitt,u,0,0,0,0,0,0,0,#N/A,#N/A,#N/A,0,#N/A,#N/A,#N/A,0,0,0,0,0,0,Midfielder,0,u,0,0,0,0,0,0,#N/A,#N/A,#N/A,#N/A,0,0,0,0,0,0,u,0,0,0,0,0,0,#N/A,#N/A,#N/A,0,#N/A,0,0,0,0,0,0,0,0,1
136,Thiago,a,2,6,90,1,0,0,3,25-26-prem-nottingham-forest-vs-brentford,90,1,0,90,1,0,90,1,0,0,3,0,Forward,2,a,90,0,0,1,0,8,25-26-prem-brentford-vs-aston-villa,90,0,0,180,1,1,0,1,3,a,90,1,0,0,2,5,25-26-prem-sunderland-vs-brentford,90,1,2,0,270,2,0,1,5,15,0,14,0
137,Morgan,a,0,0,0,0,0,0,0,#N/A,#N/A,#N/A,0,#N/A,#N/A,#N/A,0,0,0,0,0,0,Forward,0,a,0,0,0,0,0,0,#N/A,#N/A,#N/A,#N/A,0,0,0,0,0,0,a,0,0,0,0,0,0,#N/A,#N/A,#N/A,0,#N/A,0,0,0,0,0,0,0,0,0
748,Dasilva,i,0,0,0,0,0,0,0,#N/A,#N/A,#N/A,0,#N/A,#N/A,#N/A,0,0,0,0,0,0,Midfielder,0,a,0,0,0,0,0,0,#N/A,#N/A,#N/A,#N/A,0,0,0,0,0,0,a,0,0,0,0,0,0,#N/A,#N/A,#N/A,0,#N/A,0,0,0,0,0,0,0,0,0
138,Steele,a,0,0,0,0,0,0,0,#N/A,#N/A,#N/A,0,#N/A,#N/A,#N/A,0,0,0,0,0,0,Goalkeeper,0,a,0,0,0,0,0,0,#N/A,#N/A,#N/A,#N/A,0,0,0,0,0,0,a,0,0,0,0,0,0,25-26-efl-cup-brighton-hove-albion-vs-oxford-united,90,0,0,0,0,0,0,0,0,0,0,0,2
139,Verbruggen,a,0,2,90,0,0,0,1,25-26-prem-brighton-hove-albion-vs-fulham,90,0,0,90,0,0,90,0,0,0,1,1,Goalkeeper,1,a,90,0,0,0,2,21,25-26-prem-everton-vs-brighton-hove-albion,90,0,0,180,0,0,0,0,3,a,90,0,0,0,1,10,25-26-prem-brighton-hove-albion-vs-manchester-city,90,0,1,0,270,0,0,0,4,31,4,5,0
140,McGill,a,0,0,0,0,0,0,0,#N/A,#N/A,#N/A,0,#N/A,#N/A,#N/A,0,0,0,0,0,0,Goalkeeper,0,a,0,0,0,0,0,0,#N/A,#N/A,#N/A,#N/A,0,0,0,0,0,0,a,0,0,0,0,0,0,#N/A,#N/A,#N/A,0,#N/A,0,0,0,0,0,0,0,0,0
141,Rushworth,u,0,0,0,0,0,0,0,#N/A,#N/A,#N/A,0,#N/A,#N/A,#N/A,0,0,0,0,0,0,Goalkeeper,0,u,0,0,0,0,0,0,#N/A,#N/A,#N/A,#N/A,0,0,0,0,0,0,u,0,0,0,0,0,0,#N/A,#N/A,#N/A,0,#N/A,0,0,0,0,0,0,0,0,0
142,Scherpen,u,0,0,0,0,0,0,0,#N/A,#N/A,#N/A,0,#N/A,#N/A,#N/A,0,0,0,0,0,0,Goalkeeper,0,u,0,0,0,0,0,0,#N/A,#N/A,#N/A,#N/A,0,0,0,0,0,0,u,0,0,0,0,0,0,#N/A,#N/A,#N/A,0,#N/A,0,0,0,0,0,0,0,0,0
143,Boscagli,a,0,0,0,0,0,0,0,#N/A,#N/A,#N/A,0,#N/A,#N/A,#N/A,0,0,0,0,0,0,Defender,0,a,0,0,0,0,0,0,#N/A,#N/A,#N/A,#N/A,0,0,0,0,0,0,a,0,0,0,0,0,0,25-26-efl-cup-brighton-hove-albion-vs-oxford-united,90,1,0,0,0,0,0,0,0,0,0,0,0
144,Coppola,a,0,0,0,0,0,0,0,#N/A,#N/A,#N/A,0,#N/A,#N/A,#N/A,0,0,0,0,0,0,Defender,0,a,0,0,0,0,0,0,#N/A,#N/A,#N/A,#N/A,0,0,0,0,0,0,a,1,0,0,0,0,0,25-26-prem-brighton-hove-albion-vs-manchester-city,1,0,0,0,1,0,0,0,0,0,0,1,1
145,De Cuyper,a,6,2,90,0,0,0,1,25-26-prem-brighton-hove-albion-vs-fulham,90,0,0,90,0,0,90,0,0,0,1,0,Defender,0,a,66,0,0,0,2,10,25-26-prem-everton-vs-brighton-hove-albion,67,0,0,156,0,0,0,0,3,a,90,0,0,0,1,11,25-26-prem-brighton-hove-albion-vs-manchester-city,90,0,1,0,246,0,0,0,4,27,0,4,2
146,Dunk,a,8,2,90,0,0,0,1,25-26-prem-brighton-hove-albion-vs-fulham,90,0,0,90,0,0,90,0,0,0,1,0,Defender,1,a,90,0,0,0,2,19,25-26-prem-everton-vs-brighton-hove-albion,90,0,0,180,0,0,0,0,3,a,90,0,1,0,1,6,25-26-prem-brighton-hove-albion-vs-manchester-city,90,0,1,0,270,0,1,0,4,33,0,8,0
147,Estupiñan,u,0,0,0,0,0,0,0,#N/A,#N/A,#N/A,0,#N/A,#N/A,#N/A,0,0,0,0,0,0,Defender,0,u,0,0,0,0,0,0,#N/A,#N/A,#N/A,#N/A,0,0,0,0,0,0,u,0,0,0,0,0,0,#N/A,#N/A,#N/A,0,#N/A,0,0,0,0,0,0,0,0,4
148,F.Kadıoğlu,a,1,0,21,0,0,0,1,25-26-prem-brighton-hove-albion-vs-fulham,21,0,0,21,0,0,21,0,0,0,1,0,Defender,0,a,23,0,0,0,0,3,25-26-prem-everton-vs-brighton-hove-albion,23,0,0,44,0,0,0,0,1,a,0,0,0,0,0,0,25-26-efl-cup-brighton-hove-albion-vs-oxford-united,65,0,0,0,44,0,0,0,1,4,0,0,0
150,Lamptey,u,0,0,0,0,0,0,0,#N/A,#N/A,#N/A,0,#N/A,#N/A,#N/A,0,0,0,0,0,0,Defender,0,a,0,0,0,0,0,0,#N/A,#N/A,#N/A,#N/A,0,0,0,0,0,0,a,0,0,0,0,0,0,#N/A,#N/A,#N/A,0,#N/A,0,0,0,0,0,0,0,0,3
151,Van Hecke,a,8,2,90,0,0,0,1,25-26-prem-brighton-hove-albion-vs-fulham,90,0,0,90,0,0,90,0,0,0,1,0,Defender,1,a,90,0,0,0,2,13,25-26-prem-everton-vs-brighton-hove-albion,90,0,0,180,0,0,0,0,3,a,90,0,0,0,1,10,25-26-prem-brighton-hove-albion-vs-manchester-city,90,0,1,0,270,0,0,0,4,31,0,4,3
152,Veltman,a,0,0,0,0,0,0,0,#N/A,#N/A,#N/A,0,#N/A,#N/A,#N/A,0,0,0,0,0,0,Defender,0,a,0,0,0,0,0,0,#N/A,#N/A,#N/A,#N/A,0,0,0,0,0,0,a,90,0,0,0,1,5,25-26-prem-brighton-hove-albion-vs-manchester-city,90,0,1,0,90,0,0,0,1,5,0,1,0
153,Webster,i,0,0,0,0,0,0,0,#N/A,#N/A,#N/A,0,#N/A,#N/A,#N/A,0,0,0,0,0,0,Defender,0,i,0,0,0,0,0,0,#N/A,#N/A,#N/A,#N/A,0,0,0,0,0,0,i,0,0,0,0,0,0,#N/A,#N/A,#N/A,0,#N/A,0,0,0,0,0,0,0,0,0
154,Cashin,u,0,0,0,0,0,0,0,#N/A,#N/A,#N/A,0,#N/A,#N/A,#N/A,0,0,0,0,0,0,Defender,0,u,0,0,0,0,0,0,#N/A,#N/A,#N/A,#N/A,0,0,0,0,0,0,u,0,0,0,0,0,0,#N/A,#N/A,#N/A,0,#N/A,0,0,0,0,0,0,0,0,0
155,Slater,u,0,0,0,0,0,0,0,#N/A,#N/A,#N/A,0,#N/A,#N/A,#N/A,0,0,0,0,0,0,Defender,0,a,0,0,0,0,0,0,#N/A,#N/A,#N/A,#N/A,0,0,0,0,0,0,a,0,0,0,0,0,0,#N/A,#N/A,#N/A,0,#N/A,0,0,0,0,0,0,0,0,0
156,Tasker,a,0,0,0,0,0,0,0,#N/A,#N/A,#N/A,0,#N/A,#N/A,#N/A,0,0,0,0,0,0,Defender,0,a,0,0,0,0,0,0,#N/A,#N/A,#N/A,#N/A,0,0,0,0,0,0,a,0,0,0,0,0,0,25-26-efl-cup-brighton-hove-albion-vs-oxford-united,13,0,0,0,0,0,0,0,0,0,0,0,7
157,Mitoma,a,0,2,82,0,0,1,0,25-26-prem-brighton-hove-albion-vs-fulham,83,0,0,83,0,0,82,0,0,1,0,0,Midfielder,2,a,90,0,0,0,2,5,25-26-prem-everton-vs-brighton-hove-albion,90,0,0,172,0,0,0,1,2,a,90,0,1,0,1,7,25-26-prem-brighton-hove-albion-vs-manchester-city,90,0,1,1,262,0,1,1,3,12,0,9,1
158,Georginio,a,2,6,68,0,1,1,0,25-26-prem-brighton-hove-albion-vs-fulham,69,0,1,69,0,0,68,0,1,1,0,0,Midfielder,0,d,0,0,0,0,0,0,#N/A,#N/A,#N/A,#N/A,68,0,0,1,1,0,d,29,0,0,0,0,0,25-26-prem-brighton-hove-albion-vs-manchester-city,29,0,0,0,97,0,1,1,0,2,0,7,0
159,March,i,0,0,0,0,0,0,0,#N/A,#N/A,#N/A,0,#N/A,#N/A,#N/A,0,0,0,0,0,0,Midfielder,0,i,0,0,0,0,0,0,#N/A,#N/A,#N/A,#N/A,0,0,0,0,0,0,i,0,0,0,0,0,0,#N/A,#N/A,#N/A,0,#N/A,0,0,0,0,0,0,0,0,6
160,Minteh,a,4,3,68,0,0,1,0,25-26-prem-brighton-hove-albion-vs-fulham,69,0,0,69,0,0,68,0,0,1,0,0,Midfielder,2,a,90,0,0,0,2,7,25-26-prem-everton-vs-brighton-hove-albion,90,0,0,158,0,0,0,1,2,a,90,0,0,0,1,12,25-26-prem-brighton-hove-albion-vs-manchester-city,89,0,1,0,248,0,0,1,3,23,0,9,0
161,Enciso,u,0,0,0,0,0,0,0,#N/A,#N/A,#N/A,0,#N/A,#N/A,#N/A,0,0,0,0,0,0,Midfielder,0,i,0,0,0,0,0,0,#N/A,#N/A,#N/A,#N/A,0,0,0,0,0,0,i,0,0,0,0,0,0,#N/A,#N/A,#N/A,0,#N/A,0,0,0,0,0,0,0,0,1
162,Gruda,a,2,1,7,0,0,0,1,25-26-prem-brighton-hove-albion-vs-fulham,7,0,0,7,0,0,7,0,0,0,1,0,Midfielder,1,a,5,0,0,0,0,1,25-26-prem-everton-vs-brighton-hove-albion,5,0,0,12,0,0,0,0,1,a,29,1,0,0,0,2,25-26-prem-brighton-hove-albion-vs-manchester-city,29,1,0,0,41,1,0,0,1,5,0,10,1
163,Hinshelwood,a,0,0,0,0,0,0,0,#N/A,#N/A,#N/A,0,#N/A,#N/A,#N/A,0,0,0,0,0,0,Midfielder,1,a,45,0,0,0,1,3,25-26-prem-everton-vs-brighton-hove-albion,45,0,0,45,0,0,0,0,1,a,60,0,0,0,1,8,25-26-prem-brighton-hove-albion-vs-manchester-city,61,0,1,0,105,0,0,0,2,11,0,3,0
164,O'Riley,u,3,10,87,1,0,1,0,25-26-prem-brighton-hove-albion-vs-fulham,88,1,0,88,1,0,87,1,0,1,0,0,Midfielder,2,a,90,0,0,0,2,6,25-26-prem-everton-vs-brighton-hove-albion,90,0,0,177,1,1,0,1,2,a,0,0,0,0,0,0,#N/A,#N/A,#N/A,0,#N/A,177,1,0,1,2,9,0,12,0
165,Sima,u,0,0,0,0,0,0,0,#N/A,#N/A,#N/A,0,#N/A,#N/A,#N/A,0,0,0,0,0,0,Midfielder,0,a,0,0,0,0,0,0,#N/A,#N/A,#N/A,#N/A,0,0,0,0,0,0,a,0,0,0,0,0,0,#N/A,#N/A,#N/A,0,#N/A,0,0,0,0,0,0,0,0,2
166,Ayari,a,10,3,90,0,0,0,1,25-26-prem-brighton-hove-albion-vs-fulham,90,0,0,90,0,0,90,0,0,0,1,0,Midfielder,2,a,66,0,0,0,2,6,25-26-prem-everton-vs-brighton-hove-albion,67,0,0,156,0,0,0,0,3,a,29,0,0,0,0,3,25-26-prem-brighton-hove-albion-vs-manchester-city,29,0,0,0,185,0,0,0,3,19,0,6,0
167,Baleba,a,11,3,68,0,0,1,0,25-26-prem-brighton-hove-albion-vs-fulham,69,0,0,69,0,0,68,0,0,1,0,0,Midfielder,1,a,45,0,0,0,1,2,25-26-prem-everton-vs-brighton-hove-albion,45,0,0,113,0,0,0,1,1,a,59,0,0,0,1,3,25-26-prem-brighton-hove-albion-vs-manchester-city,60,0,1,0,172,0,0,1,2,16,0,5,0
169,Gomez,a,5,0,21,0,0,0,1,25-26-prem-brighton-hove-albion-vs-fulham,21,0,0,21,0,0,21,0,0,0,1,0,Midfielder,1,a,23,0,0,0,0,5,25-26-prem-everton-vs-brighton-hove-albion,23,0,0,44,0,0,0,0,1,a,60,0,0,0,1,6,25-26-prem-brighton-hove-albion-vs-manchester-city,61,0,1,0,104,0,0,0,2,16,0,3,1
170,Milner,a,0,1,2,0,0,0,1,25-26-prem-brighton-hove-albion-vs-fulham,2,0,0,2,0,0,2,0,0,0,1,0,Midfielder,0,a,0,0,0,0,0,0,#N/A,#N/A,#N/A,#N/A,2,0,0,0,0,1,a,30,1,0,0,0,2,25-26-prem-brighton-hove-albion-vs-manchester-city,30,1,0,0,32,1,0,0,1,2,0,7,0
171,Sarmiento,u,0,0,0,0,0,0,0,#N/A,#N/A,#N/A,0,#N/A,#N/A,#N/A,0,0,0,0,0,0,Midfielder,0,a,0,0,0,0,0,0,#N/A,#N/A,#N/A,#N/A,0,0,0,0,0,0,a,0,0,0,0,0,0,#N/A,#N/A,#N/A,0,#N/A,0,0,0,0,0,0,0,0,0
172,Watson,a,0,0,0,0,0,0,0,#N/A,#N/A,#N/A,0,#N/A,#N/A,#N/A,0,0,0,0,0,0,Midfielder,0,a,0,0,0,0,0,0,#N/A,#N/A,#N/A,#N/A,0,0,0,0,0,0,a,0,0,0,0,0,0,25-26-efl-cup-brighton-hove-albion-vs-oxford-united,25,1,0,0,0,0,0,0,0,0,0,0,0
173,Wieffer,a,18,4,90,0,0,0,1,25-26-prem-brighton-hove-albion-vs-fulham,90,0,0,90,0,0,90,0,0,0,1,0,Midfielder,3,a,84,0,0,0,2,13,25-26-prem-everton-vs-brighton-hove-albion,85,0,0,174,0,0,0,0,3,a,0,0,0,0,0,0,#N/A,#N/A,#N/A,0,#N/A,174,0,0,0,3,31,0,7,0
174,Yalcouye,u,0,0,0,0,0,0,0,#N/A,#N/A,#N/A,0,#N/A,#N/A,#N/A,0,0,0,0,0,0,Midfielder,0,u,0,0,0,0,0,0,#N/A,#N/A,#N/A,#N/A,0,0,0,0,0,0,u,0,0,0,0,0,0,#N/A,#N/A,#N/A,0,#N/A,0,0,0,0,0,0,0,0,0
175,Knight,a,0,0,0,0,0,0,0,#N/A,#N/A,#N/A,0,#N/A,#N/A,#N/A,0,0,0,0,0,0,Midfielder,0,a,0,0,0,0,0,0,#N/A,#N/A,#N/A,#N/A,0,0,0,0,0,0,a,0,0,0,0,0,0,#N/A,#N/A,#N/A,0,#N/A,0,0,0,0,0,0,0,0,0
176,Mazilu,u,0,0,0,0,0,0,0,#N/A,#N/A,#N/A,0,#N/A,#N/A,#N/A,0,0,0,0,0,0,Midfielder,0,a,0,0,0,0,0,0,#N/A,#N/A,#N/A,#N/A,0,0,0,0,0,0,a,0,0,0,0,0,0,#N/A,#N/A,#N/A,0,#N/A,0,0,0,0,0,0,0,0,0
177,Moran,u,0,0,0,0,0,0,0,#N/A,#N/A,#N/A,0,#N/A,#N/A,#N/A,0,0,0,0,0,0,Midfielder,0,u,0,0,0,0,0,0,#N/A,#N/A,#N/A,#N/A,0,0,0,0,0,0,u,0,0,0,0,0,0,#N/A,#N/A,#N/A,0,#N/A,0,0,0,0,0,0,0,0,2
178,Welbeck,a,1,1,21,0,0,0,1,25-26-prem-brighton-hove-albion-vs-fulham,21,0,0,21,0,0,21,0,0,0,1,0,Forward,0,a,90,0,0,0,2,1,25-26-prem-everton-vs-brighton-hove-albion,90,0,0,111,0,0,0,0,3,a,60,0,0,0,1,2,25-26-prem-brighton-hove-albion-vs-manchester-city,61,0,1,0,171,0,0,0,4,4,0,3,0
179,Ferguson,u,0,0,0,0,0,0,0,#N/A,#N/A,#N/A,0,#N/A,#N/A,#N/A,0,0,0,0,0,0,Forward,0,u,0,0,0,0,0,0,#N/A,#N/A,#N/A,#N/A,0,0,0,0,0,0,u,0,0,0,0,0,0,#N/A,#N/A,#N/A,0,#N/A,0,0,0,0,0,0,0,0,1
180,Tzimas,i,0,0,0,0,0,0,0,#N/A,#N/A,#N/A,0,#N/A,#N/A,#N/A,0,0,0,0,0,0,Forward,0,a,0,0,0,0,0,0,#N/A,#N/A,#N/A,#N/A,0,0,0,0,0,0,a,0,0,0,0,0,0,25-26-efl-cup-brighton-hove-albion-vs-oxford-united,24,2,0,1,0,0,0,0,0,0,0,0,0
181,Kostoulas,a,0,0,0,0,0,0,0,#N/A,#N/A,#N/A,0,#N/A,#N/A,#N/A,0,0,0,0,0,0,Forward,0,a,0,0,0,0,0,0,#N/A,#N/A,#N/A,#N/A,0,0,0,0,0,0,a,0,0,0,0,0,0,25-26-efl-cup-brighton-hove-albion-vs-oxford-united,12,0,0,0,0,0,0,0,0,0,0,0,0
744,Oriola,a,0,0,0,0,0,0,0,#N/A,#N/A,#N/A,0,#N/A,#N/A,#N/A,0,0,0,0,0,0,Midfielder,0,a,0,0,0,0,0,0,#N/A,#N/A,#N/A,#N/A,0,0,0,0,0,0,a,0,0,0,0,0,0,#N/A,#N/A,#N/A,0,#N/A,0,0,0,0,0,0,0,0,1
168,Buonanotte,a,0,0,0,0,0,0,0,#N/A,#N/A,#N/A,0,#N/A,#N/A,#N/A,0,0,0,0,0,0,Midfielder,0,a,0,0,0,0,0,0,#N/A,#N/A,#N/A,#N/A,0,0,0,0,0,0,a,0,0,0,0,0,0,#N/A,#N/A,#N/A,0,#N/A,0,0,0,0,0,0,0,0,2
220,Sánchez,a,0,8,90,0,0,1,0,25-26-prem-chelsea-vs-crystal-palace,90,0,0,90,0,0,90,0,0,1,0,4,Goalkeeper,3,a,90,0,0,0,1,14,25-26-prem-west-ham-united-vs-chelsea,90,0,0,180,0,0,0,1,1,a,90,0,0,1,0,6,25-26-prem-chelsea-vs-fulham,90,0,0,0,270,0,0,2,1,20,8,17,0
221,Jörgensen,a,0,0,0,0,0,0,0,#N/A,#N/A,#N/A,0,#N/A,#N/A,#N/A,0,0,0,0,0,0,Goalkeeper,0,a,0,0,0,0,0,0,#N/A,#N/A,#N/A,#N/A,0,0,0,0,0,0,a,0,0,0,0,0,0,#N/A,#N/A,#N/A,0,#N/A,0,0,0,0,0,0,0,0,0
222,Penders,u,0,0,0,0,0,0,0,#N/A,#N/A,#N/A,0,#N/A,#N/A,#N/A,0,0,0,0,0,0,Goalkeeper,0,u,0,0,0,0,0,0,#N/A,#N/A,#N/A,#N/A,0,0,0,0,0,0,u,0,0,0,0,0,0,#N/A,#N/A,#N/A,0,#N/A,0,0,0,0,0,0,0,0,0
223,Slonina,a,0,0,0,0,0,0,0,#N/A,#N/A,#N/A,0,#N/A,#N/A,#N/A,0,0,0,0,0,0,Goalkeeper,0,a,0,0,0,0,0,0,#N/A,#N/A,#N/A,#N/A,0,0,0,0,0,0,a,0,0,0,0,0,0,#N/A,#N/A,#N/A,0,#N/A,0,0,0,0,0,0,0,0,1
224,Cucurella,a,4,8,90,0,0,1,0,25-26-prem-chelsea-vs-crystal-palace,90,0,0,90,0,0,90,0,0,1,0,0,Defender,5,a,68,0,1,0,1,16,25-26-prem-west-ham-united-vs-chelsea,69,0,1,158,0,0,1,1,1,a,90,0,0,1,0,12,25-26-prem-chelsea-vs-fulham,90,0,0,0,248,0,1,2,1,32,0,19,1
225,James,a,7,5,78,0,0,1,0,25-26-prem-chelsea-vs-crystal-palace,79,0,0,79,0,0,78,0,0,1,0,0,Defender,1,a,21,0,0,0,0,8,25-26-prem-west-ham-united-vs-chelsea,21,0,0,99,0,0,0,1,0,a,9,0,0,0,0,0,25-26-prem-chelsea-vs-fulham,9,0,0,0,108,0,0,1,0,15,0,7,3
226,Chalobah,a,9,6,90,0,0,1,0,25-26-prem-chelsea-vs-crystal-palace,90,0,0,90,0,0,90,0,0,1,0,0,Defender,8,a,68,1,0,0,1,12,25-26-prem-west-ham-united-vs-chelsea,69,1,0,158,1,1,0,1,1,a,90,0,1,1,0,13,25-26-prem-chelsea-vs-fulham,90,0,0,0,248,1,1,2,1,34,0,27,0
227,Colwill,i,0,0,0,0,0,0,0,#N/A,#N/A,#N/A,0,#N/A,#N/A,#N/A,0,0,0,0,0,0,Defender,0,i,0,0,0,0,0,0,#N/A,#N/A,#N/A,#N/A,0,0,0,0,0,0,i,0,0,0,0,0,0,#N/A,#N/A,#N/A,0,#N/A,0,0,0,0,0,0,0,0,0
228,Gusto,a,0,1,11,0,0,0,0,25-26-prem-chelsea-vs-crystal-palace,11,0,0,11,0,0,11,0,0,0,0,0,Defender,2,a,68,0,0,0,1,6,25-26-prem-west-ham-united-vs-chelsea,69,0,0,79,0,0,0,0,1,a,90,0,0,1,0,12,25-26-prem-chelsea-vs-fulham,90,0,0,0,169,0,0,1,1,18,0,9,0
229,B.Badiashile,a,0,0,0,0,0,0,0,#N/A,#N/A,#N/A,0,#N/A,#N/A,#N/A,0,0,0,0,0,0,Defender,0,i,0,0,0,0,0,0,#N/A,#N/A,#N/A,#N/A,0,0,0,0,0,0,i,0,0,0,0,0,0,#N/A,#N/A,#N/A,0,#N/A,0,0,0,0,0,0,0,0,1
230,Fofana,a,0,0,0,0,0,0,0,#N/A,#N/A,#N/A,0,#N/A,#N/A,#N/A,0,0,0,0,0,0,Defender,1,a,21,0,0,0,0,2,25-26-prem-west-ham-united-vs-chelsea,21,0,0,21,0,0,0,0,0,a,0,0,0,0,0,0,#N/A,#N/A,#N/A,0,#N/A,21,0,0,0,0,2,0,1,0
231,M.Sarr,u,0,0,0,0,0,0,0,#N/A,#N/A,#N/A,0,#N/A,#N/A,#N/A,0,0,0,0,0,0,Defender,0,u,0,0,0,0,0,0,#N/A,#N/A,#N/A,#N/A,0,0,0,0,0,0,u,0,0,0,0,0,0,#N/A,#N/A,#N/A,0,#N/A,0,0,0,0,0,0,0,0,1
232,Tosin,a,0,0,0,0,0,0,0,#N/A,#N/A,#N/A,0,#N/A,#N/A,#N/A,0,0,0,0,0,0,Defender,2,a,90,0,0,0,1,12,25-26-prem-west-ham-united-vs-chelsea,90,0,0,90,0,0,0,0,1,a,90,0,0,1,0,14,25-26-prem-chelsea-vs-fulham,90,0,0,0,180,0,0,1,1,26,0,10,0
233,Acheampong,a,8,9,90,0,0,1,0,25-26-prem-chelsea-vs-crystal-palace,90,0,0,90,0,0,90,0,0,1,0,0,Defender,0,a,0,0,0,0,0,4,#N/A,#N/A,#N/A,#N/A,90,0,0,0,1,0,a,0,0,0,0,0,0,#N/A,#N/A,#N/A,0,#N/A,90,0,0,1,0,12,0,9,0
234,Anselmino,u,0,0,0,0,0,0,0,#N/A,#N/A,#N/A,0,#N/A,#N/A,#N/A,0,0,0,0,0,0,Defender,0,a,0,0,0,0,0,0,#N/A,#N/A,#N/A,#N/A,0,0,0,0,0,0,a,0,0,0,0,0,0,#N/A,#N/A,#N/A,0,#N/A,0,0,0,0,0,0,0,0,7
235,Palmer,a,5,3,90,0,0,1,0,25-26-prem-chelsea-vs-crystal-palace,90,0,0,90,0,0,90,0,0,1,0,0,Midfielder,0,d,0,0,0,0,0,0,#N/A,#N/A,#N/A,#N/A,90,0,0,0,1,0,i,0,0,0,0,0,0,#N/A,#N/A,#N/A,0,#N/A,90,0,0,1,0,5,0,3,2
236,Neto,a,6,3,90,0,0,1,0,25-26-prem-chelsea-vs-crystal-palace,90,0,0,90,0,0,90,0,0,1,0,0,Midfielder,7,a,90,1,0,0,1,2,25-26-prem-west-ham-united-vs-chelsea,90,1,0,180,1,1,0,1,1,a,80,0,0,1,0,4,25-26-prem-chelsea-vs-fulham,81,0,0,0,260,1,0,2,1,12,0,13,4
237,Enzo,a,0,3,78,0,0,1,0,25-26-prem-chelsea-vs-crystal-palace,79,0,0,79,0,0,78,0,0,1,0,0,Midfielder,10,a,90,1,1,0,1,5,25-26-prem-west-ham-united-vs-chelsea,90,1,0,168,1,1,1,1,1,a,90,1,1,1,0,6,25-26-prem-chelsea-vs-fulham,90,1,0,1,258,2,2,2,1,11,0,25,0
238,Estêvão,a,3,0,36,0,0,0,0,25-26-prem-chelsea-vs-crystal-palace,36,0,0,36,0,0,36,0,0,0,0,0,Midfielder,5,a,76,0,1,0,1,5,25-26-prem-west-ham-united-vs-chelsea,77,0,1,112,0,0,1,0,1,a,67,0,0,1,0,3,25-26-prem-chelsea-vs-fulham,68,0,0,0,179,0,1,1,1,11,0,8,1
239,Gittens,a,3,1,53,0,0,0,0,25-26-prem-chelsea-vs-crystal-palace,54,0,0,54,0,0,53,0,0,0,0,0,Midfielder,1,a,13,0,0,0,0,0,25-26-prem-west-ham-united-vs-chelsea,13,0,0,66,0,0,0,0,0,a,22,0,0,0,0,2,25-26-prem-chelsea-vs-fulham,22,0,0,0,88,0,0,0,0,5,0,3,0
240,Nkunku,u,0,0,0,0,0,0,0,#N/A,#N/A,#N/A,0,#N/A,#N/A,#N/A,0,0,0,0,0,0,Midfielder,0,n,0,0,0,0,0,0,#N/A,#N/A,#N/A,#N/A,0,0,0,0,0,0,n,0,0,0,0,0,0,#N/A,#N/A,#N/A,0,#N/A,0,0,0,0,0,0,0,0,12
241,Caicedo,s,12,5,90,0,0,1,0,25-26-prem-chelsea-vs-crystal-palace,90,0,0,90,0,0,90,0,0,1,0,0,Midfielder,8,a,90,1,0,0,1,7,25-26-prem-west-ham-united-vs-chelsea,90,1,0,180,1,1,0,1,1,a,90,0,0,1,0,23,25-26-prem-chelsea-vs-fulham,90,0,0,0,270,1,0,2,1,42,0,17,0
243,George,a,0,0,0,0,0,0,0,#N/A,#N/A,#N/A,0,#N/A,#N/A,#N/A,0,0,0,0,0,0,Midfielder,0,a,0,0,0,0,0,0,#N/A,#N/A,#N/A,#N/A,0,0,0,0,0,0,a,66,0,0,1,0,1,25-26-prem-chelsea-vs-fulham,67,0,0,0,66,0,0,1,0,1,0,3,0
244,Lavia,i,0,0,0,0,0,0,0,#N/A,#N/A,#N/A,0,#N/A,#N/A,#N/A,0,0,0,0,0,0,Midfielder,0,i,0,0,0,0,0,0,#N/A,#N/A,#N/A,#N/A,0,0,0,0,0,0,i,0,0,0,0,0,0,#N/A,#N/A,#N/A,0,#N/A,0,0,0,0,0,0,0,0,0
245,Mudryk,s,0,0,0,0,0,0,0,#N/A,#N/A,#N/A,0,#N/A,#N/A,#N/A,0,0,0,0,0,0,Midfielder,0,s,0,0,0,0,0,0,#N/A,#N/A,#N/A,#N/A,0,0,0,0,0,0,s,0,0,0,0,0,0,#N/A,#N/A,#N/A,0,#N/A,0,0,0,0,0,0,0,0,0
246,Andrey Santos,a,0,1,11,0,0,0,0,25-26-prem-chelsea-vs-crystal-palace,11,0,0,11,0,0,11,0,0,0,0,0,Midfielder,1,a,28,0,0,0,0,3,25-26-prem-west-ham-united-vs-chelsea,28,0,0,39,0,0,0,0,0,a,9,0,0,0,0,2,25-26-prem-chelsea-vs-fulham,9,0,0,0,48,0,0,0,0,5,0,2,0
247,D.Essugo,i,0,0,0,0,0,0,0,#N/A,#N/A,#N/A,0,#N/A,#N/A,#N/A,0,0,0,0,0,0,Midfielder,0,a,0,0,0,0,0,0,#N/A,#N/A,#N/A,#N/A,0,0,0,0,0,0,a,0,0,0,0,0,0,#N/A,#N/A,#N/A,0,#N/A,0,0,0,0,0,0,0,0,0
248,Paez,u,0,0,0,0,0,0,0,#N/A,#N/A,#N/A,0,#N/A,#N/A,#N/A,0,0,0,0,0,0,Midfielder,0,u,0,0,0,0,0,0,#N/A,#N/A,#N/A,#N/A,0,0,0,0,0,0,u,0,0,0,0,0,0,#N/A,#N/A,#N/A,0,#N/A,0,0,0,0,0,0,0,0,7
249,João Pedro,a,1,2,72,0,0,1,0,25-26-prem-chelsea-vs-crystal-palace,73,0,0,73,0,0,72,0,0,1,0,0,Forward,15,a,90,1,2,0,1,5,25-26-prem-west-ham-united-vs-chelsea,90,1,2,162,1,1,2,1,1,a,90,1,0,1,0,10,25-26-prem-chelsea-vs-fulham,90,1,0,0,252,2,2,2,1,16,0,26,0
250,Delap,i,2,1,17,0,0,0,0,25-26-prem-chelsea-vs-crystal-palace,17,0,0,17,0,0,17,0,0,0,0,0,Forward,2,a,61,0,0,0,1,2,25-26-prem-west-ham-united-vs-chelsea,62,0,0,78,0,0,0,0,1,d,13,0,0,0,0,0,25-26-prem-chelsea-vs-fulham,14,0,0,0,91,0,0,0,1,4,0,4,0
251,N.Jackson,u,0,0,0,0,0,0,0,#N/A,#N/A,#N/A,0,#N/A,#N/A,#N/A,0,0,0,0,0,0,Forward,0,n,0,0,0,0,0,0,#N/A,#N/A,#N/A,#N/A,0,0,0,0,0,0,n,0,0,0,0,0,0,#N/A,#N/A,#N/A,0,#N/A,0,0,0,0,0,0,0,0,0
252,Marc Guiu,a,0,0,0,0,0,0,0,#N/A,#N/A,#N/A,0,#N/A,#N/A,#N/A,0,0,0,0,0,0,Forward,1,a,10,0,0,0,1,0,25-26-prem-burnley-vs-sunderland,10,0,0,10,0,0,0,0,1,a,3,0,0,0,0,1,25-26-prem-sunderland-vs-brentford,3,0,0,0,13,0,0,0,1,1,0,2,1
453,Garnacho,a,0,0,0,0,0,0,0,#N/A,#N/A,#N/A,0,#N/A,#N/A,#N/A,0,0,0,0,0,0,Midfielder,0,a,0,0,0,0,0,0,#N/A,#N/A,#N/A,#N/A,0,0,0,0,0,0,a,0,0,0,0,0,0,#N/A,#N/A,#N/A,0,#N/A,0,0,0,0,0,0,0,0,0
672,Hato,a,0,0,0,0,0,0,0,#N/A,#N/A,#N/A,0,#N/A,#N/A,#N/A,0,0,0,0,0,0,Defender,0,a,21,0,0,0,0,2,25-26-prem-west-ham-united-vs-chelsea,21,0,0,21,0,0,0,0,0,a,0,0,0,0,0,0,#N/A,#N/A,#N/A,0,#N/A,21,0,0,0,0,2,0,0,0
743,Emenalo,a,0,0,0,0,0,0,0,#N/A,#N/A,#N/A,0,#N/A,#N/A,#N/A,0,0,0,0,0,0,Midfielder,0,a,0,0,0,0,0,0,#N/A,#N/A,#N/A,#N/A,0,0,0,0,0,0,a,0,0,0,0,0,0,#N/A,#N/A,#N/A,0,#N/A,0,0,0,0,0,0,0,0,6
253,Henderson,a,0,6,90,0,0,1,0,25-26-prem-chelsea-vs-crystal-palace,90,0,0,90,0,0,90,0,0,1,0,2,Goalkeeper,2,a,90,0,0,0,1,11,25-26-prem-crystal-palace-vs-nottingham-forest,90,0,0,180,0,0,0,1,1,a,90,0,0,1,0,7,25-26-prem-aston-villa-vs-crystal-palace,90,0,0,0,270,0,0,2,1,18,6,15,0
254,Benitez,a,0,0,0,0,0,0,0,#N/A,#N/A,#N/A,0,#N/A,#N/A,#N/A,0,0,0,0,0,0,Goalkeeper,0,a,0,0,0,0,0,0,#N/A,#N/A,#N/A,#N/A,0,0,0,0,0,0,a,0,0,0,0,0,0,#N/A,#N/A,#N/A,0,#N/A,0,0,0,0,0,0,0,0,0
255,Matthews,a,0,0,0,0,0,0,0,#N/A,#N/A,#N/A,0,#N/A,#N/A,#N/A,0,0,0,0,0,0,Goalkeeper,0,a,0,0,0,0,0,0,#N/A,#N/A,#N/A,#N/A,0,0,0,0,0,0,a,0,0,0,0,0,0,#N/A,#N/A,#N/A,0,#N/A,0,0,0,0,0,0,0,0,5
256,Muñoz,i,8,5,90,0,0,1,0,25-26-prem-chelsea-vs-crystal-palace,90,0,0,90,0,0,90,0,0,1,0,0,Defender,5,a,90,0,1,0,1,8,25-26-prem-crystal-palace-vs-nottingham-forest,90,0,1,180,0,0,1,1,1,a,90,0,0,1,0,19,25-26-prem-aston-villa-vs-crystal-palace,90,0,0,0,270,0,1,2,1,35,0,19,6
257,Lacroix,a,16,8,90,0,0,1,0,25-26-prem-chelsea-vs-crystal-palace,90,0,0,90,0,0,90,0,0,1,0,0,Defender,3,a,90,0,0,0,1,19,25-26-prem-crystal-palace-vs-nottingham-forest,90,0,0,180,0,0,0,1,1,a,90,0,1,1,0,10,25-26-prem-aston-villa-vs-crystal-palace,90,0,0,1,270,0,1,2,1,45,0,22,6
258,Mitchell,a,11,9,90,0,0,1,0,25-26-prem-chelsea-vs-crystal-palace,90,0,0,90,0,0,90,0,0,1,0,0,Defender,1,a,90,0,0,0,1,15,25-26-prem-crystal-palace-vs-nottingham-forest,90,0,0,180,0,0,0,1,1,a,90,0,0,1,0,12,25-26-prem-aston-villa-vs-crystal-palace,90,0,0,0,270,0,0,2,1,38,0,16,0
259,Sosa,a,0,0,0,0,0,0,0,#N/A,#N/A,#N/A,0,#N/A,#N/A,#N/A,0,0,0,0,0,0,Defender,0,a,0,0,0,0,0,0,#N/A,#N/A,#N/A,#N/A,0,0,0,0,0,0,a,0,0,0,0,0,0,#N/A,#N/A,#N/A,0,#N/A,0,0,0,0,0,0,0,0,6
260,Guéhi,a,6,6,90,0,0,1,0,25-26-prem-chelsea-vs-crystal-palace,90,0,0,90,0,0,90,0,0,1,0,0,Defender,2,a,90,0,0,0,1,9,25-26-prem-crystal-palace-vs-nottingham-forest,90,0,0,180,0,0,0,1,1,a,90,1,0,1,0,14,25-26-prem-aston-villa-vs-crystal-palace,90,1,0,0,270,1,0,2,1,29,0,23,6
261,Richards,a,8,6,90,0,0,1,0,25-26-prem-chelsea-vs-crystal-palace,90,0,0,90,0,0,90,0,0,1,0,0,Defender,2,a,90,0,0,0,1,10,25-26-prem-crystal-palace-vs-nottingham-forest,90,0,0,180,0,0,0,1,1,a,90,0,0,1,0,14,25-26-prem-aston-villa-vs-crystal-palace,90,0,0,0,270,0,0,2,1,32,0,16,0
262,Chadi Riad,d,0,0,0,0,0,0,0,#N/A,#N/A,#N/A,0,#N/A,#N/A,#N/A,0,0,0,0,0,0,Defender,0,i,0,0,0,0,0,0,#N/A,#N/A,#N/A,#N/A,0,0,0,0,0,0,i,0,0,0,0,0,0,#N/A,#N/A,#N/A,0,#N/A,0,0,0,0,0,0,0,0,0
263,Clyne,a,0,0,0,0,0,0,0,#N/A,#N/A,#N/A,0,#N/A,#N/A,#N/A,0,0,0,0,0,0,Defender,0,a,0,0,0,0,0,0,#N/A,#N/A,#N/A,#N/A,0,0,0,0,0,0,a,4,0,0,0,0,2,25-26-prem-aston-villa-vs-crystal-palace,4,0,0,0,4,0,0,0,0,2,0,1,0
264,Holding,u,0,0,0,0,0,0,0,#N/A,#N/A,#N/A,0,#N/A,#N/A,#N/A,0,0,0,0,0,0,Defender,0,u,0,0,0,0,0,0,#N/A,#N/A,#N/A,#N/A,0,0,0,0,0,0,u,0,0,0,0,0,0,#N/A,#N/A,#N/A,0,#N/A,0,0,0,0,0,0,0,0,0
265,Kporha,i,0,0,0,0,0,0,0,#N/A,#N/A,#N/A,0,#N/A,#N/A,#N/A,0,0,0,0,0,0,Defender,0,i,0,0,0,0,0,0,#N/A,#N/A,#N/A,#N/A,0,0,0,0,0,0,i,0,0,0,0,0,0,#N/A,#N/A,#N/A,0,#N/A,0,0,0,0,0,0,0,0,0
267,Sarr,d,7,3,90,0,0,1,0,25-26-prem-chelsea-vs-crystal-palace,90,0,0,90,0,0,90,0,0,1,0,0,Midfielder,8,a,90,1,0,0,1,4,25-26-prem-crystal-palace-vs-nottingham-forest,90,1,0,180,1,1,0,1,1,a,90,1,0,1,0,8,25-26-prem-aston-villa-vs-crystal-palace,90,1,0,0,270,2,0,2,1,19,0,18,0
268,Doucouré,i,0,0,0,0,0,0,0,#N/A,#N/A,#N/A,0,#N/A,#N/A,#N/A,0,0,0,0,0,0,Midfielder,0,i,0,0,0,0,0,0,#N/A,#N/A,#N/A,#N/A,0,0,0,0,0,0,i,0,0,0,0,0,0,#N/A,#N/A,#N/A,0,#N/A,0,0,0,0,0,0,0,0,0
269,Esse,a,0,0,0,0,0,0,0,#N/A,#N/A,#N/A,0,#N/A,#N/A,#N/A,0,0,0,0,0,0,Midfielder,1,a,24,0,0,0,0,2,25-26-prem-crystal-palace-vs-nottingham-forest,24,0,0,24,0,0,0,0,0,a,0,0,0,0,0,0,#N/A,#N/A,#N/A,0,#N/A,24,0,0,0,0,2,0,1,3
270,Hughes,a,9,2,69,0,0,1,0,25-26-prem-chelsea-vs-crystal-palace,70,0,0,70,0,0,69,0,0,1,0,0,Midfielder,1,a,90,0,0,0,1,10,25-26-prem-crystal-palace-vs-nottingham-forest,90,0,0,159,0,0,0,1,1,d,70,0,0,1,0,8,25-26-prem-aston-villa-vs-crystal-palace,71,0,0,0,229,0,0,2,1,27,0,5,3
271,Kamada,a,0,0,0,0,0,0,0,#N/A,#N/A,#N/A,0,#N/A,#N/A,#N/A,0,0,0,0,0,0,Midfielder,0,d,0,0,0,0,0,0,#N/A,#N/A,#N/A,#N/A,0,0,0,0,0,0,a,85,0,1,1,0,7,25-26-prem-aston-villa-vs-crystal-palace,86,0,0,0,85,0,1,1,0,7,0,6,3
272,Lerma,a,3,1,20,0,0,0,0,25-26-prem-chelsea-vs-crystal-palace,20,0,0,20,0,0,20,0,0,0,0,0,Midfielder,1,a,8,0,0,0,0,2,25-26-prem-crystal-palace-vs-nottingham-forest,8,0,0,28,0,0,0,0,0,a,34,0,0,0,0,3,25-26-prem-aston-villa-vs-crystal-palace,34,0,0,0,62,0,0,0,0,8,0,3,0
273,Wharton,a,6,3,90,0,0,1,0,25-26-prem-chelsea-vs-crystal-palace,90,0,0,90,0,0,90,0,0,1,0,0,Midfielder,2,a,81,0,0,0,1,9,25-26-prem-crystal-palace-vs-nottingham-forest,82,0,0,171,0,0,0,1,1,a,55,0,0,0,0,5,25-26-prem-aston-villa-vs-crystal-palace,56,0,0,0,226,0,0,1,1,20,0,6,0
274,Agbinone,a,0,0,0,0,0,0,0,#N/A,#N/A,#N/A,0,#N/A,#N/A,#N/A,0,0,0,0,0,0,Midfielder,0,a,0,0,0,0,0,0,#N/A,#N/A,#N/A,#N/A,0,0,0,0,0,0,a,0,0,0,0,0,0,#N/A,#N/A,#N/A,0,#N/A,0,0,0,0,0,0,0,0,0
275,Ahamada,a,0,0,0,0,0,0,0,#N/A,#N/A,#N/A,0,#N/A,#N/A,#N/A,0,0,0,0,0,0,Midfielder,0,a,0,0,0,0,0,0,#N/A,#N/A,#N/A,#N/A,0,0,0,0,0,0,a,0,0,0,0,0,0,#N/A,#N/A,#N/A,0,#N/A,0,0,0,0,0,0,0,0,1
276,Devenny,a,2,1,6,0,0,0,0,25-26-prem-chelsea-vs-crystal-palace,6,0,0,6,0,0,6,0,0,0,0,0,Midfielder,2,a,65,0,0,0,1,8,25-26-prem-crystal-palace-vs-nottingham-forest,66,0,0,71,0,0,0,0,1,a,5,0,0,0,0,1,25-26-prem-aston-villa-vs-crystal-palace,5,0,0,0,76,0,0,0,1,11,0,4,0
277,Ebiowei,u,0,0,0,0,0,0,0,#N/A,#N/A,#N/A,0,#N/A,#N/A,#N/A,0,0,0,0,0,0,Midfielder,0,u,0,0,0,0,0,0,#N/A,#N/A,#N/A,#N/A,0,0,0,0,0,0,u,0,0,0,0,0,0,#N/A,#N/A,#N/A,0,#N/A,0,0,0,0,0,0,0,0,0
278,J.Rak-Sakyi,u,0,0,0,0,0,0,0,#N/A,#N/A,#N/A,0,#N/A,#N/A,#N/A,0,0,0,0,0,0,Midfielder,0,a,0,0,0,0,0,0,#N/A,#N/A,#N/A,#N/A,0,0,0,0,0,0,a,0,0,0,0,0,0,#N/A,#N/A,#N/A,0,#N/A,0,0,0,0,0,0,0,0,0
279,M.França,u,0,0,0,0,0,0,0,#N/A,#N/A,#N/A,0,#N/A,#N/A,#N/A,0,0,0,0,0,0,Midfielder,0,i,0,0,0,0,0,0,#N/A,#N/A,#N/A,#N/A,0,0,0,0,0,0,u,0,0,0,0,0,0,#N/A,#N/A,#N/A,0,#N/A,0,0,0,0,0,0,0,0,0
280,Ozoh,u,0,0,0,0,0,0,0,#N/A,#N/A,#N/A,0,#N/A,#N/A,#N/A,0,0,0,0,0,0,Midfielder,0,u,0,0,0,0,0,0,#N/A,#N/A,#N/A,#N/A,0,0,0,0,0,0,u,0,0,0,0,0,0,#N/A,#N/A,#N/A,0,#N/A,0,0,0,0,0,0,0,0,0
281,Rodney,a,0,0,0,0,0,0,0,#N/A,#N/A,#N/A,0,#N/A,#N/A,#N/A,0,0,0,0,0,0,Midfielder,0,a,0,0,0,0,0,0,#N/A,#N/A,#N/A,#N/A,0,0,0,0,0,0,a,0,0,0,0,0,0,#N/A,#N/A,#N/A,0,#N/A,0,0,0,0,0,0,0,0,0
282,Umeh,u,0,0,0,0,0,0,0,#N/A,#N/A,#N/A,0,#N/A,#N/A,#N/A,0,0,0,0,0,0,Midfielder,0,a,0,0,0,0,0,0,#N/A,#N/A,#N/A,#N/A,0,0,0,0,0,0,a,0,0,0,0,0,0,#N/A,#N/A,#N/A,0,#N/A,0,0,0,0,0,0,0,0,2
283,Mateta,d,9,1,90,0,0,1,0,25-26-prem-chelsea-vs-crystal-palace,90,0,0,90,0,0,90,0,0,1,0,0,Forward,2,a,87,0,0,0,1,1,25-26-prem-crystal-palace-vs-nottingham-forest,88,0,0,177,0,0,0,1,1,a,84,1,0,1,0,5,25-26-prem-aston-villa-vs-crystal-palace,85,1,0,0,261,1,0,2,1,15,0,8,0
284,Nketiah,a,0,0,0,0,0,0,0,#N/A,#N/A,#N/A,0,#N/A,#N/A,#N/A,0,0,0,0,0,0,Forward,0,i,0,0,0,0,0,0,#N/A,#N/A,#N/A,#N/A,0,0,0,0,0,0,i,0,0,0,0,0,0,#N/A,#N/A,#N/A,0,#N/A,0,0,0,0,0,0,0,0,0
285,Édouard,u,0,0,0,0,0,0,0,#N/A,#N/A,#N/A,0,#N/A,#N/A,#N/A,0,0,0,0,0,0,Forward,1,a,2,0,0,0,0,1,25-26-prem-crystal-palace-vs-nottingham-forest,2,0,0,2,0,0,0,0,0,i,0,0,0,0,0,0,#N/A,#N/A,#N/A,0,#N/A,2,0,0,0,0,1,0,1,0
286,Marsh,a,0,0,0,0,0,0,0,#N/A,#N/A,#N/A,0,#N/A,#N/A,#N/A,0,0,0,0,0,0,Forward,0,a,0,0,0,0,0,0,#N/A,#N/A,#N/A,#N/A,0,0,0,0,0,0,a,0,0,0,0,0,0,#N/A,#N/A,#N/A,0,#N/A,0,0,0,0,0,0,0,0,0
690,Cardines,a,0,0,0,0,0,0,0,#N/A,#N/A,#N/A,0,#N/A,#N/A,#N/A,0,0,0,0,0,0,Midfielder,0,a,0,0,0,0,0,0,#N/A,#N/A,#N/A,#N/A,0,0,0,0,0,0,a,0,0,0,0,0,0,#N/A,#N/A,#N/A,0,#N/A,0,0,0,0,0,0,0,0,3
712,Yeremy,a,0,0,0,0,0,0,0,#N/A,#N/A,#N/A,0,#N/A,#N/A,#N/A,0,0,0,0,0,0,Midfielder,0,a,0,0,0,0,0,0,#N/A,#N/A,#N/A,#N/A,0,0,0,0,0,0,a,19,0,0,0,0,4,25-26-prem-aston-villa-vs-crystal-palace,19,0,0,0,19,0,0,0,0,4,0,1,0
723,Canvot,d,0,0,0,0,0,0,0,#N/A,#N/A,#N/A,0,#N/A,#N/A,#N/A,0,0,0,0,0,0,Defender,0,a,0,0,0,0,0,0,#N/A,#N/A,#N/A,#N/A,0,0,0,0,0,0,a,0,0,0,0,0,0,#N/A,#N/A,#N/A,0,#N/A,0,0,0,0,0,0,0,0,1
732,Uche,a,0,0,0,0,0,0,0,#N/A,#N/A,#N/A,0,#N/A,#N/A,#N/A,0,0,0,0,0,0,Forward,0,a,0,0,0,0,0,0,#N/A,#N/A,#N/A,#N/A,0,0,0,0,0,0,a,0,0,0,0,0,0,#N/A,#N/A,#N/A,0,#N/A,0,0,0,0,0,0,0,0,2
242,Dewsbury-Hall,a,6,2,90,0,0,0,1,25-26-prem-leeds-united-vs-everton,90,0,0,90,0,0,90,0,0,0,1,0,Midfielder,2,a,90,0,0,1,0,3,25-26-prem-everton-vs-brighton-hove-albion,90,0,0,180,0,0,0,1,1,a,90,1,1,0,2,6,25-26-prem-wolverhampton-wanderers-vs-everton,90,1,2,1,270,1,1,1,3,15,0,16,6
287,Pickford,a,0,2,90,0,0,0,1,25-26-prem-leeds-united-vs-everton,90,0,0,90,0,0,90,0,0,0,1,2,Goalkeeper,15,a,90,0,0,1,0,24,25-26-prem-everton-vs-brighton-hove-albion,90,0,0,180,0,0,0,1,1,a,90,0,0,0,2,11,25-26-prem-wolverhampton-wanderers-vs-everton,90,0,2,0,270,0,0,1,3,35,8,18,0
288,Travers,a,0,0,0,0,0,0,0,#N/A,#N/A,#N/A,0,#N/A,#N/A,#N/A,0,0,0,0,0,0,Goalkeeper,0,a,0,0,0,0,0,0,#N/A,#N/A,#N/A,#N/A,0,0,0,0,0,0,a,0,0,0,0,0,0,25-26-efl-cup-mansfield-town-vs-everton,90,0,0,0,0,0,0,0,0,0,0,0,0
289,Tyrer,a,0,0,0,0,0,0,0,#N/A,#N/A,#N/A,0,#N/A,#N/A,#N/A,0,0,0,0,0,0,Goalkeeper,0,a,0,0,0,0,0,0,#N/A,#N/A,#N/A,#N/A,0,0,0,0,0,0,a,0,0,0,0,0,0,#N/A,#N/A,#N/A,0,#N/A,0,0,0,0,0,0,0,0,0
290,Branthwaite,i,0,0,0,0,0,0,0,#N/A,#N/A,#N/A,0,#N/A,#N/A,#N/A,0,0,0,0,0,0,Defender,0,i,0,0,0,0,0,0,#N/A,#N/A,#N/A,#N/A,0,0,0,0,0,0,i,0,0,0,0,0,0,#N/A,#N/A,#N/A,0,#N/A,0,0,0,0,0,0,0,0,8
291,Tarkowski,a,15,4,90,0,0,0,1,25-26-prem-leeds-united-vs-everton,90,0,0,90,0,0,90,0,0,0,1,0,Defender,8,a,90,0,0,1,0,16,25-26-prem-everton-vs-brighton-hove-albion,90,0,0,180,0,0,0,1,1,a,90,0,0,0,2,15,25-26-efl-cup-mansfield-town-vs-everton,90,0,2,0,270,0,0,1,3,46,0,15,0
292,Mykolenko,a,0,0,0,0,0,0,0,#N/A,#N/A,#N/A,0,#N/A,#N/A,#N/A,0,0,0,0,0,0,Defender,0,i,0,0,0,0,0,0,#N/A,#N/A,#N/A,#N/A,0,0,0,0,0,0,a,90,0,0,0,2,11,25-26-efl-cup-mansfield-town-vs-everton,87,0,2,0,90,0,0,0,2,11,0,1,6
293,O'Brien,a,4,2,90,0,0,0,1,25-26-prem-leeds-united-vs-everton,90,0,0,90,0,0,90,0,0,0,1,0,Defender,6,a,90,0,0,1,0,10,25-26-prem-everton-vs-brighton-hove-albion,90,0,0,180,0,0,0,1,1,a,90,0,0,0,2,10,25-26-efl-cup-mansfield-town-vs-everton,3,0,2,0,270,0,0,1,3,24,0,9,0
294,Coleman,i,0,0,0,0,0,0,0,#N/A,#N/A,#N/A,0,#N/A,#N/A,#N/A,0,0,0,0,0,0,Defender,0,a,0,0,0,0,0,0,#N/A,#N/A,#N/A,#N/A,0,0,0,0,0,0,a,1,0,0,0,0,0,25-26-efl-cup-mansfield-town-vs-everton,90,0,0,0,1,0,0,0,0,0,0,1,6
295,Keane,a,7,2,90,0,0,0,1,25-26-prem-leeds-united-vs-everton,90,0,0,90,0,0,90,0,0,0,1,0,Defender,8,a,90,0,0,1,0,18,25-26-prem-everton-vs-brighton-hove-albion,90,0,0,180,0,0,0,1,1,a,90,0,0,0,2,15,25-26-efl-cup-mansfield-town-vs-everton,90,0,2,0,270,0,0,1,3,40,0,13,0
296,Patterson,a,0,0,0,0,0,0,0,#N/A,#N/A,#N/A,0,#N/A,#N/A,#N/A,0,0,0,0,0,0,Defender,0,i,0,0,0,0,0,0,#N/A,#N/A,#N/A,#N/A,0,0,0,0,0,0,i,0,0,0,0,0,0,#N/A,#N/A,#N/A,0,#N/A,0,0,0,0,0,0,0,0,0
297,Dixon,a,0,0,0,0,0,0,0,#N/A,#N/A,#N/A,0,#N/A,#N/A,#N/A,0,0,0,0,0,0,Defender,0,a,0,0,0,0,0,0,#N/A,#N/A,#N/A,#N/A,0,0,0,0,0,0,a,0,0,0,0,0,0,#N/A,#N/A,#N/A,0,#N/A,0,0,0,0,0,0,0,0,0
298,Welch,a,0,0,0,0,0,0,0,#N/A,#N/A,#N/A,0,#N/A,#N/A,#N/A,0,0,0,0,0,0,Defender,0,a,0,0,0,0,0,0,#N/A,#N/A,#N/A,#N/A,0,0,0,0,0,0,a,0,0,0,0,0,0,#N/A,#N/A,#N/A,0,#N/A,0,0,0,0,0,0,0,0,5
299,Ndiaye,a,9,2,90,0,0,0,1,25-26-prem-leeds-united-vs-everton,90,0,0,90,0,0,90,0,0,0,1,0,Midfielder,8,a,63,1,0,1,0,8,25-26-prem-everton-vs-brighton-hove-albion,64,1,0,153,1,1,0,1,1,a,90,1,0,0,2,8,25-26-efl-cup-mansfield-town-vs-everton,12,0,2,0,243,2,0,1,3,25,0,17,0
300,McNeil,a,0,0,0,0,0,0,0,#N/A,#N/A,#N/A,0,#N/A,#N/A,#N/A,0,0,0,0,0,0,Midfielder,1,a,19,0,0,0,0,0,25-26-prem-everton-vs-brighton-hove-albion,19,0,0,19,0,0,0,0,0,a,0,0,0,0,0,0,25-26-efl-cup-mansfield-town-vs-everton,78,0,0,0,19,0,0,0,0,0,0,1,0
301,Alcaraz,a,6,1,85,0,0,0,1,25-26-prem-leeds-united-vs-everton,86,0,0,86,0,0,85,0,0,0,1,0,Midfielder,1,a,26,0,0,0,0,4,25-26-prem-everton-vs-brighton-hove-albion,26,0,0,111,0,0,0,0,1,a,2,0,0,0,0,2,25-26-prem-wolverhampton-wanderers-vs-everton,2,0,0,0,113,0,0,0,1,12,0,3,3
302,Gana,a,5,2,90,0,0,0,1,25-26-prem-leeds-united-vs-everton,90,0,0,90,0,0,90,0,0,0,1,0,Midfielder,3,a,90,0,0,1,0,7,25-26-prem-everton-vs-brighton-hove-albion,90,0,0,180,0,0,0,1,1,a,75,0,0,0,1,9,25-26-prem-wolverhampton-wanderers-vs-everton,76,0,1,0,255,0,0,1,2,21,0,7,5
303,Garner,a,9,2,90,0,0,0,1,25-26-prem-leeds-united-vs-everton,90,0,0,90,0,0,90,0,0,0,1,0,Midfielder,10,a,90,1,0,1,0,16,25-26-prem-everton-vs-brighton-hove-albion,90,1,0,180,1,1,0,1,1,a,90,0,0,0,2,12,25-26-efl-cup-mansfield-town-vs-everton,90,0,2,0,270,1,0,1,3,37,0,16,2
304,Iroegbunam,a,9,2,70,0,0,1,0,25-26-prem-leeds-united-vs-everton,71,0,0,71,0,0,70,0,0,1,0,0,Midfielder,2,a,70,0,0,1,0,11,25-26-prem-everton-vs-brighton-hove-albion,71,0,0,140,0,0,0,2,0,a,14,0,0,0,1,2,25-26-efl-cup-mansfield-town-vs-everton,12,0,1,0,154,0,0,2,1,22,0,5,0
305,Armstrong,u,0,0,0,0,0,0,0,#N/A,#N/A,#N/A,0,#N/A,#N/A,#N/A,0,0,0,0,0,0,Midfielder,1,a,1,0,0,0,0,0,25-26-prem-everton-vs-brighton-hove-albion,1,0,0,1,0,0,0,0,0,a,0,0,0,0,0,0,25-26-efl-cup-mansfield-town-vs-everton,90,0,0,2,1,0,0,0,0,0,0,1,0
306,Bates,a,0,0,0,0,0,0,0,#N/A,#N/A,#N/A,0,#N/A,#N/A,#N/A,0,0,0,0,0,0,Midfielder,0,a,0,0,0,0,0,0,#N/A,#N/A,#N/A,#N/A,0,0,0,0,0,0,a,0,0,0,0,0,0,#N/A,#N/A,#N/A,0,#N/A,0,0,0,0,0,0,0,0,0
307,Ebere,a,0,0,0,0,0,0,0,#N/A,#N/A,#N/A,0,#N/A,#N/A,#N/A,0,0,0,0,0,0,Midfielder,0,a,0,0,0,0,0,0,#N/A,#N/A,#N/A,#N/A,0,0,0,0,0,0,a,0,0,0,0,0,0,#N/A,#N/A,#N/A,0,#N/A,0,0,0,0,0,0,0,0,0
308,Heath,u,0,0,0,0,0,0,0,#N/A,#N/A,#N/A,0,#N/A,#N/A,#N/A,0,0,0,0,0,0,Midfielder,0,a,0,0,0,0,0,0,#N/A,#N/A,#N/A,#N/A,0,0,0,0,0,0,a,0,0,0,0,0,0,#N/A,#N/A,#N/A,0,#N/A,0,0,0,0,0,0,0,0,0
309,Metcalfe,u,0,0,0,0,0,0,0,#N/A,#N/A,#N/A,0,#N/A,#N/A,#N/A,0,0,0,0,0,0,Midfielder,0,u,0,0,0,0,0,0,#N/A,#N/A,#N/A,#N/A,0,0,0,0,0,0,u,0,0,0,0,0,0,#N/A,#N/A,#N/A,0,#N/A,0,0,0,0,0,0,0,0,1
310,Barry,a,0,1,4,0,0,0,0,25-26-prem-leeds-united-vs-everton,4,0,0,4,0,0,4,0,0,0,0,0,Forward,2,a,63,0,0,1,0,0,25-26-prem-everton-vs-brighton-hove-albion,64,0,0,67,0,0,0,1,0,a,14,0,0,0,1,2,25-26-efl-cup-mansfield-town-vs-everton,61,0,1,0,81,0,0,1,1,2,0,4,2
311,Beto,a,5,2,90,0,0,0,1,25-26-prem-leeds-united-vs-everton,90,0,0,90,0,0,90,0,0,0,1,0,Forward,0,a,26,0,0,0,0,0,25-26-prem-everton-vs-brighton-hove-albion,26,0,0,116,0,0,0,0,1,a,75,1,0,0,1,1,25-26-efl-cup-mansfield-town-vs-everton,29,1,1,0,191,1,0,0,2,6,0,9,0
312,Y.Chermiti,u,0,0,0,0,0,0,0,#N/A,#N/A,#N/A,0,#N/A,#N/A,#N/A,0,0,0,0,0,0,Forward,0,a,0,0,0,0,0,0,#N/A,#N/A,#N/A,#N/A,0,0,0,0,0,0,a,0,0,0,0,0,0,#N/A,#N/A,#N/A,0,#N/A,0,0,0,0,0,0,0,0,0
313,Sherif,u,0,0,0,0,0,0,0,#N/A,#N/A,#N/A,0,#N/A,#N/A,#N/A,0,0,0,0,0,0,Forward,0,a,0,0,0,0,0,0,#N/A,#N/A,#N/A,#N/A,0,0,0,0,0,0,a,0,0,0,0,0,0,#N/A,#N/A,#N/A,0,#N/A,0,0,0,0,0,0,0,0,2
419,Grealish,a,2,1,19,0,0,0,1,25-26-prem-leeds-united-vs-everton,19,0,0,19,0,0,19,0,0,0,1,0,Midfielder,11,a,90,0,2,1,0,11,25-26-prem-everton-vs-brighton-hove-albion,89,0,2,109,0,0,2,1,1,a,87,0,2,0,2,11,25-26-prem-wolverhampton-wanderers-vs-everton,88,0,2,2,196,0,4,1,3,24,0,22,0
630,King,a,0,0,0,0,0,0,0,#N/A,#N/A,#N/A,0,#N/A,#N/A,#N/A,0,0,0,0,0,0,Goalkeeper,0,a,0,0,0,0,0,0,#N/A,#N/A,#N/A,#N/A,0,0,0,0,0,0,a,0,0,0,0,0,0,#N/A,#N/A,#N/A,0,#N/A,0,0,0,0,0,0,0,0,0
667,Aznou,a,0,0,0,0,0,0,0,#N/A,#N/A,#N/A,0,#N/A,#N/A,#N/A,0,0,0,0,0,0,Defender,0,a,0,0,0,0,0,0,#N/A,#N/A,#N/A,#N/A,0,0,0,0,0,0,d,0,0,0,0,0,0,#N/A,#N/A,#N/A,0,#N/A,0,0,0,0,0,0,0,0,0
704,Onyango,u,0,0,0,0,0,0,0,#N/A,#N/A,#N/A,0,#N/A,#N/A,#N/A,0,0,0,0,0,0,Midfielder,0,a,0,0,0,0,0,0,#N/A,#N/A,#N/A,#N/A,0,0,0,0,0,0,a,0,0,0,0,0,0,#N/A,#N/A,#N/A,0,#N/A,0,0,0,0,0,0,0,0,0
705,Campbell,a,0,0,0,0,0,0,0,#N/A,#N/A,#N/A,0,#N/A,#N/A,#N/A,0,0,0,0,0,0,Defender,0,a,0,0,0,0,0,0,#N/A,#N/A,#N/A,#N/A,0,0,0,0,0,0,a,0,0,0,0,0,0,#N/A,#N/A,#N/A,0,#N/A,0,0,0,0,0,0,0,0,0
707,Dibling,a,0,0,0,0,0,0,0,#N/A,#N/A,#N/A,0,#N/A,#N/A,#N/A,0,0,0,0,0,0,Midfielder,0,a,0,0,0,0,0,0,#N/A,#N/A,#N/A,#N/A,0,0,0,0,0,0,a,0,0,0,0,0,0,#N/A,#N/A,#N/A,0,#N/A,0,0,0,0,0,0,0,0,1
728,Röhl,i,0,0,0,0,0,0,0,#N/A,#N/A,#N/A,0,#N/A,#N/A,#N/A,0,0,0,0,0,0,Midfielder,0,a,0,0,0,0,0,0,#N/A,#N/A,#N/A,#N/A,0,0,0,0,0,0,a,0,0,0,0,0,0,#N/A,#N/A,#N/A,0,#N/A,0,0,0,0,0,0,0,0,8
314,Leno,a,0,3,90,0,0,0,1,25-26-prem-brighton-hove-albion-vs-fulham,90,0,0,90,0,0,90,0,0,0,1,3,Goalkeeper,3,a,90,0,0,0,1,20,25-26-prem-fulham-vs-manchester-united,90,0,0,180,0,0,0,0,2,a,90,0,0,0,2,14,25-26-prem-chelsea-vs-fulham,90,0,2,0,270,0,0,0,4,34,10,8,0
315,Benda,u,0,0,0,0,0,0,0,#N/A,#N/A,#N/A,0,#N/A,#N/A,#N/A,0,0,0,0,0,0,Goalkeeper,0,u,0,0,0,0,0,0,#N/A,#N/A,#N/A,#N/A,0,0,0,0,0,0,u,0,0,0,0,0,0,#N/A,#N/A,#N/A,0,#N/A,0,0,0,0,0,0,0,0,0
316,Robinson,d,0,0,0,0,0,0,0,#N/A,#N/A,#N/A,0,#N/A,#N/A,#N/A,0,0,0,0,0,0,Defender,1,a,28,0,0,0,0,1,25-26-prem-fulham-vs-manchester-united,28,0,0,28,0,0,0,0,0,a,23,0,0,0,0,2,25-26-prem-chelsea-vs-fulham,23,0,0,0,51,0,0,0,0,3,0,2,10
317,Andersen,a,8,2,90,0,0,0,1,25-26-prem-brighton-hove-albion-vs-fulham,90,0,0,90,0,0,90,0,0,0,1,0,Defender,4,a,90,0,0,0,1,14,25-26-prem-fulham-vs-manchester-united,90,0,0,180,0,0,0,0,2,a,90,0,0,0,2,14,25-26-prem-chelsea-vs-fulham,90,0,2,0,270,0,0,0,4,36,0,9,9
318,Bassey,a,4,1,90,0,0,0,1,25-26-prem-brighton-hove-albion-vs-fulham,90,0,0,90,0,0,90,0,0,0,1,0,Defender,2,a,90,0,0,0,1,15,25-26-efl-cup-bristol-city-vs-fulham,26,0,0,180,0,0,0,0,2,a,90,0,0,0,2,8,25-26-prem-chelsea-vs-fulham,90,0,2,0,270,0,0,0,4,27,0,4,0
319,Castagne,a,0,1,6,0,0,0,0,25-26-prem-brighton-hove-albion-vs-fulham,6,0,0,6,0,0,6,0,0,0,0,0,Defender,2,a,61,0,0,0,1,3,25-26-efl-cup-bristol-city-vs-fulham,70,0,0,67,0,0,0,0,1,a,59,0,0,0,2,6,25-26-prem-chelsea-vs-fulham,60,0,2,0,126,0,0,0,3,9,0,3,0
320,Diop,a,0,0,0,0,0,0,0,#N/A,#N/A,#N/A,0,#N/A,#N/A,#N/A,0,0,0,0,0,0,Defender,0,a,0,0,0,0,0,0,25-26-efl-cup-bristol-city-vs-fulham,90,0,0,0,0,0,0,0,0,a,0,0,0,0,0,0,#N/A,#N/A,#N/A,0,#N/A,0,0,0,0,0,0,0,0,0
321,J.Cuenca,a,3,2,83,0,0,0,1,25-26-prem-brighton-hove-albion-vs-fulham,84,0,0,84,0,0,83,0,0,0,1,0,Defender,0,a,0,0,0,0,0,4,25-26-efl-cup-bristol-city-vs-fulham,90,0,0,83,0,0,0,0,1,a,0,0,0,0,0,0,#N/A,#N/A,#N/A,0,#N/A,83,0,0,0,1,7,0,2,6
322,Tete,a,7,2,90,0,0,0,1,25-26-prem-brighton-hove-albion-vs-fulham,90,0,0,90,0,0,90,0,0,0,1,0,Defender,2,a,90,0,0,0,1,12,25-26-prem-fulham-vs-manchester-united,90,0,0,180,0,0,0,0,2,a,90,0,0,0,2,13,25-26-prem-chelsea-vs-fulham,90,0,2,0,270,0,0,0,4,32,0,7,0
323,Amissah,a,0,0,0,0,0,0,0,#N/A,#N/A,#N/A,0,#N/A,#N/A,#N/A,0,0,0,0,0,0,Defender,0,a,0,0,0,0,0,0,#N/A,#N/A,#N/A,#N/A,0,0,0,0,0,0,a,0,0,0,0,0,0,#N/A,#N/A,#N/A,0,#N/A,0,0,0,0,0,0,0,0,3
324,Iwobi,a,2,2,65,0,0,0,1,25-26-prem-brighton-hove-albion-vs-fulham,66,0,0,66,0,0,65,0,0,0,1,0,Midfielder,7,a,90,0,1,0,1,4,25-26-efl-cup-bristol-city-vs-fulham,26,0,0,155,0,0,1,0,2,a,83,0,0,0,2,9,25-26-prem-chelsea-vs-fulham,84,0,2,0,238,0,1,0,4,15,0,10,1
325,Smith Rowe,a,0,1,13,0,0,0,0,25-26-prem-brighton-hove-albion-vs-fulham,13,0,0,13,0,0,13,0,0,0,0,0,Midfielder,6,a,19,1,0,0,0,0,25-26-efl-cup-bristol-city-vs-fulham,87,0,0,32,1,1,0,0,0,a,23,0,0,0,0,0,25-26-prem-chelsea-vs-fulham,23,0,0,0,55,1,0,0,0,0,0,8,1
326,Adama,a,0,1,24,0,0,0,0,25-26-prem-brighton-hove-albion-vs-fulham,24,0,0,24,0,0,24,0,0,0,0,0,Midfielder,0,a,0,0,0,0,0,0,25-26-efl-cup-bristol-city-vs-fulham,90,0,0,24,0,0,0,0,0,a,6,0,0,0,0,1,25-26-prem-chelsea-vs-fulham,6,0,0,0,30,0,0,0,0,1,0,2,0
327,Andreas,u,0,0,0,0,0,0,0,#N/A,#N/A,#N/A,0,#N/A,#N/A,#N/A,0,0,0,0,0,0,Midfielder,0,a,0,0,0,0,0,0,#N/A,#N/A,#N/A,#N/A,0,0,0,0,0,0,a,0,0,0,0,0,0,#N/A,#N/A,#N/A,0,#N/A,0,0,0,0,0,0,0,0,3
328,Sessegnon,i,0,0,0,0,0,0,0,#N/A,#N/A,#N/A,0,#N/A,#N/A,#N/A,0,0,0,0,0,0,Midfielder,2,a,61,0,0,0,1,5,25-26-efl-cup-bristol-city-vs-fulham,64,0,0,61,0,0,0,0,1,a,66,0,0,0,2,10,25-26-prem-chelsea-vs-fulham,67,0,2,0,127,0,0,0,3,15,0,4,1
329,Wilson,a,6,5,90,0,1,0,1,25-26-prem-brighton-hove-albion-vs-fulham,90,0,1,90,0,0,90,0,1,0,1,0,Midfielder,1,a,28,0,0,0,0,1,25-26-efl-cup-bristol-city-vs-fulham,64,0,0,118,0,0,1,0,1,a,30,0,0,0,0,1,25-26-prem-chelsea-vs-fulham,30,0,0,0,148,0,1,0,1,8,0,7,4
330,Berge,a,2,2,65,0,0,0,1,25-26-prem-brighton-hove-albion-vs-fulham,66,0,0,66,0,0,65,0,0,0,1,0,Midfielder,2,a,90,0,0,0,1,3,25-26-prem-fulham-vs-manchester-united,90,0,0,155,0,0,0,0,2,a,90,0,0,0,2,11,25-26-prem-chelsea-vs-fulham,90,0,2,0,245,0,0,0,4,16,0,6,1
331,Cairney,a,2,0,24,0,0,0,0,25-26-prem-brighton-hove-albion-vs-fulham,24,0,0,24,0,0,24,0,0,0,0,0,Midfielder,0,a,0,0,0,0,0,0,25-26-efl-cup-bristol-city-vs-fulham,90,0,0,24,0,0,0,0,0,a,0,0,0,0,0,0,#N/A,#N/A,#N/A,0,#N/A,24,0,0,0,0,2,0,0,6
332,Lukić,a,3,2,90,0,0,0,1,25-26-prem-brighton-hove-albion-vs-fulham,90,0,0,90,0,0,90,0,0,0,1,0,Midfielder,3,a,90,0,0,0,1,12,25-26-efl-cup-bristol-city-vs-fulham,3,0,0,180,0,0,0,0,2,a,90,0,0,0,2,10,25-26-prem-chelsea-vs-fulham,90,0,2,0,270,0,0,0,4,25,0,6,0
333,Godo,u,0,0,0,0,0,0,0,#N/A,#N/A,#N/A,0,#N/A,#N/A,#N/A,0,0,0,0,0,0,Midfielder,0,a,0,0,0,0,0,0,#N/A,#N/A,#N/A,#N/A,0,0,0,0,0,0,a,0,0,0,0,0,0,#N/A,#N/A,#N/A,0,#N/A,0,0,0,0,0,0,0,0,0
334,Harris,u,0,0,0,0,0,0,0,#N/A,#N/A,#N/A,0,#N/A,#N/A,#N/A,0,0,0,0,0,0,Midfielder,0,u,0,0,0,0,0,0,#N/A,#N/A,#N/A,#N/A,0,0,0,0,0,0,u,0,0,0,0,0,0,#N/A,#N/A,#N/A,0,#N/A,0,0,0,0,0,0,0,0,1
335,King,a,9,2,76,0,0,0,1,25-26-prem-brighton-hove-albion-vs-fulham,77,0,0,77,0,0,76,0,0,0,1,0,Midfielder,2,a,70,0,0,0,1,2,25-26-efl-cup-bristol-city-vs-fulham,20,0,0,146,0,0,0,0,2,a,66,0,0,0,2,5,25-26-prem-chelsea-vs-fulham,67,0,2,0,212,0,0,0,4,16,0,6,0
336,Reed,a,0,0,0,0,0,0,0,#N/A,#N/A,#N/A,0,#N/A,#N/A,#N/A,0,0,0,0,0,0,Midfielder,0,a,0,0,0,0,0,0,25-26-efl-cup-bristol-city-vs-fulham,90,0,1,0,0,0,0,0,0,a,0,0,0,0,0,0,#N/A,#N/A,#N/A,0,#N/A,0,0,0,0,0,0,0,0,1
337,Raúl,a,0,2,65,0,0,0,1,25-26-prem-brighton-hove-albion-vs-fulham,66,0,0,66,0,0,65,0,0,0,1,0,Forward,1,a,19,0,0,0,0,2,25-26-efl-cup-bristol-city-vs-fulham,69,1,0,84,0,0,0,0,1,a,31,0,0,0,0,2,25-26-prem-chelsea-vs-fulham,31,0,0,0,115,0,0,0,1,4,0,4,2
338,Muniz,i,0,7,24,1,0,0,0,25-26-prem-brighton-hove-albion-vs-fulham,24,1,0,24,1,0,24,1,0,0,0,0,Forward,0,a,70,0,0,0,1,6,25-26-efl-cup-bristol-city-vs-fulham,21,0,0,94,1,1,0,0,1,a,58,0,0,0,2,1,25-26-prem-chelsea-vs-fulham,59,0,2,0,152,1,0,0,3,7,0,8,0
664,Lecomte,a,0,0,0,0,0,0,0,#N/A,#N/A,#N/A,0,#N/A,#N/A,#N/A,0,0,0,0,0,0,Goalkeeper,0,a,0,0,0,0,0,0,#N/A,#N/A,#N/A,#N/A,0,0,0,0,0,0,a,0,0,0,0,0,0,#N/A,#N/A,#N/A,0,#N/A,0,0,0,0,0,0,0,0,0
727,Chukwueze,a,0,0,0,0,0,0,0,#N/A,#N/A,#N/A,0,#N/A,#N/A,#N/A,0,0,0,0,0,0,Midfielder,0,a,0,0,0,0,0,0,#N/A,#N/A,#N/A,#N/A,0,0,0,0,0,0,a,0,0,0,0,0,0,#N/A,#N/A,#N/A,0,#N/A,0,0,0,0,0,0,0,0,1
731,Kevin,a,0,0,0,0,0,0,0,#N/A,#N/A,#N/A,0,#N/A,#N/A,#N/A,0,0,0,0,0,0,Midfielder,0,a,0,0,0,0,0,0,#N/A,#N/A,#N/A,#N/A,0,0,0,0,0,0,a,0,0,0,0,0,0,#N/A,#N/A,#N/A,0,#N/A,0,0,0,0,0,0,0,0,0
737,Kusi-Asare,a,0,0,0,0,0,0,0,#N/A,#N/A,#N/A,0,#N/A,#N/A,#N/A,0,0,0,0,0,0,Forward,0,a,0,0,0,0,0,0,#N/A,#N/A,#N/A,#N/A,0,0,0,0,0,0,a,0,0,0,0,0,0,#N/A,#N/A,#N/A,0,#N/A,0,0,0,0,0,0,0,0,0
339,Meslier,a,0,0,0,0,0,0,0,#N/A,#N/A,#N/A,0,#N/A,#N/A,#N/A,0,0,0,0,0,0,Goalkeeper,0,a,0,0,0,0,0,0,#N/A,#N/A,#N/A,#N/A,0,0,0,0,0,0,a,0,0,0,0,0,0,#N/A,#N/A,#N/A,0,#N/A,0,0,0,0,0,0,0,0,3
340,Cairns,a,0,0,0,0,0,0,0,#N/A,#N/A,#N/A,0,#N/A,#N/A,#N/A,0,0,0,0,0,0,Goalkeeper,0,a,0,0,0,0,0,0,#N/A,#N/A,#N/A,#N/A,0,0,0,0,0,0,a,0,0,0,0,0,0,#N/A,#N/A,#N/A,0,#N/A,0,0,0,0,0,0,0,0,2
341,Darlow,a,0,0,0,0,0,0,0,#N/A,#N/A,#N/A,0,#N/A,#N/A,#N/A,0,0,0,0,0,0,Goalkeeper,0,a,0,0,0,0,0,0,#N/A,#N/A,#N/A,#N/A,0,0,0,0,0,0,a,0,0,0,0,0,0,25-26-efl-cup-leeds-united-vs-sheffield-wednesday,90,0,0,0,0,0,0,0,0,0,0,0,2
342,Bogle,a,5,6,90,0,0,1,0,25-26-prem-leeds-united-vs-everton,90,0,0,90,0,0,90,0,0,1,0,0,Defender,5,a,82,0,0,0,4,12,25-26-prem-arsenal-vs-leeds-united,83,0,0,172,0,0,0,1,4,a,90,0,0,1,0,16,25-26-prem-leeds-united-vs-newcastle-united,90,0,0,0,262,0,0,2,4,33,0,11,0
343,Struijk,a,8,8,90,0,0,1,0,25-26-prem-leeds-united-vs-everton,90,0,0,90,0,0,90,0,0,1,0,0,Defender,0,a,90,0,0,0,5,14,25-26-prem-arsenal-vs-leeds-united,90,0,0,180,0,0,0,1,5,a,90,0,0,1,0,7,25-26-prem-leeds-united-vs-newcastle-united,90,0,0,0,270,0,0,2,5,29,0,14,0
344,Bijol,a,0,0,0,0,0,0,0,#N/A,#N/A,#N/A,0,#N/A,#N/A,#N/A,0,0,0,0,0,0,Defender,0,a,0,0,0,0,0,0,#N/A,#N/A,#N/A,#N/A,0,0,0,0,0,0,a,0,0,0,0,0,0,25-26-efl-cup-leeds-united-vs-sheffield-wednesday,90,0,0,0,0,0,0,0,0,0,0,0,0
345,Bornauw,a,0,0,0,0,0,0,0,#N/A,#N/A,#N/A,0,#N/A,#N/A,#N/A,0,0,0,0,0,0,Defender,0,a,0,0,0,0,0,0,#N/A,#N/A,#N/A,#N/A,0,0,0,0,0,0,a,0,0,0,0,0,0,25-26-efl-cup-leeds-united-vs-sheffield-wednesday,90,0,0,0,0,0,0,0,0,0,0,0,0
346,Byram,a,0,0,0,0,0,0,0,#N/A,#N/A,#N/A,0,#N/A,#N/A,#N/A,0,0,0,0,0,0,Defender,1,a,7,0,0,0,1,0,25-26-prem-arsenal-vs-leeds-united,7,0,0,7,0,0,0,0,1,a,0,0,0,0,0,0,25-26-efl-cup-leeds-united-vs-sheffield-wednesday,71,0,0,0,7,0,0,0,1,0,0,1,4
347,Gudmundsson,a,8,9,90,0,0,1,0,25-26-prem-leeds-united-vs-everton,90,0,0,90,0,0,90,0,0,1,0,0,Defender,8,a,90,0,0,0,5,15,25-26-prem-arsenal-vs-leeds-united,90,0,0,180,0,0,0,1,5,d,79,0,0,1,0,7,25-26-prem-leeds-united-vs-newcastle-united,80,0,0,0,259,0,0,2,5,30,0,17,0
348,Rodon,a,7,7,90,0,0,1,0,25-26-prem-leeds-united-vs-everton,90,0,0,90,0,0,90,0,0,1,0,0,Defender,2,a,90,0,0,0,5,18,25-26-prem-arsenal-vs-leeds-united,90,0,0,180,0,0,0,1,5,a,90,0,0,1,0,10,25-26-prem-leeds-united-vs-newcastle-united,90,0,0,0,270,0,0,2,5,35,0,16,5
349,Schmidt,u,0,0,0,0,0,0,0,#N/A,#N/A,#N/A,0,#N/A,#N/A,#N/A,0,0,0,0,0,0,Defender,0,a,0,0,0,0,0,0,#N/A,#N/A,#N/A,#N/A,0,0,0,0,0,0,a,0,0,0,0,0,0,#N/A,#N/A,#N/A,0,#N/A,0,0,0,0,0,0,0,0,1
350,Aaronson,a,2,1,23,0,0,0,0,25-26-prem-leeds-united-vs-everton,23,0,0,23,0,0,23,0,0,0,0,0,Midfielder,1,a,24,0,0,0,1,3,25-26-prem-arsenal-vs-leeds-united,24,0,0,47,0,0,0,0,1,a,30,0,0,0,0,1,25-26-prem-leeds-united-vs-newcastle-united,30,0,0,0,77,0,0,0,1,6,0,3,1
351,Gnonto,a,7,3,66,0,0,1,0,25-26-prem-leeds-united-vs-everton,67,0,0,67,0,0,66,0,0,1,0,0,Midfielder,2,a,65,0,0,0,4,6,25-26-prem-arsenal-vs-leeds-united,66,0,0,131,0,0,0,1,4,a,59,0,0,0,0,3,25-26-prem-leeds-united-vs-newcastle-united,60,0,0,0,190,0,0,1,4,16,0,5,1
352,Harrison,a,1,1,12,0,0,0,0,25-26-prem-leeds-united-vs-everton,12,0,0,12,0,0,12,0,0,0,0,0,Midfielder,0,a,0,0,0,0,0,0,#N/A,#N/A,#N/A,#N/A,12,0,0,0,0,0,a,30,0,0,0,0,6,25-26-prem-leeds-united-vs-newcastle-united,30,0,0,0,42,0,0,0,0,7,0,2,4
353,James,i,2,3,77,0,0,1,0,25-26-prem-leeds-united-vs-everton,78,0,0,78,0,0,77,0,0,1,0,0,Midfielder,2,a,65,0,0,0,4,4,25-26-prem-arsenal-vs-leeds-united,66,0,0,142,0,0,0,1,4,a,59,0,0,0,0,3,25-26-prem-leeds-united-vs-newcastle-united,60,0,0,0,201,0,0,1,4,9,0,6,0
354,Ampadu,a,8,3,77,0,0,1,0,25-26-prem-leeds-united-vs-everton,78,0,0,78,0,0,77,0,0,1,0,0,Midfielder,0,i,0,0,0,0,0,0,#N/A,#N/A,#N/A,#N/A,77,0,0,0,1,0,i,0,0,0,0,0,0,#N/A,#N/A,#N/A,0,#N/A,77,0,0,1,0,8,0,3,0
355,Greenwood,u,0,0,0,0,0,0,0,#N/A,#N/A,#N/A,0,#N/A,#N/A,#N/A,0,0,0,0,0,0,Midfielder,0,a,0,0,0,0,0,0,#N/A,#N/A,#N/A,#N/A,0,0,0,0,0,0,a,0,0,0,0,0,0,#N/A,#N/A,#N/A,0,#N/A,0,0,0,0,0,0,0,0,0
356,Gruev,a,1,1,12,0,0,0,0,25-26-prem-leeds-united-vs-everton,12,0,0,12,0,0,12,0,0,0,0,0,Midfielder,2,a,90,0,0,0,5,6,25-26-prem-arsenal-vs-leeds-united,90,0,0,102,0,0,0,0,5,a,90,0,0,1,0,8,25-26-prem-leeds-united-vs-newcastle-united,90,0,0,0,192,0,0,1,5,15,0,6,0
357,Ramazani,u,0,0,0,0,0,0,0,#N/A,#N/A,#N/A,0,#N/A,#N/A,#N/A,0,0,0,0,0,0,Midfielder,0,a,0,0,0,0,0,0,#N/A,#N/A,#N/A,#N/A,0,0,0,0,0,0,a,0,0,0,0,0,0,#N/A,#N/A,#N/A,0,#N/A,0,0,0,0,0,0,0,0,0
358,Tanaka,a,7,3,90,0,0,1,0,25-26-prem-leeds-united-vs-everton,89,0,0,89,0,0,90,0,0,1,0,0,Midfielder,1,d,57,0,0,0,4,2,25-26-prem-arsenal-vs-leeds-united,58,0,0,147,0,0,0,1,4,i,0,0,0,0,0,0,#N/A,#N/A,#N/A,0,#N/A,147,0,0,1,4,9,0,4,0
359,Crew,u,0,0,0,0,0,0,0,#N/A,#N/A,#N/A,0,#N/A,#N/A,#N/A,0,0,0,0,0,0,Midfielder,0,u,0,0,0,0,0,0,#N/A,#N/A,#N/A,#N/A,0,0,0,0,0,0,u,0,0,0,0,0,0,#N/A,#N/A,#N/A,0,#N/A,0,0,0,0,0,0,0,0,0
360,Gelhardt,u,0,0,0,0,0,0,0,#N/A,#N/A,#N/A,0,#N/A,#N/A,#N/A,0,0,0,0,0,0,Midfielder,0,u,0,0,0,0,0,0,#N/A,#N/A,#N/A,#N/A,0,0,0,0,0,0,u,0,0,0,0,0,0,#N/A,#N/A,#N/A,0,#N/A,0,0,0,0,0,0,0,0,0
361,Gyabi,u,0,0,0,0,0,0,0,#N/A,#N/A,#N/A,0,#N/A,#N/A,#N/A,0,0,0,0,0,0,Midfielder,0,a,0,0,0,0,0,0,#N/A,#N/A,#N/A,#N/A,0,0,0,0,0,0,a,0,0,0,0,0,0,#N/A,#N/A,#N/A,0,#N/A,0,0,0,0,0,0,0,0,0
362,Piroe,a,4,2,77,0,0,1,0,25-26-prem-leeds-united-vs-everton,78,0,0,78,0,0,77,0,0,1,0,0,Forward,1,a,57,0,0,0,4,1,25-26-prem-arsenal-vs-leeds-united,58,0,0,134,0,0,0,1,4,a,0,0,0,0,0,0,25-26-efl-cup-leeds-united-vs-sheffield-wednesday,90,0,0,0,134,0,0,1,4,5,0,3,0
363,Bamford,u,0,0,0,0,0,0,0,#N/A,#N/A,#N/A,0,#N/A,#N/A,#N/A,0,0,0,0,0,0,Forward,0,a,0,0,0,0,0,0,#N/A,#N/A,#N/A,#N/A,0,0,0,0,0,0,a,0,0,0,0,0,0,#N/A,#N/A,#N/A,0,#N/A,0,0,0,0,0,0,0,0,1
364,Mateo Joseph,u,0,0,0,0,0,0,0,#N/A,#N/A,#N/A,0,#N/A,#N/A,#N/A,0,0,0,0,0,0,Forward,0,u,0,0,0,0,0,0,#N/A,#N/A,#N/A,#N/A,0,0,0,0,0,0,u,0,0,0,0,0,0,#N/A,#N/A,#N/A,0,#N/A,0,0,0,0,0,0,0,0,2
365,Nmecha,i,3,5,12,1,0,0,0,25-26-prem-leeds-united-vs-everton,12,1,0,12,1,0,12,1,0,0,0,0,Forward,1,a,32,0,0,0,1,0,25-26-prem-arsenal-vs-leeds-united,32,0,0,44,1,1,0,0,1,a,69,0,0,1,0,9,25-26-prem-leeds-united-vs-newcastle-united,70,0,0,0,113,1,0,1,1,12,0,8,1
493,Longstaff,i,0,1,1,0,0,0,0,25-26-prem-leeds-united-vs-everton,1,0,0,1,0,0,1,0,0,0,0,0,Midfielder,1,a,32,0,0,0,1,2,25-26-prem-arsenal-vs-leeds-united,32,0,0,33,0,0,0,0,1,a,90,0,0,1,0,13,25-26-prem-leeds-united-vs-newcastle-united,90,0,0,0,123,0,0,1,1,15,0,7,0
660,Stach,a,13,8,90,0,1,1,0,25-26-prem-leeds-united-vs-everton,90,0,1,90,0,0,90,0,1,1,0,0,Midfielder,2,a,90,0,0,0,5,4,25-26-prem-arsenal-vs-leeds-united,90,0,0,180,0,0,1,1,5,a,90,0,0,1,0,6,25-26-prem-leeds-united-vs-newcastle-united,90,0,0,0,270,0,1,2,5,23,0,13,2
665,Perri,a,0,6,90,0,0,1,0,25-26-prem-leeds-united-vs-everton,90,0,0,90,0,0,90,0,0,1,0,1,Goalkeeper,0,a,90,0,0,0,5,14,25-26-prem-arsenal-vs-leeds-united,90,0,0,180,0,0,0,1,5,a,90,0,0,1,0,9,25-26-prem-leeds-united-vs-newcastle-united,90,0,0,0,270,0,0,2,5,23,3,12,2
691,Calvert-Lewin,a,0,0,0,0,0,0,0,#N/A,#N/A,#N/A,0,#N/A,#N/A,#N/A,0,0,0,0,0,0,Forward,0,d,0,0,0,0,0,0,#N/A,#N/A,#N/A,#N/A,0,0,0,0,0,0,a,20,0,0,0,0,2,25-26-prem-leeds-united-vs-newcastle-united,20,0,0,0,20,0,0,0,0,2,0,1,0
698,Okafor,a,0,0,0,0,0,0,0,#N/A,#N/A,#N/A,0,#N/A,#N/A,#N/A,0,0,0,0,0,0,Midfielder,1,a,24,0,0,0,1,4,25-26-prem-arsenal-vs-leeds-united,24,0,0,24,0,0,0,0,1,a,0,0,0,0,0,0,25-26-efl-cup-leeds-united-vs-sheffield-wednesday,84,0,0,0,24,0,0,0,1,4,0,1,0
706,Justin,a,0,0,0,0,0,0,0,#N/A,#N/A,#N/A,0,#N/A,#N/A,#N/A,0,0,0,0,0,0,Defender,0,a,0,0,0,0,0,0,#N/A,#N/A,#N/A,#N/A,0,0,0,0,0,0,a,10,0,0,0,0,0,25-26-prem-leeds-united-vs-newcastle-united,10,0,0,0,10,0,0,0,0,0,0,1,6
741,Gray,a,0,0,0,0,0,0,0,#N/A,#N/A,#N/A,0,#N/A,#N/A,#N/A,0,0,0,0,0,0,Forward,0,a,0,0,0,0,0,0,#N/A,#N/A,#N/A,#N/A,0,0,0,0,0,0,a,0,0,0,0,0,0,#N/A,#N/A,#N/A,0,#N/A,0,0,0,0,0,0,0,0,0
366,A.Becker,a,0,1,90,0,0,0,2,25-26-prem-liverpool-vs-afc-bournemouth,90,0,0,90,0,0,90,0,0,0,2,1,Goalkeeper,1,a,90,0,0,0,2,24,25-26-prem-newcastle-united-vs-liverpool,90,0,0,180,0,0,0,0,4,a,90,0,0,1,0,11,25-26-prem-liverpool-vs-arsenal,90,0,0,0,270,0,0,1,4,35,3,10,0
367,Mamardashvili,a,0,0,0,0,0,0,0,#N/A,#N/A,#N/A,0,#N/A,#N/A,#N/A,0,0,0,0,0,0,Goalkeeper,0,a,0,0,0,0,0,0,#N/A,#N/A,#N/A,#N/A,0,0,0,0,0,0,a,0,0,0,0,0,0,#N/A,#N/A,#N/A,0,#N/A,0,0,0,0,0,0,0,0,0
368,Pécsi,a,0,0,0,0,0,0,0,#N/A,#N/A,#N/A,0,#N/A,#N/A,#N/A,0,0,0,0,0,0,Goalkeeper,0,a,0,0,0,0,0,0,#N/A,#N/A,#N/A,#N/A,0,0,0,0,0,0,a,0,0,0,0,0,0,#N/A,#N/A,#N/A,0,#N/A,0,0,0,0,0,0,0,0,4
369,Woodman,a,0,0,0,0,0,0,0,#N/A,#N/A,#N/A,0,#N/A,#N/A,#N/A,0,0,0,0,0,0,Goalkeeper,0,a,0,0,0,0,0,0,#N/A,#N/A,#N/A,#N/A,0,0,0,0,0,0,a,0,0,0,0,0,0,#N/A,#N/A,#N/A,0,#N/A,0,0,0,0,0,0,0,0,0
370,Frimpong,i,4,1,59,0,0,0,0,25-26-prem-liverpool-vs-afc-bournemouth,60,0,0,60,0,0,59,0,0,0,0,0,Defender,0,i,0,0,0,0,0,1,#N/A,#N/A,#N/A,#N/A,59,0,0,0,0,0,i,0,0,0,0,0,0,#N/A,#N/A,#N/A,0,#N/A,59,0,0,0,0,5,0,1,1
371,Kerkez,a,6,0,59,0,0,0,0,25-26-prem-liverpool-vs-afc-bournemouth,60,0,0,60,0,0,59,0,0,0,0,0,Defender,1,a,90,0,0,0,2,18,25-26-prem-newcastle-united-vs-liverpool,90,0,0,149,0,0,0,0,2,a,90,0,0,1,0,11,25-26-prem-liverpool-vs-arsenal,90,0,0,0,239,0,0,1,2,35,0,7,8
372,Robertson,a,2,0,30,0,0,0,2,25-26-prem-liverpool-vs-afc-bournemouth,30,0,0,30,0,0,30,0,0,0,2,0,Defender,0,a,0,0,0,0,0,0,#N/A,#N/A,#N/A,#N/A,30,0,0,0,0,2,a,0,0,0,0,0,0,#N/A,#N/A,#N/A,0,#N/A,30,0,0,0,2,2,0,0,9
373,Virgil,a,21,3,90,0,0,0,2,25-26-prem-liverpool-vs-afc-bournemouth,90,0,0,90,0,0,90,0,0,0,2,0,Defender,3,a,90,0,0,0,2,20,25-26-prem-newcastle-united-vs-liverpool,90,0,0,180,0,0,0,0,4,a,90,0,0,1,0,10,25-26-prem-liverpool-vs-arsenal,90,0,0,0,270,0,0,1,4,51,0,14,0
374,Konaté,a,7,1,90,0,0,0,2,25-26-prem-liverpool-vs-afc-bournemouth,90,0,0,90,0,0,90,0,0,0,2,0,Defender,0,a,90,0,0,0,2,12,25-26-prem-newcastle-united-vs-liverpool,90,0,0,180,0,0,0,0,4,a,78,0,0,1,0,7,25-26-prem-liverpool-vs-arsenal,79,0,0,0,258,0,0,1,4,26,0,7,0
375,Bradley,s,0,0,0,0,0,0,0,#N/A,#N/A,#N/A,0,#N/A,#N/A,#N/A,0,0,0,0,0,0,Defender,0,a,10,0,0,0,1,1,25-26-prem-newcastle-united-vs-liverpool,10,0,0,10,0,0,0,0,1,a,0,0,0,0,0,0,#N/A,#N/A,#N/A,0,#N/A,10,0,0,0,1,1,0,0,0
376,Gomez,a,1,1,18,0,0,0,1,25-26-prem-liverpool-vs-afc-bournemouth,18,0,0,18,0,0,18,0,0,0,1,0,Defender,0,a,0,0,0,0,0,1,#N/A,#N/A,#N/A,#N/A,18,0,0,0,0,1,a,11,0,0,0,0,7,25-26-prem-liverpool-vs-arsenal,11,0,0,0,29,0,0,0,1,9,0,2,0
377,Tsimikas,u,0,0,0,0,0,0,0,#N/A,#N/A,#N/A,0,#N/A,#N/A,#N/A,0,0,0,0,0,0,Defender,0,a,0,0,0,0,0,0,#N/A,#N/A,#N/A,#N/A,0,0,0,0,0,0,a,0,0,0,0,0,0,#N/A,#N/A,#N/A,0,#N/A,0,0,0,0,0,0,0,0,0
378,Nallo,a,0,0,0,0,0,0,0,#N/A,#N/A,#N/A,0,#N/A,#N/A,#N/A,0,0,0,0,0,0,Defender,0,a,0,0,0,0,0,0,#N/A,#N/A,#N/A,#N/A,0,0,0,0,0,0,a,0,0,0,0,0,0,#N/A,#N/A,#N/A,0,#N/A,0,0,0,0,0,0,0,0,0
379,R.Williams,a,0,0,0,0,0,0,0,#N/A,#N/A,#N/A,0,#N/A,#N/A,#N/A,0,0,0,0,0,0,Defender,0,a,0,0,0,0,0,0,#N/A,#N/A,#N/A,#N/A,0,0,0,0,0,0,a,0,0,0,0,0,0,#N/A,#N/A,#N/A,0,#N/A,0,0,0,0,0,0,0,0,9
380,Ramsay,a,0,0,0,0,0,0,0,#N/A,#N/A,#N/A,0,#N/A,#N/A,#N/A,0,0,0,0,0,0,Defender,0,a,0,0,0,0,0,0,#N/A,#N/A,#N/A,#N/A,0,0,0,0,0,0,a,0,0,0,0,0,0,#N/A,#N/A,#N/A,0,#N/A,0,0,0,0,0,0,0,0,3
381,M.Salah,a,10,8,90,1,0,0,2,25-26-prem-liverpool-vs-afc-bournemouth,90,1,0,90,1,0,90,1,0,0,2,0,Midfielder,5,a,90,0,1,0,2,2,25-26-prem-newcastle-united-vs-liverpool,89,0,1,180,1,1,1,0,4,a,90,0,0,1,0,2,25-26-prem-liverpool-vs-arsenal,90,0,0,0,270,1,1,1,4,14,0,16,0
382,Wirtz,a,9,2,81,0,0,0,2,25-26-prem-liverpool-vs-afc-bournemouth,82,0,0,82,0,0,81,0,0,0,2,0,Midfielder,2,a,79,0,0,0,1,3,25-26-prem-newcastle-united-vs-liverpool,80,0,0,160,0,0,0,0,3,a,88,0,0,1,0,8,25-26-prem-liverpool-vs-arsenal,89,0,0,0,248,0,0,1,3,20,0,7,3
383,Luis Díaz,u,0,0,0,0,0,0,0,#N/A,#N/A,#N/A,0,#N/A,#N/A,#N/A,0,0,0,0,0,0,Midfielder,0,u,0,0,0,0,0,0,#N/A,#N/A,#N/A,#N/A,0,0,0,0,0,0,u,0,0,0,0,0,0,#N/A,#N/A,#N/A,0,#N/A,0,0,0,0,0,0,0,0,1
384,Gakpo,i,8,7,90,1,0,0,2,25-26-prem-liverpool-vs-afc-bournemouth,90,1,0,90,1,0,90,1,0,0,2,0,Midfielder,10,a,90,0,2,0,2,9,25-26-prem-newcastle-united-vs-liverpool,89,0,2,180,1,1,2,0,4,a,90,0,0,1,0,5,25-26-prem-liverpool-vs-arsenal,90,0,0,0,270,1,2,1,4,22,0,20,1
385,Chiesa,a,1,6,8,1,0,0,0,25-26-prem-liverpool-vs-afc-bournemouth,8,1,0,8,1,0,8,1,0,0,0,0,Midfielder,1,a,10,0,0,0,1,1,25-26-prem-newcastle-united-vs-liverpool,10,0,0,18,1,1,0,0,1,a,11,0,0,0,0,0,25-26-prem-liverpool-vs-arsenal,11,0,0,0,29,1,0,0,1,2,0,8,3
386,Mac Allister,a,6,5,71,0,1,0,1,25-26-prem-liverpool-vs-afc-bournemouth,72,0,1,72,0,1,71,0,1,0,1,0,Midfielder,0,a,0,0,0,0,0,0,#N/A,#N/A,#N/A,#N/A,71,0,0,1,0,1,d,60,0,0,1,0,9,25-26-prem-liverpool-vs-arsenal,61,0,0,0,131,0,1,1,1,15,0,8,0
387,Szoboszlai,a,11,2,90,0,0,0,2,25-26-prem-liverpool-vs-afc-bournemouth,90,0,0,90,0,0,90,0,0,0,2,0,Midfielder,2,a,90,0,0,0,2,9,25-26-prem-newcastle-united-vs-liverpool,90,0,0,180,0,0,0,0,4,a,90,1,0,1,0,14,25-26-prem-liverpool-vs-arsenal,90,1,0,0,270,1,0,1,4,34,0,17,3
388,C.Jones,a,1,1,18,0,0,0,1,25-26-prem-liverpool-vs-afc-bournemouth,18,0,0,18,0,0,18,0,0,0,1,0,Midfielder,2,a,90,0,0,0,2,10,25-26-prem-newcastle-united-vs-liverpool,89,0,0,108,0,0,0,0,3,a,29,0,1,0,0,3,25-26-prem-liverpool-vs-arsenal,29,0,0,0,137,0,1,0,3,14,0,7,0
390,Gravenberch,a,0,0,0,0,0,0,0,#N/A,#N/A,#N/A,0,#N/A,#N/A,#N/A,0,0,0,0,0,0,Midfielder,7,a,90,1,0,0,2,8,25-26-prem-newcastle-united-vs-liverpool,90,1,0,90,1,1,0,0,2,a,90,0,0,1,0,9,25-26-prem-liverpool-vs-arsenal,90,0,0,0,180,1,0,1,2,17,0,9,0
392,Endo,i,3,4,30,0,1,0,2,25-26-prem-liverpool-vs-afc-bournemouth,30,0,1,30,0,1,30,0,1,0,2,0,Midfielder,1,a,1,0,0,0,0,0,25-26-prem-newcastle-united-vs-liverpool,1,0,0,31,0,0,1,0,2,a,1,0,0,0,0,1,25-26-prem-liverpool-vs-arsenal,1,0,0,0,32,0,1,0,2,4,0,5,0
393,Bajcetic,i,0,0,0,0,0,0,0,#N/A,#N/A,#N/A,0,#N/A,#N/A,#N/A,0,0,0,0,0,0,Midfielder,0,a,0,0,0,0,0,0,#N/A,#N/A,#N/A,#N/A,0,0,0,0,0,0,a,0,0,0,0,0,0,#N/A,#N/A,#N/A,0,#N/A,0,0,0,0,0,0,0,0,0
394,McConnell,u,0,0,0,0,0,0,0,#N/A,#N/A,#N/A,0,#N/A,#N/A,#N/A,0,0,0,0,0,0,Midfielder,0,a,0,0,0,0,0,0,#N/A,#N/A,#N/A,#N/A,0,0,0,0,0,0,a,0,0,0,0,0,0,#N/A,#N/A,#N/A,0,#N/A,0,0,0,0,0,0,0,0,0
395,Morton,u,0,0,0,0,0,0,0,#N/A,#N/A,#N/A,0,#N/A,#N/A,#N/A,0,0,0,0,0,0,Midfielder,0,u,0,0,0,0,0,0,#N/A,#N/A,#N/A,#N/A,0,0,0,0,0,0,u,0,0,0,0,0,0,#N/A,#N/A,#N/A,0,#N/A,0,0,0,0,0,0,0,0,0
396,Nyoni,a,0,0,0,0,0,0,0,#N/A,#N/A,#N/A,0,#N/A,#N/A,#N/A,0,0,0,0,0,0,Midfielder,0,a,0,0,0,0,0,0,#N/A,#N/A,#N/A,#N/A,0,0,0,0,0,0,a,0,0,0,0,0,0,#N/A,#N/A,#N/A,0,#N/A,0,0,0,0,0,0,0,0,0
397,Darwin,u,0,0,0,0,0,0,0,#N/A,#N/A,#N/A,0,#N/A,#N/A,#N/A,0,0,0,0,0,0,Forward,0,u,0,0,0,0,0,0,#N/A,#N/A,#N/A,#N/A,0,0,0,0,0,0,u,0,0,0,0,0,0,#N/A,#N/A,#N/A,0,#N/A,0,0,0,0,0,0,0,0,0
398,Danns,i,0,0,0,0,0,0,0,#N/A,#N/A,#N/A,0,#N/A,#N/A,#N/A,0,0,0,0,0,0,Forward,0,a,0,0,0,0,0,0,#N/A,#N/A,#N/A,#N/A,0,0,0,0,0,0,a,0,0,0,0,0,0,#N/A,#N/A,#N/A,0,#N/A,0,0,0,0,0,0,0,0,2
499,Isak,d,0,0,0,0,0,0,0,#N/A,#N/A,#N/A,0,#N/A,#N/A,#N/A,0,0,0,0,0,0,Forward,0,n,0,0,0,0,0,0,#N/A,#N/A,#N/A,#N/A,0,0,0,0,0,0,n,0,0,0,0,0,0,#N/A,#N/A,#N/A,0,#N/A,0,0,0,0,0,0,0,0,1
661,Ekitiké,a,1,11,71,1,1,0,1,25-26-prem-liverpool-vs-afc-bournemouth,72,1,1,72,1,1,71,1,1,0,1,0,Forward,9,a,79,1,0,0,1,5,25-26-prem-newcastle-united-vs-liverpool,80,1,0,150,2,2,1,0,2,a,78,0,0,1,0,2,25-26-prem-liverpool-vs-arsenal,79,0,0,0,228,2,1,1,2,8,0,22,0
686,Ngumoha,a,0,0,0,0,0,0,0,#N/A,#N/A,#N/A,0,#N/A,#N/A,#N/A,0,0,0,0,0,0,Midfielder,6,a,1,1,0,0,0,0,25-26-prem-newcastle-united-vs-liverpool,1,1,0,1,1,1,0,0,0,a,0,0,0,0,0,0,#N/A,#N/A,#N/A,0,#N/A,1,1,0,0,0,0,0,6,0
692,Leoni,i,0,0,0,0,0,0,0,#N/A,#N/A,#N/A,0,#N/A,#N/A,#N/A,0,0,0,0,0,0,Defender,0,a,0,0,0,0,0,0,#N/A,#N/A,#N/A,#N/A,0,0,0,0,0,0,a,0,0,0,0,0,0,#N/A,#N/A,#N/A,0,#N/A,0,0,0,0,0,0,0,0,0
746,Morrison,a,0,0,0,0,0,0,0,#N/A,#N/A,#N/A,0,#N/A,#N/A,#N/A,0,0,0,0,0,0,Midfielder,0,a,0,0,0,0,0,0,#N/A,#N/A,#N/A,#N/A,0,0,0,0,0,0,a,0,0,0,0,0,0,#N/A,#N/A,#N/A,0,#N/A,0,0,0,0,0,0,0,0,0
182,Trafford,a,0,7,90,0,0,1,0,25-26-prem-wolverhampton-wanderers-vs-manchester-city,90,0,0,90,0,0,90,0,0,1,0,3,Goalkeeper,2,a,90,0,0,0,2,27,25-26-prem-manchester-city-vs-tottenham-hotspur,90,0,0,180,0,0,0,1,2,a,90,0,0,0,2,14,25-26-prem-brighton-hove-albion-vs-manchester-city,90,0,2,0,270,0,0,1,4,41,11,11,0
399,Ederson M.,u,0,0,0,0,0,0,0,#N/A,#N/A,#N/A,0,#N/A,#N/A,#N/A,0,0,0,0,0,0,Goalkeeper,0,a,0,0,0,0,0,0,#N/A,#N/A,#N/A,#N/A,0,0,0,0,0,0,a,0,0,0,0,0,0,#N/A,#N/A,#N/A,0,#N/A,0,0,0,0,0,0,0,0,0
400,Ortega Moreno,a,0,0,0,0,0,0,0,#N/A,#N/A,#N/A,0,#N/A,#N/A,#N/A,0,0,0,0,0,0,Goalkeeper,0,a,0,0,0,0,0,0,#N/A,#N/A,#N/A,#N/A,0,0,0,0,0,0,a,0,0,0,0,0,0,#N/A,#N/A,#N/A,0,#N/A,0,0,0,0,0,0,0,0,0
401,Bettinelli,a,0,0,0,0,0,0,0,#N/A,#N/A,#N/A,0,#N/A,#N/A,#N/A,0,0,0,0,0,0,Goalkeeper,0,i,0,0,0,0,0,0,#N/A,#N/A,#N/A,#N/A,0,0,0,0,0,0,i,0,0,0,0,0,0,#N/A,#N/A,#N/A,0,#N/A,0,0,0,0,0,0,0,0,6
402,Aït-Nouri,a,15,9,90,0,0,1,0,25-26-prem-wolverhampton-wanderers-vs-manchester-city,90,0,0,90,0,0,90,0,0,1,0,0,Defender,1,d,22,0,0,0,0,5,25-26-prem-manchester-city-vs-tottenham-hotspur,23,0,0,112,0,0,0,1,0,a,90,0,0,0,2,11,25-26-prem-brighton-hove-albion-vs-manchester-city,90,0,2,0,202,0,0,1,2,31,0,10,0
403,Gvardiol,a,0,0,0,0,0,0,0,#N/A,#N/A,#N/A,0,#N/A,#N/A,#N/A,0,0,0,0,0,0,Defender,0,i,0,0,0,0,0,0,#N/A,#N/A,#N/A,#N/A,0,0,0,0,0,0,i,0,0,0,0,0,0,#N/A,#N/A,#N/A,0,#N/A,0,0,0,0,0,0,0,0,1
404,Akanji,u,0,0,0,0,0,0,0,#N/A,#N/A,#N/A,0,#N/A,#N/A,#N/A,0,0,0,0,0,0,Defender,0,a,0,0,0,0,0,0,#N/A,#N/A,#N/A,#N/A,0,0,0,0,0,0,a,0,0,0,0,0,0,#N/A,#N/A,#N/A,0,#N/A,0,0,0,0,0,0,0,0,8
405,Aké,a,0,0,0,0,0,0,0,#N/A,#N/A,#N/A,0,#N/A,#N/A,#N/A,0,0,0,0,0,0,Defender,1,a,67,0,0,0,2,7,25-26-prem-manchester-city-vs-tottenham-hotspur,67,0,0,67,0,0,0,0,2,a,0,0,0,0,0,0,#N/A,#N/A,#N/A,0,#N/A,67,0,0,0,2,7,0,1,0
406,Khusanov,a,1,1,8,0,0,0,0,25-26-prem-wolverhampton-wanderers-vs-manchester-city,8,0,0,8,0,0,8,0,0,0,0,0,Defender,0,a,0,0,0,0,0,0,#N/A,#N/A,#N/A,#N/A,8,0,0,0,0,0,a,84,0,0,0,1,7,25-26-prem-brighton-hove-albion-vs-manchester-city,85,0,1,0,92,0,0,0,1,8,0,2,6
407,Matheus N.,a,4,1,24,0,0,0,0,25-26-prem-wolverhampton-wanderers-vs-manchester-city,24,0,0,24,0,0,24,0,0,0,0,0,Defender,0,a,0,0,0,0,0,2,#N/A,#N/A,#N/A,#N/A,24,0,0,0,0,0,a,84,0,0,0,1,11,25-26-prem-brighton-hove-albion-vs-manchester-city,85,0,1,0,108,0,0,0,1,17,0,3,0
408,Rúben,a,4,6,90,0,0,1,0,25-26-prem-wolverhampton-wanderers-vs-manchester-city,90,0,0,90,0,0,90,0,0,1,0,0,Defender,1,a,90,0,0,0,2,13,25-26-prem-manchester-city-vs-tottenham-hotspur,90,0,0,180,0,0,0,1,2,a,5,0,0,0,1,1,25-26-prem-brighton-hove-albion-vs-manchester-city,5,0,1,0,185,0,0,1,3,18,0,8,0
409,Stones,d,2,6,81,0,0,1,0,25-26-prem-wolverhampton-wanderers-vs-manchester-city,82,0,0,82,0,0,81,0,0,1,0,0,Defender,1,a,90,0,0,0,2,16,25-26-prem-manchester-city-vs-tottenham-hotspur,90,0,0,171,0,0,0,1,2,a,90,0,0,0,2,9,25-26-prem-brighton-hove-albion-vs-manchester-city,90,0,2,0,261,0,0,1,4,27,0,8,6
410,Lewis,a,6,11,65,0,1,1,0,25-26-prem-wolverhampton-wanderers-vs-manchester-city,66,0,1,66,0,1,65,0,1,1,0,0,Defender,1,a,90,0,0,0,2,10,25-26-prem-manchester-city-vs-tottenham-hotspur,90,0,0,155,0,0,1,1,2,a,5,0,0,0,1,0,25-26-prem-brighton-hove-albion-vs-manchester-city,5,0,1,0,160,0,1,1,3,16,0,13,0
411,O'Reilly,a,0,0,24,0,0,0,0,25-26-prem-wolverhampton-wanderers-vs-manchester-city,24,0,0,24,0,0,24,0,0,0,0,0,Defender,0,a,0,0,0,0,0,0,#N/A,#N/A,#N/A,#N/A,24,0,0,0,0,0,a,18,0,0,0,1,4,25-26-prem-brighton-hove-albion-vs-manchester-city,18,0,1,0,42,0,0,0,1,4,0,1,0
412,Vitor Reis,u,0,0,0,0,0,0,0,#N/A,#N/A,#N/A,0,#N/A,#N/A,#N/A,0,0,0,0,0,0,Defender,0,u,0,0,0,0,0,0,#N/A,#N/A,#N/A,#N/A,0,0,0,0,0,0,u,0,0,0,0,0,0,#N/A,#N/A,#N/A,0,#N/A,0,0,0,0,0,0,0,0,12
413,Marmoush,a,1,1,24,0,0,0,0,25-26-prem-wolverhampton-wanderers-vs-manchester-city,24,0,0,24,0,0,24,0,0,0,0,0,Midfielder,1,a,53,0,0,0,2,4,25-26-prem-manchester-city-vs-tottenham-hotspur,54,0,0,77,0,0,0,0,2,a,71,0,1,0,1,8,25-26-prem-brighton-hove-albion-vs-manchester-city,72,0,1,1,148,0,1,0,3,13,0,9,1
414,Foden,a,0,0,0,0,0,0,0,#N/A,#N/A,#N/A,0,#N/A,#N/A,#N/A,0,0,0,0,0,0,Midfielder,1,a,15,0,0,0,0,3,25-26-prem-manchester-city-vs-tottenham-hotspur,15,0,0,15,0,0,0,0,0,a,0,0,0,0,0,0,#N/A,#N/A,#N/A,0,#N/A,15,0,0,0,0,3,0,1,6
415,Savinho,a,0,0,0,0,0,0,0,#N/A,#N/A,#N/A,0,#N/A,#N/A,#N/A,0,0,0,0,0,0,Midfielder,0,i,0,0,0,0,0,0,#N/A,#N/A,#N/A,#N/A,0,0,0,0,0,0,i,0,0,0,0,0,0,#N/A,#N/A,#N/A,0,#N/A,0,0,0,0,0,0,0,0,0
416,Bernardo,a,9,3,65,0,0,1,0,25-26-prem-wolverhampton-wanderers-vs-manchester-city,66,0,0,66,0,0,65,0,0,1,0,0,Midfielder,1,a,36,0,0,0,0,3,25-26-prem-manchester-city-vs-tottenham-hotspur,36,0,0,101,0,0,0,1,0,a,71,0,0,0,1,4,25-26-prem-brighton-hove-albion-vs-manchester-city,72,0,1,0,172,0,0,1,1,16,0,6,10
417,Cherki,a,1,6,17,1,0,0,0,25-26-prem-wolverhampton-wanderers-vs-manchester-city,17,1,0,17,1,0,17,1,0,0,0,0,Midfielder,1,a,53,0,0,0,2,8,25-26-prem-manchester-city-vs-tottenham-hotspur,54,0,0,70,1,1,0,0,2,a,0,0,0,0,0,0,#N/A,#N/A,#N/A,0,#N/A,70,1,0,0,2,9,0,7,0
418,Doku,a,1,3,65,0,0,1,0,25-26-prem-wolverhampton-wanderers-vs-manchester-city,66,0,0,66,0,0,65,0,0,1,0,0,Midfielder,1,a,36,0,0,0,0,1,25-26-prem-manchester-city-vs-tottenham-hotspur,36,0,0,101,0,0,0,1,0,a,18,0,0,0,1,0,25-26-prem-brighton-hove-albion-vs-manchester-city,18,0,1,0,119,0,0,1,1,2,0,5,3
420,Gündoğan,u,0,0,0,0,0,0,0,#N/A,#N/A,#N/A,0,#N/A,#N/A,#N/A,0,0,0,0,0,0,Midfielder,0,a,0,0,0,0,0,0,#N/A,#N/A,#N/A,#N/A,0,0,0,0,0,0,a,0,0,0,0,0,0,#N/A,#N/A,#N/A,0,#N/A,0,0,0,0,0,0,0,0,0
421,Rodrigo,i,0,0,0,0,0,0,0,#N/A,#N/A,#N/A,0,#N/A,#N/A,#N/A,0,0,0,0,0,0,Midfielder,1,a,15,0,0,0,0,5,25-26-prem-manchester-city-vs-tottenham-hotspur,15,0,0,15,0,0,0,0,0,a,90,0,0,0,2,10,25-26-prem-brighton-hove-albion-vs-manchester-city,90,0,2,0,105,0,0,0,2,15,0,3,1
422,Kovačić,i,0,0,0,0,0,0,0,#N/A,#N/A,#N/A,0,#N/A,#N/A,#N/A,0,0,0,0,0,0,Midfielder,0,i,0,0,0,0,0,0,#N/A,#N/A,#N/A,#N/A,0,0,0,0,0,0,i,0,0,0,0,0,0,#N/A,#N/A,#N/A,0,#N/A,0,0,0,0,0,0,0,0,1
423,N.Gonzalez,a,11,3,90,0,0,1,0,25-26-prem-wolverhampton-wanderers-vs-manchester-city,90,0,0,90,0,0,90,0,0,1,0,0,Midfielder,1,a,74,0,0,0,2,6,25-26-prem-manchester-city-vs-tottenham-hotspur,75,0,0,164,0,0,0,1,2,a,0,0,0,0,0,0,#N/A,#N/A,#N/A,0,#N/A,164,0,0,1,2,17,0,4,0
424,Bobb,a,4,6,90,0,1,1,0,25-26-prem-wolverhampton-wanderers-vs-manchester-city,90,0,1,90,0,1,90,0,1,1,0,0,Midfielder,2,a,74,0,0,0,2,5,25-26-prem-manchester-city-vs-tottenham-hotspur,75,0,0,164,0,0,1,1,2,a,90,0,0,0,2,6,25-26-prem-brighton-hove-albion-vs-manchester-city,90,0,2,0,254,0,1,1,4,15,0,10,3
425,Echeverri,u,0,0,0,0,0,0,0,#N/A,#N/A,#N/A,0,#N/A,#N/A,#N/A,0,0,0,0,0,0,Midfielder,0,u,0,0,0,0,0,0,#N/A,#N/A,#N/A,#N/A,0,0,0,0,0,0,u,0,0,0,0,0,0,#N/A,#N/A,#N/A,0,#N/A,0,0,0,0,0,0,0,0,0
427,Reijnders,a,3,10,90,1,1,1,0,25-26-prem-wolverhampton-wanderers-vs-manchester-city,90,1,1,90,1,1,90,1,1,1,0,0,Midfielder,2,a,90,0,0,0,2,5,25-26-prem-manchester-city-vs-tottenham-hotspur,90,0,0,180,1,1,1,1,2,a,90,0,0,0,2,5,25-26-prem-brighton-hove-albion-vs-manchester-city,90,0,2,0,270,1,1,1,4,13,0,14,0
428,Nypan,u,0,0,0,0,0,0,0,#N/A,#N/A,#N/A,0,#N/A,#N/A,#N/A,0,0,0,0,0,0,Midfielder,0,u,0,0,0,0,0,0,#N/A,#N/A,#N/A,#N/A,0,0,0,0,0,0,u,0,0,0,0,0,0,#N/A,#N/A,#N/A,0,#N/A,0,0,0,0,0,0,0,0,13
429,Phillips,a,0,0,0,0,0,0,0,#N/A,#N/A,#N/A,0,#N/A,#N/A,#N/A,0,0,0,0,0,0,Midfielder,0,a,0,0,0,0,0,0,#N/A,#N/A,#N/A,#N/A,0,0,0,0,0,0,a,0,0,0,0,0,0,#N/A,#N/A,#N/A,0,#N/A,0,0,0,0,0,0,0,0,6
430,Haaland,a,2,13,72,2,0,1,0,25-26-prem-wolverhampton-wanderers-vs-manchester-city,73,2,0,73,2,0,72,2,0,1,0,0,Forward,2,a,90,0,0,0,2,4,25-26-prem-manchester-city-vs-tottenham-hotspur,90,0,0,162,2,2,0,1,2,a,90,1,0,0,2,1,25-26-prem-brighton-hove-albion-vs-manchester-city,90,1,2,0,252,3,0,1,4,7,0,24,0
736,Donnarumma,a,0,0,0,0,0,0,0,#N/A,#N/A,#N/A,0,#N/A,#N/A,#N/A,0,0,0,0,0,0,Goalkeeper,0,a,0,0,0,0,0,0,#N/A,#N/A,#N/A,#N/A,0,0,0,0,0,0,a,0,0,0,0,0,0,#N/A,#N/A,#N/A,0,#N/A,0,0,0,0,0,0,0,0,0
739,Mukasa,a,0,0,0,0,0,0,0,#N/A,#N/A,#N/A,0,#N/A,#N/A,#N/A,0,0,0,0,0,0,Midfielder,0,a,0,0,0,0,0,0,#N/A,#N/A,#N/A,#N/A,0,0,0,0,0,0,a,0,0,0,0,0,0,#N/A,#N/A,#N/A,0,#N/A,0,0,0,0,0,0,0,0,0
740,Mfuni,a,0,0,0,0,0,0,0,#N/A,#N/A,#N/A,0,#N/A,#N/A,#N/A,0,0,0,0,0,0,Defender,0,a,0,0,0,0,0,0,#N/A,#N/A,#N/A,#N/A,0,0,0,0,0,0,a,0,0,0,0,0,0,#N/A,#N/A,#N/A,0,#N/A,0,0,0,0,0,0,0,0,2
742,McAidoo,a,0,0,0,0,0,0,0,#N/A,#N/A,#N/A,0,#N/A,#N/A,#N/A,0,0,0,0,0,0,Midfielder,0,a,0,0,0,0,0,0,#N/A,#N/A,#N/A,#N/A,0,0,0,0,0,0,a,0,0,0,0,0,0,#N/A,#N/A,#N/A,0,#N/A,0,0,0,0,0,0,0,0,2
119,Mbeumo,a,6,2,90,0,0,0,1,25-26-prem-manchester-united-vs-arsenal,90,0,0,90,0,0,90,0,0,0,1,0,Midfielder,2,a,90,0,0,0,1,2,25-26-prem-fulham-vs-manchester-united,90,0,0,180,0,0,0,0,2,a,90,1,0,0,2,1,25-26-prem-manchester-united-vs-burnley,90,1,2,0,270,1,0,0,4,9,0,14,0
431,Bayindir,a,0,2,90,0,0,0,1,25-26-prem-manchester-united-vs-arsenal,90,0,0,90,0,0,90,0,0,0,1,2,Goalkeeper,2,a,90,0,0,0,1,17,25-26-prem-fulham-vs-manchester-united,90,0,0,180,0,0,0,0,2,a,90,0,0,0,2,12,25-26-prem-manchester-united-vs-burnley,90,0,2,0,270,0,0,0,4,29,5,5,0
432,Onana,u,0,0,0,0,0,0,0,#N/A,#N/A,#N/A,0,#N/A,#N/A,#N/A,0,0,0,0,0,0,Goalkeeper,0,a,0,0,0,0,0,0,#N/A,#N/A,#N/A,#N/A,0,0,0,0,0,0,a,0,0,0,0,0,0,25-26-efl-cup-manchester-united-vs-grimsby-town,90,0,0,0,0,0,0,0,0,0,0,0,1
433,Harrison,u,0,0,0,0,0,0,0,#N/A,#N/A,#N/A,0,#N/A,#N/A,#N/A,0,0,0,0,0,0,Goalkeeper,0,u,0,0,0,0,0,0,#N/A,#N/A,#N/A,#N/A,0,0,0,0,0,0,u,0,0,0,0,0,0,#N/A,#N/A,#N/A,0,#N/A,0,0,0,0,0,0,0,0,0
434,Heaton,a,0,0,0,0,0,0,0,#N/A,#N/A,#N/A,0,#N/A,#N/A,#N/A,0,0,0,0,0,0,Goalkeeper,0,a,0,0,0,0,0,0,#N/A,#N/A,#N/A,#N/A,0,0,0,0,0,0,a,0,0,0,0,0,0,#N/A,#N/A,#N/A,0,#N/A,0,0,0,0,0,0,0,0,1
435,Mee,a,0,0,0,0,0,0,0,#N/A,#N/A,#N/A,0,#N/A,#N/A,#N/A,0,0,0,0,0,0,Goalkeeper,0,a,0,0,0,0,0,0,#N/A,#N/A,#N/A,#N/A,0,0,0,0,0,0,a,0,0,0,0,0,0,#N/A,#N/A,#N/A,0,#N/A,0,0,0,0,0,0,0,0,0
436,De Ligt,i,10,4,90,0,0,0,1,25-26-prem-manchester-united-vs-arsenal,90,0,0,90,0,0,90,0,0,0,1,0,Defender,7,a,90,0,0,0,1,17,25-26-prem-fulham-vs-manchester-united,90,0,0,180,0,0,0,0,2,a,90,0,0,0,2,8,25-26-prem-manchester-united-vs-burnley,90,0,2,0,270,0,0,0,4,35,0,12,0
437,Martinez,a,0,0,0,0,0,0,0,#N/A,#N/A,#N/A,0,#N/A,#N/A,#N/A,0,0,0,0,0,0,Defender,0,i,0,0,0,0,0,0,#N/A,#N/A,#N/A,#N/A,0,0,0,0,0,0,i,0,0,0,0,0,0,#N/A,#N/A,#N/A,0,#N/A,0,0,0,0,0,0,0,0,1
438,Mazraoui,a,0,0,0,0,0,0,0,#N/A,#N/A,#N/A,0,#N/A,#N/A,#N/A,0,0,0,0,0,0,Defender,0,i,0,0,0,0,0,0,#N/A,#N/A,#N/A,#N/A,0,0,0,0,0,0,a,5,0,0,0,0,2,25-26-prem-manchester-united-vs-burnley,5,0,0,0,5,0,0,0,0,2,0,1,1
439,D.Leon,a,0,0,0,0,0,0,0,#N/A,#N/A,#N/A,0,#N/A,#N/A,#N/A,0,0,0,0,0,0,Defender,0,a,0,0,0,0,0,0,#N/A,#N/A,#N/A,#N/A,0,0,0,0,0,0,a,0,0,0,0,0,0,#N/A,#N/A,#N/A,0,#N/A,0,0,0,0,0,0,0,0,1
440,Dalot,a,4,1,54,0,0,0,1,25-26-prem-manchester-united-vs-arsenal,55,0,0,55,0,0,54,0,0,0,1,0,Defender,1,a,38,0,0,0,1,5,25-26-prem-fulham-vs-manchester-united,38,0,0,92,0,0,0,0,2,a,90,0,1,0,2,9,25-26-prem-manchester-united-vs-burnley,90,0,2,1,182,0,1,0,4,18,0,6,1
441,Dorgu,a,5,1,90,0,0,0,1,25-26-prem-manchester-united-vs-arsenal,90,0,0,90,0,0,90,0,0,0,1,0,Defender,2,a,90,0,0,0,1,7,25-26-prem-fulham-vs-manchester-united,90,0,0,180,0,0,0,0,2,a,0,0,0,0,0,0,25-26-efl-cup-manchester-united-vs-grimsby-town,45,0,0,0,180,0,0,0,2,12,0,3,0
442,Maguire,i,3,1,10,0,0,0,0,25-26-prem-manchester-united-vs-arsenal,10,0,0,10,0,0,10,0,0,0,0,0,Defender,1,a,3,0,0,0,0,1,25-26-prem-fulham-vs-manchester-united,3,0,0,13,0,0,0,0,0,a,0,0,0,0,0,0,25-26-efl-cup-manchester-united-vs-grimsby-town,90,1,0,0,13,0,0,0,0,4,0,2,0
443,Shaw,a,4,2,79,0,0,0,1,25-26-prem-manchester-united-vs-arsenal,80,0,0,80,0,0,79,0,0,0,1,0,Defender,2,a,86,0,0,0,1,11,25-26-prem-fulham-vs-manchester-united,87,0,0,165,0,0,0,0,2,a,90,0,0,0,2,6,25-26-prem-manchester-united-vs-burnley,90,0,2,0,255,0,0,0,4,21,0,5,0
444,Yoro,a,11,4,90,0,0,0,1,25-26-prem-manchester-united-vs-arsenal,90,0,0,90,0,0,90,0,0,0,1,0,Defender,6,a,86,0,1,0,1,13,25-26-prem-fulham-vs-manchester-united,87,0,0,176,0,0,1,0,2,a,84,0,0,0,2,5,25-26-prem-manchester-united-vs-burnley,85,0,2,0,260,0,1,0,4,29,0,11,0
445,Amass,u,0,0,0,0,0,0,0,#N/A,#N/A,#N/A,0,#N/A,#N/A,#N/A,0,0,0,0,0,0,Defender,0,a,0,0,0,0,0,0,#N/A,#N/A,#N/A,#N/A,0,0,0,0,0,0,a,0,0,0,0,0,0,#N/A,#N/A,#N/A,0,#N/A,0,0,0,0,0,0,0,0,2
446,Fredricson,a,0,0,0,0,0,0,0,#N/A,#N/A,#N/A,0,#N/A,#N/A,#N/A,0,0,0,0,0,0,Defender,0,a,0,0,0,0,0,0,#N/A,#N/A,#N/A,#N/A,0,0,0,0,0,0,a,0,0,0,0,0,0,25-26-efl-cup-manchester-united-vs-grimsby-town,45,0,0,0,0,0,0,0,0,0,0,0,0
447,Heaven,a,0,0,0,0,0,0,0,#N/A,#N/A,#N/A,0,#N/A,#N/A,#N/A,0,0,0,0,0,0,Defender,1,a,3,0,0,0,0,1,25-26-prem-fulham-vs-manchester-united,3,0,0,3,0,0,0,0,0,a,0,0,0,0,0,0,25-26-efl-cup-manchester-united-vs-grimsby-town,64,0,0,0,3,0,0,0,0,1,0,1,0
448,Malacia,a,0,0,0,0,0,0,0,#N/A,#N/A,#N/A,0,#N/A,#N/A,#N/A,0,0,0,0,0,0,Defender,0,a,0,0,0,0,0,0,#N/A,#N/A,#N/A,#N/A,0,0,0,0,0,0,a,0,0,0,0,0,0,#N/A,#N/A,#N/A,0,#N/A,0,0,0,0,0,0,0,0,2
449,B.Fernandes,a,11,2,90,0,0,0,1,25-26-prem-manchester-united-vs-arsenal,90,0,0,90,0,0,90,0,0,0,1,0,Midfielder,2,a,90,0,0,0,1,13,25-26-prem-fulham-vs-manchester-united,90,0,0,180,0,0,0,0,2,a,90,1,0,0,2,17,25-26-prem-manchester-united-vs-burnley,90,1,2,0,270,1,0,0,4,41,0,14,0
450,Cunha,a,3,2,90,0,0,0,1,25-26-prem-manchester-united-vs-arsenal,90,0,0,90,0,0,90,0,0,0,1,0,Midfielder,2,a,90,0,0,0,1,4,25-26-prem-fulham-vs-manchester-united,90,0,0,180,0,0,0,0,2,d,30,0,0,0,0,1,25-26-prem-manchester-united-vs-burnley,31,0,0,0,210,0,0,0,2,8,0,5,0
451,Rashford,u,0,0,0,0,0,0,0,#N/A,#N/A,#N/A,0,#N/A,#N/A,#N/A,0,0,0,0,0,0,Midfielder,0,u,0,0,0,0,0,0,#N/A,#N/A,#N/A,#N/A,0,0,0,0,0,0,u,0,0,0,0,0,0,#N/A,#N/A,#N/A,0,#N/A,0,0,0,0,0,0,0,0,1
452,Amad,a,4,1,35,0,0,0,0,25-26-prem-manchester-united-vs-arsenal,35,0,0,35,0,0,35,0,0,0,0,0,Midfielder,1,a,51,0,0,0,0,6,25-26-prem-fulham-vs-manchester-united,52,0,0,86,0,0,0,0,0,a,90,0,1,0,2,10,25-26-prem-manchester-united-vs-burnley,90,0,2,0,176,0,1,0,2,20,0,7,1
454,Antony,u,0,0,0,0,0,0,0,#N/A,#N/A,#N/A,0,#N/A,#N/A,#N/A,0,0,0,0,0,0,Midfielder,0,a,0,0,0,0,0,0,#N/A,#N/A,#N/A,#N/A,0,0,0,0,0,0,a,0,0,0,0,0,0,#N/A,#N/A,#N/A,0,#N/A,0,0,0,0,0,0,0,0,4
455,Mount,a,3,2,64,0,0,0,1,25-26-prem-manchester-united-vs-arsenal,65,0,0,65,0,0,64,0,0,0,1,0,Midfielder,3,a,68,0,0,1,0,3,25-26-prem-fulham-vs-manchester-united,69,0,0,132,0,0,0,1,1,d,45,0,0,0,0,7,25-26-prem-manchester-united-vs-burnley,45,0,0,0,177,0,0,1,1,13,0,6,0
457,Casemiro,a,5,2,64,0,0,0,1,25-26-prem-manchester-united-vs-arsenal,65,0,0,65,0,0,64,0,0,0,1,0,Midfielder,0,a,52,0,0,0,0,7,25-26-prem-fulham-vs-manchester-united,53,0,0,116,0,0,0,0,1,a,71,0,1,0,2,6,25-26-prem-manchester-united-vs-burnley,72,0,2,0,187,0,1,0,3,18,0,7,0
458,Mainoo,a,0,0,0,0,0,0,0,#N/A,#N/A,#N/A,0,#N/A,#N/A,#N/A,0,0,0,0,0,0,Midfielder,0,a,0,0,0,0,0,0,#N/A,#N/A,#N/A,#N/A,0,0,0,0,0,0,a,45,0,0,0,2,5,25-26-prem-manchester-united-vs-burnley,45,0,2,0,45,0,0,0,2,5,0,1,0
459,Ugarte,a,1,1,25,0,0,0,0,25-26-prem-manchester-united-vs-arsenal,25,0,0,25,0,0,25,0,0,0,0,0,Midfielder,1,a,21,0,0,0,1,5,25-26-prem-fulham-vs-manchester-united,21,0,0,46,0,0,0,0,1,a,0,0,0,0,0,0,25-26-efl-cup-manchester-united-vs-grimsby-town,45,0,0,0,46,0,0,0,1,6,0,2,0
460,Collyer,u,0,0,0,0,0,0,0,#N/A,#N/A,#N/A,0,#N/A,#N/A,#N/A,0,0,0,0,0,0,Midfielder,0,u,0,0,0,0,0,0,#N/A,#N/A,#N/A,#N/A,0,0,0,0,0,0,u,0,0,0,0,0,0,#N/A,#N/A,#N/A,0,#N/A,0,0,0,0,0,0,0,0,0
461,Fitzgerald,a,0,0,0,0,0,0,0,#N/A,#N/A,#N/A,0,#N/A,#N/A,#N/A,0,0,0,0,0,0,Midfielder,0,a,0,0,0,0,0,0,#N/A,#N/A,#N/A,#N/A,0,0,0,0,0,0,a,0,0,0,0,0,0,#N/A,#N/A,#N/A,0,#N/A,0,0,0,0,0,0,0,0,0
462,J.Fletcher,a,0,0,0,0,0,0,0,#N/A,#N/A,#N/A,0,#N/A,#N/A,#N/A,0,0,0,0,0,0,Midfielder,0,a,0,0,0,0,0,0,#N/A,#N/A,#N/A,#N/A,0,0,0,0,0,0,a,0,0,0,0,0,0,#N/A,#N/A,#N/A,0,#N/A,0,0,0,0,0,0,0,0,1
463,Kone,a,0,0,0,0,0,0,0,#N/A,#N/A,#N/A,0,#N/A,#N/A,#N/A,0,0,0,0,0,0,Midfielder,0,a,0,0,0,0,0,0,#N/A,#N/A,#N/A,#N/A,0,0,0,0,0,0,a,0,0,0,0,0,0,#N/A,#N/A,#N/A,0,#N/A,0,0,0,0,0,0,0,0,0
464,Moorhouse,u,0,0,0,0,0,0,0,#N/A,#N/A,#N/A,0,#N/A,#N/A,#N/A,0,0,0,0,0,0,Midfielder,0,a,0,0,0,0,0,0,#N/A,#N/A,#N/A,#N/A,0,0,0,0,0,0,a,0,0,0,0,0,0,#N/A,#N/A,#N/A,0,#N/A,0,0,0,0,0,0,0,0,0
465,Højlund,u,0,0,0,0,0,0,0,#N/A,#N/A,#N/A,0,#N/A,#N/A,#N/A,0,0,0,0,0,0,Forward,0,a,0,0,0,0,0,0,#N/A,#N/A,#N/A,#N/A,0,0,0,0,0,0,a,0,0,0,0,0,0,#N/A,#N/A,#N/A,0,#N/A,0,0,0,0,0,0,0,0,2
466,Zirkzee,a,0,0,0,0,0,0,0,#N/A,#N/A,#N/A,0,#N/A,#N/A,#N/A,0,0,0,0,0,0,Forward,0,a,0,0,0,0,0,0,#N/A,#N/A,#N/A,#N/A,0,0,0,0,0,0,a,59,0,0,0,2,3,25-26-prem-manchester-united-vs-burnley,59,0,2,0,59,0,0,0,2,3,0,1,0
467,Obi,a,0,0,0,0,0,0,0,#N/A,#N/A,#N/A,0,#N/A,#N/A,#N/A,0,0,0,0,0,0,Forward,0,a,0,0,0,0,0,0,#N/A,#N/A,#N/A,#N/A,0,0,0,0,0,0,a,0,0,0,0,0,0,#N/A,#N/A,#N/A,0,#N/A,0,0,0,0,0,0,0,0,0
468,Wheatley,u,0,0,0,0,0,0,0,#N/A,#N/A,#N/A,0,#N/A,#N/A,#N/A,0,0,0,0,0,0,Forward,0,a,0,0,0,0,0,0,#N/A,#N/A,#N/A,#N/A,0,0,0,0,0,0,a,0,0,0,0,0,0,#N/A,#N/A,#N/A,0,#N/A,0,0,0,0,0,0,0,0,0
681,Šeško,d,1,1,25,0,0,0,0,25-26-prem-manchester-united-vs-arsenal,25,0,0,25,0,0,25,0,0,0,0,0,Forward,1,a,37,0,0,0,1,1,25-26-prem-fulham-vs-manchester-united,37,0,0,62,0,0,0,0,1,a,18,0,0,0,0,0,25-26-prem-manchester-united-vs-burnley,18,0,0,0,80,0,0,0,1,2,0,3,8
733,Lammens,a,0,0,0,0,0,0,0,#N/A,#N/A,#N/A,0,#N/A,#N/A,#N/A,0,0,0,0,0,0,Goalkeeper,0,a,0,0,0,0,0,0,#N/A,#N/A,#N/A,#N/A,0,0,0,0,0,0,a,0,0,0,0,0,0,#N/A,#N/A,#N/A,0,#N/A,0,0,0,0,0,0,0,0,0
755,Lacey,a,0,0,0,0,0,0,0,#N/A,#N/A,#N/A,0,#N/A,#N/A,#N/A,0,0,0,0,0,0,Midfielder,#N/A,#N/A,#N/A,#N/A,#N/A,#N/A,#N/A,#N/A,#N/A,#N/A,#N/A,#N/A,#N/A,#N/A,#N/A,#N/A,#N/A,#N/A,#N/A,#N/A,#N/A,#N/A,#N/A,#N/A,#N/A,#N/A,#N/A,#N/A,#N/A,#N/A,#N/A,#N/A,#N/A,#N/A,#N/A,#N/A,#N/A,#N/A,0
52,J.Ramsey,a,0,0,0,0,0,0,0,#N/A,#N/A,#N/A,0,#N/A,#N/A,#N/A,0,0,0,0,0,0,Midfielder,1,a,14,0,0,0,1,4,25-26-prem-newcastle-united-vs-liverpool,14,0,0,14,0,0,0,0,1,d,45,0,0,0,0,2,25-26-prem-leeds-united-vs-newcastle-united,45,0,0,0,59,0,0,0,1,6,0,2,0
135,Wissa,a,0,0,0,0,0,0,0,#N/A,#N/A,#N/A,0,#N/A,#N/A,#N/A,0,0,0,0,0,0,Forward,0,d,0,0,0,0,0,0,#N/A,#N/A,#N/A,#N/A,0,0,0,0,0,0,n,0,0,0,0,0,0,#N/A,#N/A,#N/A,0,#N/A,0,0,0,0,0,0,0,0,8
469,Pope,d,0,9,90,0,0,1,0,25-26-prem-aston-villa-vs-newcastle-united,90,0,0,90,0,0,90,0,0,1,0,3,Goalkeeper,4,a,90,0,1,0,3,22,25-26-prem-newcastle-united-vs-liverpool,90,0,0,180,0,0,1,1,3,a,90,0,0,1,0,12,25-26-prem-leeds-united-vs-newcastle-united,90,0,0,0,270,0,1,2,3,34,5,18,1
471,Gillespie,a,0,0,0,0,0,0,0,#N/A,#N/A,#N/A,0,#N/A,#N/A,#N/A,0,0,0,0,0,0,Goalkeeper,0,a,0,0,0,0,0,0,#N/A,#N/A,#N/A,#N/A,0,0,0,0,0,0,a,0,0,0,0,0,0,#N/A,#N/A,#N/A,0,#N/A,0,0,0,0,0,0,0,0,6
472,Odysseas,u,0,0,0,0,0,0,0,#N/A,#N/A,#N/A,0,#N/A,#N/A,#N/A,0,0,0,0,0,0,Goalkeeper,0,u,0,0,0,0,0,0,#N/A,#N/A,#N/A,#N/A,0,0,0,0,0,0,u,0,0,0,0,0,0,#N/A,#N/A,#N/A,0,#N/A,0,0,0,0,0,0,0,0,6
473,Hall,a,0,0,0,0,0,0,0,#N/A,#N/A,#N/A,0,#N/A,#N/A,#N/A,0,0,0,0,0,0,Defender,1,a,14,0,0,0,1,6,25-26-prem-newcastle-united-vs-liverpool,14,0,0,14,0,0,0,0,1,a,29,0,0,0,0,2,25-26-prem-leeds-united-vs-newcastle-united,29,0,0,0,43,0,0,0,1,8,0,2,8
474,Schär,a,11,8,90,0,0,1,0,25-26-prem-aston-villa-vs-newcastle-united,90,0,0,90,0,0,90,0,0,1,0,0,Defender,1,d,80,0,0,0,2,16,25-26-prem-newcastle-united-vs-liverpool,81,0,0,170,0,0,0,1,2,a,90,0,0,1,0,8,25-26-prem-leeds-united-vs-newcastle-united,90,0,0,0,260,0,0,2,2,35,0,15,0
475,Botman,d,0,0,0,0,0,0,0,#N/A,#N/A,#N/A,0,#N/A,#N/A,#N/A,0,0,0,0,0,0,Defender,0,a,0,0,0,0,0,0,#N/A,#N/A,#N/A,#N/A,0,0,0,0,0,0,a,67,0,0,1,0,14,25-26-prem-leeds-united-vs-newcastle-united,68,0,0,0,67,0,0,1,0,14,0,8,0
476,Burn,a,11,9,90,0,0,1,0,25-26-prem-aston-villa-vs-newcastle-united,90,0,0,90,0,0,90,0,0,1,0,0,Defender,2,a,90,0,0,0,3,19,25-26-prem-newcastle-united-vs-liverpool,90,0,0,180,0,0,0,1,3,a,90,0,0,1,0,5,25-26-prem-leeds-united-vs-newcastle-united,90,0,0,0,270,0,0,2,3,35,0,17,0
477,Livramento,a,5,9,90,0,0,1,0,25-26-prem-aston-villa-vs-newcastle-united,90,0,0,90,0,0,90,0,0,1,0,0,Defender,4,a,90,0,1,0,3,9,25-26-prem-newcastle-united-vs-liverpool,90,0,1,180,0,0,1,1,3,a,90,0,0,1,0,7,25-26-prem-leeds-united-vs-newcastle-united,90,0,0,0,270,0,1,2,3,21,0,19,0
478,Trippier,d,4,6,90,0,0,1,0,25-26-prem-aston-villa-vs-newcastle-united,90,0,0,90,0,0,90,0,0,1,0,0,Defender,1,a,75,0,0,0,2,8,25-26-prem-newcastle-united-vs-liverpool,76,0,0,165,0,0,0,1,2,a,61,0,0,1,0,5,25-26-prem-leeds-united-vs-newcastle-united,61,0,0,0,226,0,0,2,2,17,0,13,0
479,Krafth,d,0,0,0,0,0,0,0,#N/A,#N/A,#N/A,0,#N/A,#N/A,#N/A,0,0,0,0,0,0,Defender,0,a,0,0,0,0,0,0,#N/A,#N/A,#N/A,#N/A,0,0,0,0,0,0,a,0,0,0,0,0,0,#N/A,#N/A,#N/A,0,#N/A,0,0,0,0,0,0,0,0,0
480,Lascelles,a,0,0,0,0,0,0,0,#N/A,#N/A,#N/A,0,#N/A,#N/A,#N/A,0,0,0,0,0,0,Defender,0,a,0,0,0,0,0,0,#N/A,#N/A,#N/A,#N/A,0,0,0,0,0,0,a,0,0,0,0,0,0,#N/A,#N/A,#N/A,0,#N/A,0,0,0,0,0,0,0,0,0
481,A.Murphy,a,0,0,0,0,0,0,0,#N/A,#N/A,#N/A,0,#N/A,#N/A,#N/A,0,0,0,0,0,0,Defender,0,a,0,0,0,0,0,0,#N/A,#N/A,#N/A,#N/A,0,0,0,0,0,0,a,0,0,0,0,0,0,#N/A,#N/A,#N/A,0,#N/A,0,0,0,0,0,0,0,0,1
482,Ashby,a,0,0,0,0,0,0,0,#N/A,#N/A,#N/A,0,#N/A,#N/A,#N/A,0,0,0,0,0,0,Defender,0,a,0,0,0,0,0,0,#N/A,#N/A,#N/A,#N/A,0,0,0,0,0,0,a,0,0,0,0,0,0,#N/A,#N/A,#N/A,0,#N/A,0,0,0,0,0,0,0,0,3
483,Pivas,a,0,0,0,0,0,0,0,#N/A,#N/A,#N/A,0,#N/A,#N/A,#N/A,0,0,0,0,0,0,Defender,0,a,0,0,0,0,0,0,#N/A,#N/A,#N/A,#N/A,0,0,0,0,0,0,a,0,0,0,0,0,0,#N/A,#N/A,#N/A,0,#N/A,0,0,0,0,0,0,0,0,2
484,Targett,u,0,0,0,0,0,0,0,#N/A,#N/A,#N/A,0,#N/A,#N/A,#N/A,0,0,0,0,0,0,Defender,0,a,0,0,0,0,0,0,#N/A,#N/A,#N/A,#N/A,0,0,0,0,0,0,a,0,0,0,0,0,0,#N/A,#N/A,#N/A,0,#N/A,0,0,0,0,0,0,0,0,6
485,Gordon,a,4,3,90,0,0,1,0,25-26-prem-aston-villa-vs-newcastle-united,90,0,0,90,0,0,90,0,0,1,0,0,Midfielder,1,s,47,0,0,0,3,3,25-26-prem-newcastle-united-vs-liverpool,45,0,0,137,0,0,0,1,3,s,0,0,0,0,0,0,#N/A,#N/A,#N/A,0,#N/A,137,0,0,1,3,7,0,1,3
486,Elanga,a,3,3,77,0,0,1,0,25-26-prem-aston-villa-vs-newcastle-united,78,0,0,78,0,0,77,0,0,1,0,0,Midfielder,2,a,90,0,0,0,3,1,25-26-prem-newcastle-united-vs-liverpool,90,0,0,167,0,0,0,1,3,a,28,0,0,0,0,1,25-26-prem-leeds-united-vs-newcastle-united,28,0,0,0,195,0,0,1,3,5,0,6,3
487,Barnes,a,4,3,89,0,0,1,0,25-26-prem-aston-villa-vs-newcastle-united,89,0,0,89,0,0,89,0,0,1,0,0,Midfielder,2,a,75,0,0,0,2,2,25-26-prem-newcastle-united-vs-liverpool,76,0,0,164,0,0,0,1,2,a,22,0,0,0,0,1,25-26-prem-leeds-united-vs-newcastle-united,22,0,0,0,186,0,0,1,2,7,0,6,0
488,Bruno G.,a,8,3,90,0,0,1,0,25-26-prem-aston-villa-vs-newcastle-united,90,0,0,90,0,0,90,0,0,1,0,0,Midfielder,6,a,90,1,0,0,3,11,25-26-prem-newcastle-united-vs-liverpool,90,1,0,180,1,1,0,1,3,a,90,0,0,1,0,9,25-26-prem-leeds-united-vs-newcastle-united,90,0,0,0,270,1,0,2,3,28,0,12,1
489,J.Murphy,a,2,1,12,0,0,0,0,25-26-prem-aston-villa-vs-newcastle-united,12,0,0,12,0,0,12,0,0,0,0,0,Midfielder,0,a,0,0,0,0,0,0,#N/A,#N/A,#N/A,#N/A,12,0,0,0,0,0,a,61,0,0,1,0,1,25-26-prem-leeds-united-vs-newcastle-united,62,0,0,0,73,0,0,1,0,3,0,4,0
490,Joelinton,d,9,2,82,0,0,1,0,25-26-prem-aston-villa-vs-newcastle-united,83,0,0,83,0,0,82,0,0,1,0,0,Midfielder,2,d,75,0,0,0,2,7,25-26-prem-newcastle-united-vs-liverpool,76,0,0,157,0,0,0,1,2,i,0,0,0,0,0,0,#N/A,#N/A,#N/A,0,#N/A,157,0,0,1,2,16,0,4,0
491,Tonali,a,9,3,90,0,0,1,0,25-26-prem-aston-villa-vs-newcastle-united,90,0,0,90,0,0,90,0,0,1,0,0,Midfielder,2,d,65,0,0,0,2,5,25-26-prem-newcastle-united-vs-liverpool,66,0,0,155,0,0,0,1,2,a,90,0,0,1,0,6,25-26-prem-leeds-united-vs-newcastle-united,90,0,0,0,245,0,0,2,2,20,0,8,0
492,Antoñito C.,u,0,0,0,0,0,0,0,#N/A,#N/A,#N/A,0,#N/A,#N/A,#N/A,0,0,0,0,0,0,Midfielder,0,a,0,0,0,0,0,0,#N/A,#N/A,#N/A,#N/A,0,0,0,0,0,0,a,0,0,0,0,0,0,#N/A,#N/A,#N/A,0,#N/A,0,0,0,0,0,0,0,0,0
494,Willock,a,0,0,0,0,0,0,0,#N/A,#N/A,#N/A,0,#N/A,#N/A,#N/A,0,0,0,0,0,0,Midfielder,0,a,0,0,0,0,0,0,#N/A,#N/A,#N/A,#N/A,0,0,0,0,0,0,a,0,0,0,0,0,0,#N/A,#N/A,#N/A,0,#N/A,0,0,0,0,0,0,0,0,1
495,Hayden,u,0,0,0,0,0,0,0,#N/A,#N/A,#N/A,0,#N/A,#N/A,#N/A,0,0,0,0,0,0,Midfielder,0,u,0,0,0,0,0,0,#N/A,#N/A,#N/A,#N/A,0,0,0,0,0,0,u,0,0,0,0,0,0,#N/A,#N/A,#N/A,0,#N/A,0,0,0,0,0,0,0,0,0
496,Kuol,u,0,0,0,0,0,0,0,#N/A,#N/A,#N/A,0,#N/A,#N/A,#N/A,0,0,0,0,0,0,Midfielder,0,a,0,0,0,0,0,0,#N/A,#N/A,#N/A,#N/A,0,0,0,0,0,0,a,0,0,0,0,0,0,#N/A,#N/A,#N/A,0,#N/A,0,0,0,0,0,0,0,0,0
497,L.Miley,a,1,1,7,0,0,0,0,25-26-prem-aston-villa-vs-newcastle-united,7,0,0,7,0,0,7,0,0,0,0,0,Midfielder,1,a,24,0,0,0,1,2,25-26-prem-newcastle-united-vs-liverpool,24,0,0,31,0,0,0,0,1,a,45,0,0,0,0,5,25-26-prem-leeds-united-vs-newcastle-united,45,0,0,0,76,0,0,0,1,8,0,3,0
498,White,u,0,0,0,0,0,0,0,#N/A,#N/A,#N/A,0,#N/A,#N/A,#N/A,0,0,0,0,0,0,Midfielder,0,u,0,0,0,0,0,0,#N/A,#N/A,#N/A,#N/A,0,0,0,0,0,0,u,0,0,0,0,0,0,#N/A,#N/A,#N/A,0,#N/A,0,0,0,0,0,0,0,0,0
500,Osula,d,0,1,1,0,0,0,0,25-26-prem-aston-villa-vs-newcastle-united,1,0,0,1,0,0,1,0,0,0,0,0,Forward,5,a,14,1,0,0,1,0,25-26-prem-newcastle-united-vs-liverpool,14,1,0,15,1,1,0,0,1,a,90,0,0,1,0,4,25-26-prem-leeds-united-vs-newcastle-united,90,0,0,0,105,1,0,1,1,4,0,8,9
501,Neave,a,0,0,0,0,0,0,0,#N/A,#N/A,#N/A,0,#N/A,#N/A,#N/A,0,0,0,0,0,0,Forward,0,a,0,0,0,0,0,0,#N/A,#N/A,#N/A,#N/A,0,0,0,0,0,0,a,0,0,0,0,0,0,#N/A,#N/A,#N/A,0,#N/A,0,0,0,0,0,0,0,0,0
674,Ramsdale,a,0,0,0,0,0,0,0,#N/A,#N/A,#N/A,0,#N/A,#N/A,#N/A,0,0,0,0,0,0,Goalkeeper,0,a,0,0,0,0,0,0,#N/A,#N/A,#N/A,#N/A,0,0,0,0,0,0,a,0,0,0,0,0,0,#N/A,#N/A,#N/A,0,#N/A,0,0,0,0,0,0,0,0,1
684,Thiaw,a,0,0,0,0,0,0,0,#N/A,#N/A,#N/A,0,#N/A,#N/A,#N/A,0,0,0,0,0,0,Defender,1,a,9,0,0,0,1,1,25-26-prem-newcastle-united-vs-liverpool,9,0,0,9,0,0,0,0,1,a,0,0,0,0,0,0,#N/A,#N/A,#N/A,0,#N/A,9,0,0,0,1,1,0,1,1
689,Seung soo,a,0,0,0,0,0,0,0,#N/A,#N/A,#N/A,0,#N/A,#N/A,#N/A,0,0,0,0,0,0,Midfielder,0,a,0,0,0,0,0,0,#N/A,#N/A,#N/A,#N/A,0,0,0,0,0,0,a,0,0,0,0,0,0,#N/A,#N/A,#N/A,0,#N/A,0,0,0,0,0,0,0,0,0
714,Woltemade,a,0,0,0,0,0,0,0,#N/A,#N/A,#N/A,0,#N/A,#N/A,#N/A,0,0,0,0,0,0,Forward,0,a,0,0,0,0,0,0,#N/A,#N/A,#N/A,#N/A,0,0,0,0,0,0,a,0,0,0,0,0,0,#N/A,#N/A,#N/A,0,#N/A,0,0,0,0,0,0,0,0,0
753,Ruddy,a,0,0,0,0,0,0,0,#N/A,#N/A,#N/A,0,#N/A,#N/A,#N/A,0,0,0,0,0,0,Goalkeeper,#N/A,#N/A,#N/A,#N/A,#N/A,#N/A,#N/A,#N/A,#N/A,#N/A,#N/A,#N/A,#N/A,#N/A,#N/A,#N/A,#N/A,#N/A,#N/A,#N/A,#N/A,#N/A,#N/A,#N/A,#N/A,#N/A,#N/A,#N/A,#N/A,#N/A,#N/A,#N/A,#N/A,#N/A,#N/A,#N/A,#N/A,#N/A,1
12,Zinchenko,a,0,0,0,0,0,0,0,#N/A,#N/A,#N/A,0,#N/A,#N/A,#N/A,0,0,0,0,0,0,Defender,0,a,0,0,0,0,0,0,#N/A,#N/A,#N/A,#N/A,0,0,0,0,0,0,a,0,0,0,0,0,0,#N/A,#N/A,#N/A,0,#N/A,0,0,0,0,0,0,0,0,3
426,McAtee,a,0,0,0,0,0,0,0,#N/A,#N/A,#N/A,0,#N/A,#N/A,#N/A,0,0,0,0,0,0,Midfielder,1,a,18,0,0,0,0,0,25-26-prem-crystal-palace-vs-nottingham-forest,18,0,0,18,0,0,0,0,0,a,32,0,0,0,3,4,25-26-prem-nottingham-forest-vs-west-ham-united,32,0,3,0,50,0,0,0,3,4,0,2,0
502,Sels,d,0,2,90,0,0,0,1,25-26-prem-nottingham-forest-vs-brentford,90,0,0,90,0,0,90,0,0,0,1,2,Goalkeeper,2,a,90,0,0,0,1,20,25-26-prem-crystal-palace-vs-nottingham-forest,90,0,0,180,0,0,0,0,2,a,90,0,0,0,3,4,25-26-prem-nottingham-forest-vs-west-ham-united,90,0,3,0,270,0,0,0,5,24,10,6,0
503,C.Miguel,u,0,0,0,0,0,0,0,#N/A,#N/A,#N/A,0,#N/A,#N/A,#N/A,0,0,0,0,0,0,Goalkeeper,0,u,0,0,0,0,0,0,#N/A,#N/A,#N/A,#N/A,0,0,0,0,0,0,u,0,0,0,0,0,0,#N/A,#N/A,#N/A,0,#N/A,0,0,0,0,0,0,0,0,0
504,Turner,u,0,0,0,0,0,0,0,#N/A,#N/A,#N/A,0,#N/A,#N/A,#N/A,0,0,0,0,0,0,Goalkeeper,0,u,0,0,0,0,0,0,#N/A,#N/A,#N/A,#N/A,0,0,0,0,0,0,u,0,0,0,0,0,0,#N/A,#N/A,#N/A,0,#N/A,0,0,0,0,0,0,0,0,0
505,Milenković,a,8,2,90,0,0,0,1,25-26-prem-nottingham-forest-vs-brentford,90,0,0,90,0,0,90,0,0,0,1,0,Defender,2,a,90,0,0,0,1,11,25-26-prem-crystal-palace-vs-nottingham-forest,90,0,0,180,0,0,0,0,2,a,90,0,0,0,3,7,25-26-prem-nottingham-forest-vs-west-ham-united,90,0,3,0,270,0,0,0,5,26,0,5,1
506,Murillo,a,5,2,90,0,0,0,1,25-26-prem-nottingham-forest-vs-brentford,90,0,0,90,0,0,90,0,0,0,1,0,Defender,1,a,90,0,0,0,1,17,25-26-prem-crystal-palace-vs-nottingham-forest,90,0,0,180,0,0,0,0,2,a,90,0,0,0,3,13,25-26-prem-nottingham-forest-vs-west-ham-united,90,0,3,0,270,0,0,0,5,35,0,4,0
507,Aina,i,12,4,90,0,0,0,1,25-26-prem-nottingham-forest-vs-brentford,90,0,0,90,0,0,90,0,0,0,1,0,Defender,1,a,90,0,0,0,1,24,25-26-prem-crystal-palace-vs-nottingham-forest,90,0,0,180,0,0,0,0,2,a,90,0,0,0,3,6,25-26-prem-nottingham-forest-vs-west-ham-united,90,0,3,0,270,0,0,0,5,42,0,6,0
508,N.Williams,a,6,1,90,0,0,0,1,25-26-prem-nottingham-forest-vs-brentford,90,0,0,90,0,0,90,0,0,0,1,0,Defender,2,a,90,0,0,0,1,11,25-26-prem-crystal-palace-vs-nottingham-forest,90,0,0,180,0,0,0,0,2,a,90,0,0,0,3,10,25-26-prem-nottingham-forest-vs-west-ham-united,90,0,3,0,270,0,0,0,5,27,0,4,0
509,David Carmo,u,0,0,0,0,0,0,0,#N/A,#N/A,#N/A,0,#N/A,#N/A,#N/A,0,0,0,0,0,0,Defender,0,a,0,0,0,0,0,0,#N/A,#N/A,#N/A,#N/A,0,0,0,0,0,0,a,0,0,0,0,0,0,#N/A,#N/A,#N/A,0,#N/A,0,0,0,0,0,0,0,0,2
510,Jair Cunha,a,0,0,0,0,0,0,0,#N/A,#N/A,#N/A,0,#N/A,#N/A,#N/A,0,0,0,0,0,0,Defender,0,a,0,0,0,0,0,0,#N/A,#N/A,#N/A,#N/A,0,0,0,0,0,0,a,0,0,0,0,0,0,#N/A,#N/A,#N/A,0,#N/A,0,0,0,0,0,0,0,0,1
511,Morato,a,0,0,0,0,0,0,0,#N/A,#N/A,#N/A,0,#N/A,#N/A,#N/A,0,0,0,0,0,0,Defender,0,a,0,0,0,0,0,0,#N/A,#N/A,#N/A,#N/A,0,0,0,0,0,0,a,0,0,0,0,0,0,#N/A,#N/A,#N/A,0,#N/A,0,0,0,0,0,0,0,0,4
512,O.Richards,u,0,0,0,0,0,0,0,#N/A,#N/A,#N/A,0,#N/A,#N/A,#N/A,0,0,0,0,0,0,Defender,0,a,0,0,0,0,0,0,#N/A,#N/A,#N/A,#N/A,0,0,0,0,0,0,a,0,0,0,0,0,0,#N/A,#N/A,#N/A,0,#N/A,0,0,0,0,0,0,0,0,0
513,Abbott,a,0,0,0,0,0,0,0,#N/A,#N/A,#N/A,0,#N/A,#N/A,#N/A,0,0,0,0,0,0,Defender,0,a,0,0,0,0,0,0,#N/A,#N/A,#N/A,#N/A,0,0,0,0,0,0,a,0,0,0,0,0,0,#N/A,#N/A,#N/A,0,#N/A,0,0,0,0,0,0,0,0,0
514,Boly,a,0,0,0,0,0,0,0,#N/A,#N/A,#N/A,0,#N/A,#N/A,#N/A,0,0,0,0,0,0,Defender,0,a,0,0,0,0,0,0,#N/A,#N/A,#N/A,#N/A,0,0,0,0,0,0,a,0,0,0,0,0,0,#N/A,#N/A,#N/A,0,#N/A,0,0,0,0,0,0,0,0,0
515,Gibbs-White,a,4,5,83,0,1,0,1,25-26-prem-nottingham-forest-vs-brentford,84,0,1,84,0,1,83,0,1,0,1,0,Midfielder,2,a,81,0,0,0,1,1,25-26-prem-crystal-palace-vs-nottingham-forest,82,0,0,164,0,0,1,0,2,a,90,0,0,0,3,6,25-26-prem-nottingham-forest-vs-west-ham-united,90,0,3,0,254,0,1,0,5,11,0,9,2
516,Hudson-Odoi,a,0,2,90,0,0,0,1,25-26-prem-nottingham-forest-vs-brentford,90,0,0,90,0,0,90,0,0,0,1,0,Midfielder,10,a,71,1,0,0,1,3,25-26-prem-crystal-palace-vs-nottingham-forest,72,1,0,161,1,1,0,0,2,a,88,0,0,0,2,3,25-26-prem-nottingham-forest-vs-west-ham-united,89,0,2,0,249,1,0,0,4,6,0,14,1
517,Anderson,a,11,6,90,0,1,0,1,25-26-prem-nottingham-forest-vs-brentford,90,0,1,90,0,1,90,0,1,0,1,0,Midfielder,2,a,90,0,0,0,1,11,25-26-prem-crystal-palace-vs-nottingham-forest,90,0,0,180,0,0,1,0,2,a,90,0,0,0,3,11,25-26-prem-nottingham-forest-vs-west-ham-united,90,0,3,0,270,0,1,0,5,33,0,10,0
518,Jota,u,3,1,11,0,0,0,0,25-26-prem-nottingham-forest-vs-brentford,11,0,0,11,0,0,11,0,0,0,0,0,Midfielder,0,a,0,0,0,0,0,0,#N/A,#N/A,#N/A,#N/A,11,0,0,0,0,0,a,0,0,0,0,0,0,#N/A,#N/A,#N/A,0,#N/A,11,0,0,0,0,3,0,1,0
519,Dominguez,a,0,0,0,0,0,0,0,#N/A,#N/A,#N/A,0,#N/A,#N/A,#N/A,0,0,0,0,0,0,Midfielder,0,i,0,0,0,0,0,0,#N/A,#N/A,#N/A,#N/A,0,0,0,0,0,0,i,0,0,0,0,0,0,#N/A,#N/A,#N/A,0,#N/A,0,0,0,0,0,0,0,0,1
520,O'Brien,u,0,0,0,0,0,0,0,#N/A,#N/A,#N/A,0,#N/A,#N/A,#N/A,0,0,0,0,0,0,Midfielder,0,u,0,0,0,0,0,0,#N/A,#N/A,#N/A,#N/A,0,0,0,0,0,0,u,0,0,0,0,0,0,#N/A,#N/A,#N/A,0,#N/A,0,0,0,0,0,0,0,0,0
521,Sangaré,a,10,2,90,0,0,0,1,25-26-prem-nottingham-forest-vs-brentford,90,0,0,90,0,0,90,0,0,0,1,0,Midfielder,2,a,87,0,0,0,1,8,25-26-prem-crystal-palace-vs-nottingham-forest,88,0,0,177,0,0,0,0,2,a,88,0,0,0,2,14,25-26-prem-nottingham-forest-vs-west-ham-united,89,0,2,0,265,0,0,0,4,32,0,8,0
522,Yates,i,5,1,6,0,0,0,0,25-26-prem-nottingham-forest-vs-brentford,6,0,0,6,0,0,6,0,0,0,0,0,Midfielder,1,a,2,0,0,0,0,1,25-26-prem-crystal-palace-vs-nottingham-forest,2,0,0,8,0,0,0,0,0,a,0,0,0,0,0,0,#N/A,#N/A,#N/A,0,#N/A,8,0,0,0,0,6,0,2,2
523,Da Silva Moreira,u,0,0,0,0,0,0,0,#N/A,#N/A,#N/A,0,#N/A,#N/A,#N/A,0,0,0,0,0,0,Midfielder,0,a,0,0,0,0,0,0,#N/A,#N/A,#N/A,#N/A,0,0,0,0,0,0,a,0,0,0,0,0,0,#N/A,#N/A,#N/A,0,#N/A,0,0,0,0,0,0,0,0,0
524,Stamenic,u,0,0,0,0,0,0,0,#N/A,#N/A,#N/A,0,#N/A,#N/A,#N/A,0,0,0,0,0,0,Midfielder,0,u,0,0,0,0,0,0,#N/A,#N/A,#N/A,#N/A,0,0,0,0,0,0,u,0,0,0,0,0,0,#N/A,#N/A,#N/A,0,#N/A,0,0,0,0,0,0,0,0,0
525,Wood,i,2,13,78,2,0,0,1,25-26-prem-nottingham-forest-vs-brentford,79,2,0,79,2,0,78,2,0,0,1,0,Forward,2,a,87,0,0,0,1,0,25-26-prem-crystal-palace-vs-nottingham-forest,88,0,0,165,2,2,0,0,2,a,72,0,0,1,0,1,25-26-prem-nottingham-forest-vs-west-ham-united,73,0,0,0,237,2,0,1,2,3,0,17,1
526,Igor Jesus,a,1,1,11,0,0,0,0,25-26-prem-nottingham-forest-vs-brentford,11,0,0,11,0,0,11,0,0,0,0,0,Forward,1,a,2,0,0,0,0,0,25-26-prem-crystal-palace-vs-nottingham-forest,2,0,0,13,0,0,0,0,0,a,17,0,0,0,3,2,25-26-prem-nottingham-forest-vs-west-ham-united,17,0,3,0,30,0,0,0,3,3,0,3,0
527,Awoniyi,d,0,0,0,0,0,0,0,#N/A,#N/A,#N/A,0,#N/A,#N/A,#N/A,0,0,0,0,0,0,Forward,0,a,0,0,0,0,0,0,#N/A,#N/A,#N/A,#N/A,0,0,0,0,0,0,a,0,0,0,0,0,0,#N/A,#N/A,#N/A,0,#N/A,0,0,0,0,0,0,0,0,0
669,Ndoye,a,3,9,78,1,0,0,1,25-26-prem-nottingham-forest-vs-brentford,79,1,0,79,1,0,78,1,0,0,1,0,Midfielder,7,a,70,0,1,0,1,5,25-26-prem-crystal-palace-vs-nottingham-forest,71,0,1,148,1,1,1,0,2,a,57,0,0,0,0,6,25-26-prem-nottingham-forest-vs-west-ham-united,58,0,0,0,205,1,1,0,2,14,0,17,0
675,Gunn,i,0,0,0,0,0,0,0,#N/A,#N/A,#N/A,0,#N/A,#N/A,#N/A,0,0,0,0,0,0,Goalkeeper,0,a,0,0,0,0,0,0,#N/A,#N/A,#N/A,#N/A,0,0,0,0,0,0,a,0,0,0,0,0,0,#N/A,#N/A,#N/A,0,#N/A,0,0,0,0,0,0,0,0,0
693,Hutchinson,a,0,0,0,0,0,0,0,#N/A,#N/A,#N/A,0,#N/A,#N/A,#N/A,0,0,0,0,0,0,Midfielder,1,a,8,0,0,0,0,0,25-26-prem-crystal-palace-vs-nottingham-forest,8,0,0,8,0,0,0,0,0,a,1,0,0,0,1,1,25-26-prem-nottingham-forest-vs-west-ham-united,1,0,1,0,9,0,0,0,1,1,0,2,1
696,Kalimuendo,a,0,0,0,0,0,0,0,#N/A,#N/A,#N/A,0,#N/A,#N/A,#N/A,0,0,0,0,0,0,Forward,1,a,19,0,0,0,0,2,25-26-prem-crystal-palace-vs-nottingham-forest,19,0,0,19,0,0,0,0,0,a,1,0,0,0,1,1,25-26-prem-nottingham-forest-vs-west-ham-united,1,0,1,0,20,0,0,0,1,3,0,2,0
699,Douglas Luiz,a,0,0,0,0,0,0,0,#N/A,#N/A,#N/A,0,#N/A,#N/A,#N/A,0,0,0,0,0,0,Midfielder,0,a,0,0,0,0,0,0,#N/A,#N/A,#N/A,#N/A,0,0,0,0,0,0,a,0,0,0,0,0,0,#N/A,#N/A,#N/A,0,#N/A,0,0,0,0,0,0,0,0,0
715,John,a,0,0,0,0,0,0,0,#N/A,#N/A,#N/A,0,#N/A,#N/A,#N/A,0,0,0,0,0,0,Goalkeeper,0,a,0,0,0,0,0,0,#N/A,#N/A,#N/A,#N/A,0,0,0,0,0,0,a,0,0,0,0,0,0,#N/A,#N/A,#N/A,0,#N/A,0,0,0,0,0,0,0,0,0
716,Savona,a,0,0,0,0,0,0,0,#N/A,#N/A,#N/A,0,#N/A,#N/A,#N/A,0,0,0,0,0,0,Defender,0,a,0,0,0,0,0,0,#N/A,#N/A,#N/A,#N/A,0,0,0,0,0,0,a,0,0,0,0,0,0,#N/A,#N/A,#N/A,0,#N/A,0,0,0,0,0,0,0,0,0
729,Cuiabano,u,0,0,0,0,0,0,0,#N/A,#N/A,#N/A,0,#N/A,#N/A,#N/A,0,0,0,0,0,0,Defender,0,u,0,0,0,0,0,0,#N/A,#N/A,#N/A,#N/A,0,0,0,0,0,0,u,0,0,0,0,0,0,#N/A,#N/A,#N/A,0,#N/A,0,0,0,0,0,0,0,0,6
734,Bakwa,a,0,0,0,0,0,0,0,#N/A,#N/A,#N/A,0,#N/A,#N/A,#N/A,0,0,0,0,0,0,Midfielder,0,i,0,0,0,0,0,0,#N/A,#N/A,#N/A,#N/A,0,0,0,0,0,0,i,0,0,0,0,0,0,#N/A,#N/A,#N/A,0,#N/A,0,0,0,0,0,0,0,0,0
528,Patterson,a,0,0,0,0,0,0,0,#N/A,#N/A,#N/A,0,#N/A,#N/A,#N/A,0,0,0,0,0,0,Goalkeeper,0,a,0,0,0,0,0,0,#N/A,#N/A,#N/A,#N/A,0,0,0,0,0,0,a,0,0,0,0,0,0,25-26-efl-cup-huddersfield-town-vs-sunderland,90,0,0,0,0,0,0,0,0,0,0,0,0
529,Moore,a,0,0,0,0,0,0,0,#N/A,#N/A,#N/A,0,#N/A,#N/A,#N/A,0,0,0,0,0,0,Goalkeeper,0,a,0,0,0,0,0,0,#N/A,#N/A,#N/A,#N/A,0,0,0,0,0,0,a,0,0,0,0,0,0,#N/A,#N/A,#N/A,0,#N/A,0,0,0,0,0,0,0,0,0
530,Nna Noukeu,a,0,0,0,0,0,0,0,#N/A,#N/A,#N/A,0,#N/A,#N/A,#N/A,0,0,0,0,0,0,Goalkeeper,0,a,0,0,0,0,0,0,#N/A,#N/A,#N/A,#N/A,0,0,0,0,0,0,a,0,0,0,0,0,0,#N/A,#N/A,#N/A,0,#N/A,0,0,0,0,0,0,0,0,0
531,Ballard,a,14,17,90,1,0,1,0,25-26-prem-sunderland-vs-west-ham-united,90,1,0,90,1,0,90,1,0,1,0,0,Defender,1,d,8,0,0,0,0,6,25-26-prem-burnley-vs-sunderland,9,0,0,98,1,1,0,1,0,i,0,0,0,0,0,0,#N/A,#N/A,#N/A,0,#N/A,98,1,0,1,0,20,0,18,0
532,Hume,a,6,6,90,0,0,1,0,25-26-prem-sunderland-vs-west-ham-united,90,0,0,90,0,0,90,0,0,1,0,0,Defender,1,a,90,0,0,0,2,9,25-26-prem-burnley-vs-sunderland,90,0,0,180,0,0,0,1,2,a,90,0,0,0,1,11,25-26-prem-sunderland-vs-brentford,90,0,1,0,270,0,0,1,3,26,0,9,0
533,Alese,i,0,0,0,0,0,0,0,#N/A,#N/A,#N/A,0,#N/A,#N/A,#N/A,0,0,0,0,0,0,Defender,0,i,0,0,0,0,0,0,#N/A,#N/A,#N/A,#N/A,0,0,0,0,0,0,i,0,0,0,0,0,0,#N/A,#N/A,#N/A,0,#N/A,0,0,0,0,0,0,0,0,0
534,Anderson,a,0,0,0,0,0,0,0,#N/A,#N/A,#N/A,0,#N/A,#N/A,#N/A,0,0,0,0,0,0,Defender,0,a,0,0,0,0,0,0,#N/A,#N/A,#N/A,#N/A,0,0,0,0,0,0,a,0,0,0,0,0,0,#N/A,#N/A,#N/A,0,#N/A,0,0,0,0,0,0,0,0,0
535,Cirkin,a,0,0,0,0,0,0,0,#N/A,#N/A,#N/A,0,#N/A,#N/A,#N/A,0,0,0,0,0,0,Defender,0,i,0,0,0,0,0,0,#N/A,#N/A,#N/A,#N/A,0,0,0,0,0,0,i,0,0,0,0,0,0,#N/A,#N/A,#N/A,0,#N/A,0,0,0,0,0,0,0,0,6
536,Hjelde,d,0,0,0,0,0,0,0,#N/A,#N/A,#N/A,0,#N/A,#N/A,#N/A,0,0,0,0,0,0,Defender,0,i,0,0,0,0,0,0,#N/A,#N/A,#N/A,#N/A,0,0,0,0,0,0,i,0,0,0,0,0,0,#N/A,#N/A,#N/A,0,#N/A,0,0,0,0,0,0,0,0,0
537,Huggins,u,0,0,0,0,0,0,0,#N/A,#N/A,#N/A,0,#N/A,#N/A,#N/A,0,0,0,0,0,0,Defender,0,a,0,0,0,0,0,0,#N/A,#N/A,#N/A,#N/A,0,0,0,0,0,0,a,0,0,0,0,0,0,25-26-efl-cup-huddersfield-town-vs-sunderland,45,0,0,0,0,0,0,0,0,0,0,0,3
538,Johnson,a,0,0,0,0,0,0,0,#N/A,#N/A,#N/A,0,#N/A,#N/A,#N/A,0,0,0,0,0,0,Defender,0,a,0,0,0,0,0,0,#N/A,#N/A,#N/A,#N/A,0,0,0,0,0,0,a,0,0,0,0,0,0,#N/A,#N/A,#N/A,0,#N/A,0,0,0,0,0,0,0,0,3
539,O'Nien,s,0,0,0,0,0,0,0,#N/A,#N/A,#N/A,0,#N/A,#N/A,#N/A,0,0,0,0,0,0,Defender,0,i,0,0,0,0,0,0,#N/A,#N/A,#N/A,#N/A,0,0,0,0,0,0,i,0,0,0,0,0,0,#N/A,#N/A,#N/A,0,#N/A,0,0,0,0,0,0,0,0,0
540,Pembele,a,0,0,0,0,0,0,0,#N/A,#N/A,#N/A,0,#N/A,#N/A,#N/A,0,0,0,0,0,0,Defender,0,a,0,0,0,0,0,0,#N/A,#N/A,#N/A,#N/A,0,0,0,0,0,0,a,0,0,0,0,0,0,#N/A,#N/A,#N/A,0,#N/A,0,0,0,0,0,0,0,0,0
541,Reinildo,a,8,6,90,0,0,1,0,25-26-prem-sunderland-vs-west-ham-united,90,0,0,90,0,0,90,0,0,1,0,0,Defender,3,a,90,0,0,0,2,18,25-26-prem-burnley-vs-sunderland,90,0,0,180,0,0,0,1,2,a,90,0,0,0,1,12,25-26-prem-sunderland-vs-brentford,90,0,1,0,270,0,0,1,3,38,0,10,0
542,Seelt,u,6,1,52,0,0,0,0,25-26-prem-sunderland-vs-west-ham-united,53,0,0,53,0,0,52,0,0,0,0,0,Defender,1,a,81,0,0,0,2,12,25-26-prem-burnley-vs-sunderland,81,0,0,133,0,0,0,0,2,a,0,0,0,0,0,0,25-26-efl-cup-huddersfield-town-vs-sunderland,11,0,0,0,133,0,0,0,2,18,0,2,0
543,Adingra,a,3,6,75,0,1,1,0,25-26-prem-sunderland-vs-west-ham-united,76,0,1,76,0,0,75,0,1,1,0,0,Midfielder,1,a,62,0,0,0,1,5,25-26-prem-burnley-vs-sunderland,63,0,0,137,0,0,1,1,1,a,25,0,0,0,1,2,25-26-prem-sunderland-vs-brentford,25,0,1,0,162,0,1,1,2,10,0,8,0
544,Diarra,i,6,3,90,0,0,1,0,25-26-prem-sunderland-vs-west-ham-united,90,0,0,90,0,0,90,0,0,1,0,0,Midfielder,2,a,79,0,0,0,1,3,25-26-prem-burnley-vs-sunderland,80,0,0,169,0,0,0,1,1,a,86,0,1,0,1,2,25-26-prem-sunderland-vs-brentford,87,0,1,0,255,0,1,1,2,11,0,9,0
545,Roberts,u,0,0,0,0,0,0,0,#N/A,#N/A,#N/A,0,#N/A,#N/A,#N/A,0,0,0,0,0,0,Midfielder,1,a,27,0,0,0,1,1,25-26-prem-burnley-vs-sunderland,27,0,0,27,0,0,0,0,1,a,0,0,0,0,0,0,25-26-efl-cup-huddersfield-town-vs-sunderland,90,0,0,0,27,0,0,0,1,1,0,1,1
546,Aleksić,u,0,0,0,0,0,0,0,#N/A,#N/A,#N/A,0,#N/A,#N/A,#N/A,0,0,0,0,0,0,Midfielder,0,a,0,0,0,0,0,0,#N/A,#N/A,#N/A,#N/A,0,0,0,0,0,0,a,0,0,0,0,0,0,25-26-efl-cup-huddersfield-town-vs-sunderland,12,0,0,1,0,0,0,0,0,0,0,0,3
547,E.Le Fée,a,4,1,14,0,0,0,0,25-26-prem-sunderland-vs-west-ham-united,14,0,0,14,0,0,14,0,0,0,0,0,Midfielder,1,a,27,0,0,0,1,8,25-26-prem-burnley-vs-sunderland,27,0,0,41,0,0,0,0,1,a,90,1,0,0,1,14,25-26-efl-cup-huddersfield-town-vs-sunderland,90,0,1,0,131,1,0,0,2,26,0,13,3
548,Mundle,a,0,0,0,0,0,0,0,#N/A,#N/A,#N/A,0,#N/A,#N/A,#N/A,0,0,0,0,0,0,Midfielder,0,i,0,0,0,0,0,0,#N/A,#N/A,#N/A,#N/A,0,0,0,0,0,0,i,0,0,0,0,0,0,#N/A,#N/A,#N/A,0,#N/A,0,0,0,0,0,0,0,0,0
549,Neil,a,0,0,0,0,0,0,0,#N/A,#N/A,#N/A,0,#N/A,#N/A,#N/A,0,0,0,0,0,0,Midfielder,0,a,0,0,0,0,0,0,#N/A,#N/A,#N/A,#N/A,0,0,0,0,0,0,a,0,0,0,0,0,0,#N/A,#N/A,#N/A,0,#N/A,0,0,0,0,0,0,0,0,0
550,Poveda,a,0,0,0,0,0,0,0,#N/A,#N/A,#N/A,0,#N/A,#N/A,#N/A,0,0,0,0,0,0,Midfielder,0,a,0,0,0,0,0,0,#N/A,#N/A,#N/A,#N/A,0,0,0,0,0,0,a,0,0,0,0,0,0,#N/A,#N/A,#N/A,0,#N/A,0,0,0,0,0,0,0,0,0
551,Rigg,a,0,1,1,0,0,0,0,25-26-prem-sunderland-vs-west-ham-united,1,0,0,1,0,0,1,0,0,0,0,0,Midfielder,0,a,0,0,0,0,0,0,#N/A,#N/A,#N/A,#N/A,1,0,0,0,0,0,a,0,0,0,0,0,0,25-26-efl-cup-huddersfield-town-vs-sunderland,90,0,0,0,1,0,0,0,0,0,0,1,0
552,Sadiki,a,9,3,90,0,0,1,0,25-26-prem-sunderland-vs-west-ham-united,90,0,0,90,0,0,90,0,0,1,0,0,Midfielder,2,a,90,0,0,0,2,4,25-26-prem-burnley-vs-sunderland,90,0,0,180,0,0,0,1,2,a,90,0,0,0,1,4,25-26-prem-sunderland-vs-brentford,90,0,1,0,270,0,0,1,3,17,0,7,0
553,Talbi,a,2,6,90,0,1,1,0,25-26-prem-sunderland-vs-west-ham-united,89,0,1,89,0,1,90,0,1,1,0,0,Midfielder,2,a,62,0,0,0,1,2,25-26-prem-burnley-vs-sunderland,63,0,0,152,0,0,1,1,1,a,64,0,0,1,0,6,25-26-prem-sunderland-vs-brentford,65,0,0,0,216,0,1,2,1,10,0,11,0
554,Ba,a,0,0,0,0,0,0,0,#N/A,#N/A,#N/A,0,#N/A,#N/A,#N/A,0,0,0,0,0,0,Midfielder,0,a,0,0,0,0,0,0,#N/A,#N/A,#N/A,#N/A,0,0,0,0,0,0,a,0,0,0,0,0,0,#N/A,#N/A,#N/A,0,#N/A,0,0,0,0,0,0,0,0,2
555,Browne,u,0,0,0,0,0,0,0,#N/A,#N/A,#N/A,0,#N/A,#N/A,#N/A,0,0,0,0,0,0,Midfielder,0,a,0,0,0,0,0,0,#N/A,#N/A,#N/A,#N/A,0,0,0,0,0,0,a,0,0,0,0,0,0,#N/A,#N/A,#N/A,0,#N/A,0,0,0,0,0,0,0,0,0
556,Ekwah,u,0,0,0,0,0,0,0,#N/A,#N/A,#N/A,0,#N/A,#N/A,#N/A,0,0,0,0,0,0,Midfielder,0,u,0,0,0,0,0,0,#N/A,#N/A,#N/A,#N/A,0,0,0,0,0,0,u,0,0,0,0,0,0,#N/A,#N/A,#N/A,0,#N/A,0,0,0,0,0,0,0,0,0
557,H.Jones,a,0,0,0,0,0,0,0,#N/A,#N/A,#N/A,0,#N/A,#N/A,#N/A,0,0,0,0,0,0,Midfielder,0,a,0,0,0,0,0,0,#N/A,#N/A,#N/A,#N/A,0,0,0,0,0,0,a,0,0,0,0,0,0,25-26-efl-cup-huddersfield-town-vs-sunderland,90,0,0,0,0,0,0,0,0,0,0,0,0
558,Matete,a,0,0,0,0,0,0,0,#N/A,#N/A,#N/A,0,#N/A,#N/A,#N/A,0,0,0,0,0,0,Midfielder,0,a,0,0,0,0,0,0,#N/A,#N/A,#N/A,#N/A,0,0,0,0,0,0,a,0,0,0,0,0,0,#N/A,#N/A,#N/A,0,#N/A,0,0,0,0,0,0,0,0,0
559,Triantis,u,0,0,0,0,0,0,0,#N/A,#N/A,#N/A,0,#N/A,#N/A,#N/A,0,0,0,0,0,0,Midfielder,0,a,0,0,0,0,0,0,#N/A,#N/A,#N/A,#N/A,0,0,0,0,0,0,a,0,0,0,0,0,0,#N/A,#N/A,#N/A,0,#N/A,0,0,0,0,0,0,0,0,5
560,Isidor,a,2,5,14,1,0,0,0,25-26-prem-sunderland-vs-west-ham-united,14,1,0,14,1,0,14,1,0,0,0,0,Forward,1,a,27,0,0,0,1,0,25-26-prem-burnley-vs-sunderland,27,0,0,41,1,1,0,0,1,a,25,1,0,0,1,2,25-26-prem-sunderland-vs-brentford,25,1,1,0,66,2,0,0,2,4,0,14,10
561,Mayenda,a,0,8,75,1,0,1,0,25-26-prem-sunderland-vs-west-ham-united,76,1,0,76,1,0,75,1,0,1,0,0,Forward,2,a,62,0,0,0,1,5,25-26-prem-burnley-vs-sunderland,63,0,0,137,1,1,0,1,1,a,64,0,0,1,0,0,25-26-prem-sunderland-vs-brentford,65,0,0,0,201,1,0,2,1,5,0,12,0
562,Abdullahi,a,0,0,0,0,0,0,0,#N/A,#N/A,#N/A,0,#N/A,#N/A,#N/A,0,0,0,0,0,0,Forward,0,a,0,0,0,0,0,0,#N/A,#N/A,#N/A,#N/A,0,0,0,0,0,0,a,0,0,0,0,0,0,#N/A,#N/A,#N/A,0,#N/A,0,0,0,0,0,0,0,0,9
563,Luís Hemir,u,0,0,0,0,0,0,0,#N/A,#N/A,#N/A,0,#N/A,#N/A,#N/A,0,0,0,0,0,0,Forward,0,a,0,0,0,0,0,0,#N/A,#N/A,#N/A,#N/A,0,0,0,0,0,0,a,0,0,0,0,0,0,#N/A,#N/A,#N/A,0,#N/A,0,0,0,0,0,0,0,0,10
564,Rusyn,u,0,0,0,0,0,0,0,#N/A,#N/A,#N/A,0,#N/A,#N/A,#N/A,0,0,0,0,0,0,Forward,0,a,0,0,0,0,0,0,#N/A,#N/A,#N/A,#N/A,0,0,0,0,0,0,a,0,0,0,0,0,0,#N/A,#N/A,#N/A,0,#N/A,0,0,0,0,0,0,0,0,1
668,Xhaka,a,6,3,90,0,0,1,0,25-26-prem-sunderland-vs-west-ham-united,90,0,0,90,0,0,90,0,0,1,0,0,Midfielder,4,a,90,0,0,0,2,13,25-26-prem-burnley-vs-sunderland,90,0,0,180,0,0,0,1,2,a,90,0,1,0,1,11,25-26-prem-sunderland-vs-brentford,90,0,1,1,270,0,1,1,3,30,0,11,1
670,Roefs,a,0,8,90,0,0,1,0,25-26-prem-sunderland-vs-west-ham-united,90,0,0,90,0,0,90,0,0,1,0,4,Goalkeeper,1,a,90,0,0,0,2,22,25-26-prem-burnley-vs-sunderland,90,0,0,180,0,0,0,1,2,a,90,0,0,0,1,9,25-26-prem-sunderland-vs-brentford,90,0,1,0,270,0,0,1,3,31,7,17,0
678,Masuaku,a,0,0,0,0,0,0,0,#N/A,#N/A,#N/A,0,#N/A,#N/A,#N/A,0,0,0,0,0,0,Defender,0,a,0,0,0,0,0,0,#N/A,#N/A,#N/A,#N/A,0,0,0,0,0,0,a,0,0,0,0,0,0,#N/A,#N/A,#N/A,0,#N/A,0,0,0,0,0,0,0,0,8
683,Alderete,a,5,4,37,0,1,0,0,25-26-prem-sunderland-vs-west-ham-united,37,0,1,37,0,1,37,0,1,0,0,0,Defender,1,a,90,0,0,0,2,16,25-26-prem-burnley-vs-sunderland,90,0,0,127,0,0,1,0,2,a,90,0,0,0,1,15,25-26-prem-sunderland-vs-brentford,90,0,1,0,217,0,1,0,3,36,0,9,0
694,Mukiele,a,0,0,0,0,0,0,0,#N/A,#N/A,#N/A,0,#N/A,#N/A,#N/A,0,0,0,0,0,0,Defender,0,a,0,0,0,0,0,0,#N/A,#N/A,#N/A,#N/A,0,0,0,0,0,0,a,90,0,0,0,1,15,25-26-prem-sunderland-vs-brentford,90,0,1,0,90,0,0,0,1,15,0,4,0
724,Geertruida,a,0,0,0,0,0,0,0,#N/A,#N/A,#N/A,0,#N/A,#N/A,#N/A,0,0,0,0,0,0,Defender,0,a,0,0,0,0,0,0,#N/A,#N/A,#N/A,#N/A,0,0,0,0,0,0,a,0,0,0,0,0,0,#N/A,#N/A,#N/A,0,#N/A,0,0,0,0,0,0,0,0,6
730,Brobbey,a,0,0,0,0,0,0,0,#N/A,#N/A,#N/A,0,#N/A,#N/A,#N/A,0,0,0,0,0,0,Forward,0,a,0,0,0,0,0,0,#N/A,#N/A,#N/A,#N/A,0,0,0,0,0,0,a,0,0,0,0,0,0,#N/A,#N/A,#N/A,0,#N/A,0,0,0,0,0,0,0,0,12
735,Traoré,a,0,0,0,0,0,0,0,#N/A,#N/A,#N/A,0,#N/A,#N/A,#N/A,0,0,0,0,0,0,Midfielder,0,a,0,0,0,0,0,0,#N/A,#N/A,#N/A,#N/A,0,0,0,0,0,0,a,0,0,0,0,0,0,#N/A,#N/A,#N/A,0,#N/A,0,0,0,0,0,0,0,0,1
565,Vicario,a,0,9,90,0,0,1,0,25-26-prem-tottenham-hotspur-vs-burnley,90,0,0,90,0,0,90,0,0,1,0,4,Goalkeeper,9,a,90,0,0,1,0,15,25-26-prem-manchester-city-vs-tottenham-hotspur,90,0,0,180,0,0,0,2,0,a,90,0,0,0,1,13,25-26-prem-tottenham-hotspur-vs-afc-bournemouth,90,0,1,0,270,0,0,2,1,28,13,21,0
566,Austin,a,0,0,0,0,0,0,0,#N/A,#N/A,#N/A,0,#N/A,#N/A,#N/A,0,0,0,0,0,0,Goalkeeper,0,a,0,0,0,0,0,0,#N/A,#N/A,#N/A,#N/A,0,0,0,0,0,0,a,0,0,0,0,0,0,#N/A,#N/A,#N/A,0,#N/A,0,0,0,0,0,0,0,0,0
567,Kinsky,a,0,0,0,0,0,0,0,#N/A,#N/A,#N/A,0,#N/A,#N/A,#N/A,0,0,0,0,0,0,Goalkeeper,0,a,0,0,0,0,0,0,#N/A,#N/A,#N/A,#N/A,0,0,0,0,0,0,a,0,0,0,0,0,0,#N/A,#N/A,#N/A,0,#N/A,0,0,0,0,0,0,0,0,5
568,Pedro Porro,a,4,6,90,0,0,1,0,25-26-prem-tottenham-hotspur-vs-burnley,90,0,0,90,0,0,90,0,0,1,0,0,Defender,5,a,90,0,0,1,0,14,25-26-prem-manchester-city-vs-tottenham-hotspur,90,0,0,180,0,0,0,2,0,a,70,0,0,0,1,15,25-26-prem-tottenham-hotspur-vs-afc-bournemouth,71,0,1,0,250,0,0,2,1,33,0,15,1
569,Romero,a,5,6,90,0,0,1,0,25-26-prem-tottenham-hotspur-vs-burnley,90,0,0,90,0,0,90,0,0,1,0,0,Defender,7,a,90,0,0,1,0,19,25-26-prem-manchester-city-vs-tottenham-hotspur,90,0,0,180,0,0,0,2,0,a,90,0,0,0,1,12,25-26-prem-tottenham-hotspur-vs-afc-bournemouth,90,0,1,0,270,0,0,2,1,36,0,15,14
570,Danso,a,0,0,0,0,0,0,0,#N/A,#N/A,#N/A,0,#N/A,#N/A,#N/A,0,0,0,0,0,0,Defender,1,a,1,0,0,0,0,2,25-26-prem-manchester-city-vs-tottenham-hotspur,1,0,0,1,0,0,0,0,0,a,0,0,0,0,0,0,#N/A,#N/A,#N/A,0,#N/A,1,0,0,0,0,2,0,1,0
571,Davies,a,0,0,0,0,0,0,0,#N/A,#N/A,#N/A,0,#N/A,#N/A,#N/A,0,0,0,0,0,0,Defender,0,a,0,0,0,0,0,0,#N/A,#N/A,#N/A,#N/A,0,0,0,0,0,0,a,0,0,0,0,0,0,#N/A,#N/A,#N/A,0,#N/A,0,0,0,0,0,0,0,0,0
572,Dragusin,d,0,0,0,0,0,0,0,#N/A,#N/A,#N/A,0,#N/A,#N/A,#N/A,0,0,0,0,0,0,Defender,0,i,0,0,0,0,0,0,#N/A,#N/A,#N/A,#N/A,0,0,0,0,0,0,i,0,0,0,0,0,0,#N/A,#N/A,#N/A,0,#N/A,0,0,0,0,0,0,0,0,0
573,Spence,a,3,6,90,0,0,1,0,25-26-prem-tottenham-hotspur-vs-burnley,90,0,0,90,0,0,90,0,0,1,0,0,Defender,6,a,90,0,0,1,0,12,25-26-prem-manchester-city-vs-tottenham-hotspur,90,0,0,180,0,0,0,2,0,a,90,0,0,0,1,9,25-26-prem-tottenham-hotspur-vs-afc-bournemouth,90,0,1,0,270,0,0,2,1,24,0,13,0
574,Udogie,i,0,0,0,0,0,0,0,#N/A,#N/A,#N/A,0,#N/A,#N/A,#N/A,0,0,0,0,0,0,Defender,0,i,0,0,0,0,0,0,#N/A,#N/A,#N/A,#N/A,0,0,0,0,0,0,a,19,0,0,0,0,2,25-26-prem-tottenham-hotspur-vs-afc-bournemouth,19,0,0,0,19,0,0,0,0,2,0,1,1
575,Van de Ven,a,6,6,90,0,0,1,0,25-26-prem-tottenham-hotspur-vs-burnley,90,0,0,90,0,0,90,0,0,1,0,0,Defender,6,a,90,0,0,1,0,11,25-26-prem-manchester-city-vs-tottenham-hotspur,90,0,0,180,0,0,0,2,0,a,90,0,0,0,1,15,25-26-prem-tottenham-hotspur-vs-afc-bournemouth,90,0,1,0,270,0,0,2,1,32,0,13,0
576,Phillips,u,0,0,0,0,0,0,0,#N/A,#N/A,#N/A,0,#N/A,#N/A,#N/A,0,0,0,0,0,0,Defender,0,u,0,0,0,0,0,0,#N/A,#N/A,#N/A,#N/A,0,0,0,0,0,0,u,0,0,0,0,0,0,#N/A,#N/A,#N/A,0,#N/A,0,0,0,0,0,0,0,0,3
577,Takai,d,0,0,0,0,0,0,0,#N/A,#N/A,#N/A,0,#N/A,#N/A,#N/A,0,0,0,0,0,0,Defender,0,i,0,0,0,0,0,0,#N/A,#N/A,#N/A,#N/A,0,0,0,0,0,0,d,0,0,0,0,0,0,#N/A,#N/A,#N/A,0,#N/A,0,0,0,0,0,0,0,0,0
578,Vuskovic,u,0,0,0,0,0,0,0,#N/A,#N/A,#N/A,0,#N/A,#N/A,#N/A,0,0,0,0,0,0,Defender,0,a,0,0,0,0,0,0,#N/A,#N/A,#N/A,#N/A,0,0,0,0,0,0,a,0,0,0,0,0,0,#N/A,#N/A,#N/A,0,#N/A,0,0,0,0,0,0,0,0,3
579,Son,u,0,0,0,0,0,0,0,#N/A,#N/A,#N/A,0,#N/A,#N/A,#N/A,0,0,0,0,0,0,Midfielder,0,u,0,0,0,0,0,0,#N/A,#N/A,#N/A,#N/A,0,0,0,0,0,0,u,0,0,0,0,0,0,#N/A,#N/A,#N/A,0,#N/A,0,0,0,0,0,0,0,0,0
580,Johnson,a,3,8,79,1,0,1,0,25-26-prem-tottenham-hotspur-vs-burnley,80,1,0,80,1,0,79,1,0,1,0,0,Midfielder,9,a,77,1,0,1,0,6,25-26-prem-manchester-city-vs-tottenham-hotspur,78,1,0,156,2,2,0,2,0,a,53,0,0,0,1,4,25-26-prem-tottenham-hotspur-vs-afc-bournemouth,54,0,1,0,209,2,0,2,1,13,0,18,11
581,Maddison,i,0,0,0,0,0,0,0,#N/A,#N/A,#N/A,0,#N/A,#N/A,#N/A,0,0,0,0,0,0,Midfielder,0,i,0,0,0,0,0,0,#N/A,#N/A,#N/A,#N/A,0,0,0,0,0,0,i,0,0,0,0,0,0,#N/A,#N/A,#N/A,0,#N/A,0,0,0,0,0,0,0,0,0
582,Kudus,a,4,10,84,0,2,1,0,25-26-prem-tottenham-hotspur-vs-burnley,85,0,2,85,0,2,84,0,2,1,0,0,Midfielder,3,a,85,0,0,1,0,9,25-26-prem-manchester-city-vs-tottenham-hotspur,86,0,0,169,0,0,2,2,0,a,90,0,0,0,1,6,25-26-prem-tottenham-hotspur-vs-afc-bournemouth,90,0,1,0,259,0,2,2,1,19,0,15,1
583,Kulusevski,i,0,0,0,0,0,0,0,#N/A,#N/A,#N/A,0,#N/A,#N/A,#N/A,0,0,0,0,0,0,Midfielder,0,i,0,0,0,0,0,0,#N/A,#N/A,#N/A,#N/A,0,0,0,0,0,0,i,0,0,0,0,0,0,#N/A,#N/A,#N/A,0,#N/A,0,0,0,0,0,0,0,0,0
584,Tel,a,0,1,5,0,0,0,0,25-26-prem-tottenham-hotspur-vs-burnley,5,0,0,5,0,0,5,0,0,0,0,0,Midfielder,0,a,0,0,0,0,0,0,#N/A,#N/A,#N/A,#N/A,5,0,0,0,0,0,a,14,0,0,0,0,5,25-26-prem-tottenham-hotspur-vs-afc-bournemouth,14,0,0,0,19,0,0,0,0,5,0,2,0
585,Bentancur,a,3,1,19,0,0,0,0,25-26-prem-tottenham-hotspur-vs-burnley,19,0,0,19,0,0,19,0,0,0,0,0,Midfielder,3,a,90,0,0,1,0,11,25-26-prem-manchester-city-vs-tottenham-hotspur,90,0,0,109,0,0,0,1,0,a,90,0,0,0,1,10,25-26-prem-tottenham-hotspur-vs-afc-bournemouth,90,0,1,0,199,0,0,1,1,24,0,6,0
586,Bergvall,a,4,3,79,0,0,1,0,25-26-prem-tottenham-hotspur-vs-burnley,80,0,0,80,0,0,79,0,0,1,0,0,Midfielder,1,a,4,0,0,0,0,3,25-26-prem-manchester-city-vs-tottenham-hotspur,4,0,0,83,0,0,0,1,0,a,36,0,0,0,0,2,25-26-prem-tottenham-hotspur-vs-afc-bournemouth,36,0,0,0,119,0,0,1,0,9,0,5,0
587,Bissouma,i,0,0,0,0,0,0,0,#N/A,#N/A,#N/A,0,#N/A,#N/A,#N/A,0,0,0,0,0,0,Midfielder,0,i,0,0,0,0,0,0,#N/A,#N/A,#N/A,#N/A,0,0,0,0,0,0,i,0,0,0,0,0,0,#N/A,#N/A,#N/A,0,#N/A,0,0,0,0,0,0,0,0,8
588,Odobert,a,1,1,10,0,0,0,0,25-26-prem-tottenham-hotspur-vs-burnley,10,0,0,10,0,0,10,0,0,0,0,0,Midfielder,1,a,12,0,0,0,0,2,25-26-prem-manchester-city-vs-tottenham-hotspur,12,0,0,22,0,0,0,0,0,a,36,0,0,0,0,2,25-26-prem-tottenham-hotspur-vs-afc-bournemouth,36,0,0,0,58,0,0,0,0,5,0,3,0
589,Solomon,u,0,0,0,0,0,0,0,#N/A,#N/A,#N/A,0,#N/A,#N/A,#N/A,0,0,0,0,0,0,Midfielder,0,d,0,0,0,0,0,0,#N/A,#N/A,#N/A,#N/A,0,0,0,0,0,0,a,0,0,0,0,0,0,#N/A,#N/A,#N/A,0,#N/A,0,0,0,0,0,0,0,0,0
590,Bryan,u,0,0,0,0,0,0,0,#N/A,#N/A,#N/A,0,#N/A,#N/A,#N/A,0,0,0,0,0,0,Midfielder,0,a,0,0,0,0,0,0,#N/A,#N/A,#N/A,#N/A,0,0,0,0,0,0,a,0,0,0,0,0,0,#N/A,#N/A,#N/A,0,#N/A,0,0,0,0,0,0,0,0,0
591,Gray,a,8,3,70,0,0,1,0,25-26-prem-tottenham-hotspur-vs-burnley,71,0,0,71,0,0,70,0,0,1,0,0,Midfielder,0,a,0,0,0,0,0,0,#N/A,#N/A,#N/A,#N/A,70,0,0,0,1,0,a,0,0,0,0,0,0,#N/A,#N/A,#N/A,0,#N/A,70,0,0,1,0,8,0,3,1
592,Moore,u,0,0,0,0,0,0,0,#N/A,#N/A,#N/A,0,#N/A,#N/A,#N/A,0,0,0,0,0,0,Midfielder,0,u,0,0,0,0,0,0,#N/A,#N/A,#N/A,#N/A,0,0,0,0,0,0,u,0,0,0,0,0,0,#N/A,#N/A,#N/A,0,#N/A,0,0,0,0,0,0,0,0,0
593,P.M.Sarr,a,10,6,90,0,1,1,0,25-26-prem-tottenham-hotspur-vs-burnley,90,0,1,90,0,1,90,0,1,1,0,0,Midfielder,3,a,90,0,0,1,0,9,25-26-prem-manchester-city-vs-tottenham-hotspur,90,0,0,180,0,0,1,2,0,a,75,0,0,0,1,6,25-26-prem-tottenham-hotspur-vs-afc-bournemouth,76,0,1,0,255,0,1,2,1,25,0,11,0
594,Min-hyeok,u,0,0,0,0,0,0,0,#N/A,#N/A,#N/A,0,#N/A,#N/A,#N/A,0,0,0,0,0,0,Midfielder,0,u,0,0,0,0,0,0,#N/A,#N/A,#N/A,#N/A,0,0,0,0,0,0,u,0,0,0,0,0,0,#N/A,#N/A,#N/A,0,#N/A,0,0,0,0,0,0,0,0,3
595,Olusesi,a,0,0,0,0,0,0,0,#N/A,#N/A,#N/A,0,#N/A,#N/A,#N/A,0,0,0,0,0,0,Midfielder,0,a,0,0,0,0,0,0,#N/A,#N/A,#N/A,#N/A,0,0,0,0,0,0,a,0,0,0,0,0,0,#N/A,#N/A,#N/A,0,#N/A,0,0,0,0,0,0,0,0,6
596,Solanke,i,2,1,19,0,0,0,0,25-26-prem-tottenham-hotspur-vs-burnley,19,0,0,19,0,0,19,0,0,0,0,0,Forward,1,a,12,0,0,0,0,1,25-26-prem-manchester-city-vs-tottenham-hotspur,12,0,0,31,0,0,0,0,0,a,0,0,0,0,0,0,#N/A,#N/A,#N/A,0,#N/A,31,0,0,0,0,3,0,2,0
597,Richarlison,a,5,13,71,2,0,1,0,25-26-prem-tottenham-hotspur-vs-burnley,71,2,0,71,2,0,71,2,0,1,0,0,Forward,4,a,77,0,1,1,0,8,25-26-prem-manchester-city-vs-tottenham-hotspur,78,0,1,148,2,2,1,2,0,a,90,0,0,0,1,4,25-26-prem-tottenham-hotspur-vs-afc-bournemouth,90,0,1,0,238,2,1,2,1,17,0,19,0
598,Lankshear,u,0,0,0,0,0,0,0,#N/A,#N/A,#N/A,0,#N/A,#N/A,#N/A,0,0,0,0,0,0,Forward,0,u,0,0,0,0,0,0,#N/A,#N/A,#N/A,#N/A,0,0,0,0,0,0,u,0,0,0,0,0,0,#N/A,#N/A,#N/A,0,#N/A,0,0,0,0,0,0,0,0,0
599,Scarlett,a,0,0,0,0,0,0,0,#N/A,#N/A,#N/A,0,#N/A,#N/A,#N/A,0,0,0,0,0,0,Forward,0,a,0,0,0,0,0,0,#N/A,#N/A,#N/A,#N/A,0,0,0,0,0,0,a,0,0,0,0,0,0,#N/A,#N/A,#N/A,0,#N/A,0,0,0,0,0,0,0,0,0
673,J.Palhinha,a,0,1,10,0,0,0,0,25-26-prem-tottenham-hotspur-vs-burnley,10,0,0,10,0,0,10,0,0,0,0,0,Midfielder,11,a,90,1,0,1,0,9,25-26-prem-manchester-city-vs-tottenham-hotspur,89,1,0,100,1,1,0,1,0,a,53,0,0,0,1,6,25-26-prem-tottenham-hotspur-vs-afc-bournemouth,54,0,1,0,153,1,0,1,1,15,0,13,0
717,Xavi,a,0,0,0,0,0,0,0,#N/A,#N/A,#N/A,0,#N/A,#N/A,#N/A,0,0,0,0,0,0,Midfielder,0,a,0,0,0,0,0,0,#N/A,#N/A,#N/A,#N/A,0,0,0,0,0,0,a,0,0,0,0,0,0,#N/A,#N/A,#N/A,0,#N/A,0,0,0,0,0,0,0,0,0
726,Kolo Muani,a,0,0,0,0,0,0,0,#N/A,#N/A,#N/A,0,#N/A,#N/A,#N/A,0,0,0,0,0,0,Forward,0,d,0,0,0,0,0,0,#N/A,#N/A,#N/A,#N/A,0,0,0,0,0,0,d,0,0,0,0,0,0,#N/A,#N/A,#N/A,0,#N/A,0,0,0,0,0,0,0,0,0
745,Byfield,a,0,0,0,0,0,0,0,#N/A,#N/A,#N/A,0,#N/A,#N/A,#N/A,0,0,0,0,0,0,Defender,0,a,0,0,0,0,0,0,#N/A,#N/A,#N/A,#N/A,0,0,0,0,0,0,a,0,0,0,0,0,0,#N/A,#N/A,#N/A,0,#N/A,0,0,0,0,0,0,0,0,0
750,Rowswell,a,0,0,0,0,0,0,0,#N/A,#N/A,#N/A,0,#N/A,#N/A,#N/A,0,0,0,0,0,0,Defender,0,a,0,0,0,0,0,0,#N/A,#N/A,#N/A,#N/A,0,0,0,0,0,0,a,0,0,0,0,0,0,#N/A,#N/A,#N/A,0,#N/A,0,0,0,0,0,0,0,0,1
751,Akhamrich,a,0,0,0,0,0,0,0,#N/A,#N/A,#N/A,0,#N/A,#N/A,#N/A,0,0,0,0,0,0,Midfielder,0,a,0,0,0,0,0,0,#N/A,#N/A,#N/A,#N/A,0,0,0,0,0,0,a,0,0,0,0,0,0,#N/A,#N/A,#N/A,0,#N/A,0,0,0,0,0,0,0,0,0
149,Igor,a,0,0,0,0,0,0,0,#N/A,#N/A,#N/A,0,#N/A,#N/A,#N/A,0,0,0,0,0,0,Defender,0,a,0,0,0,0,0,0,#N/A,#N/A,#N/A,#N/A,0,0,0,0,0,0,a,0,0,0,0,0,0,#N/A,#N/A,#N/A,0,#N/A,0,0,0,0,0,0,0,0,1
600,Areola,a,0,0,0,0,0,0,0,#N/A,#N/A,#N/A,0,#N/A,#N/A,#N/A,0,0,0,0,0,0,Goalkeeper,0,a,0,0,0,0,0,0,#N/A,#N/A,#N/A,#N/A,0,0,0,0,0,0,a,0,0,0,0,0,0,25-26-efl-cup-west-ham-united-vs-wolverhampton-wanderers,90,0,0,0,0,0,0,0,0,0,0,0,3
601,Foderingham,u,0,0,0,0,0,0,0,#N/A,#N/A,#N/A,0,#N/A,#N/A,#N/A,0,0,0,0,0,0,Goalkeeper,0,a,0,0,0,0,0,0,#N/A,#N/A,#N/A,#N/A,0,0,0,0,0,0,a,0,0,0,0,0,0,#N/A,#N/A,#N/A,0,#N/A,0,0,0,0,0,0,0,0,0
602,Hegyi,a,0,0,0,0,0,0,0,#N/A,#N/A,#N/A,0,#N/A,#N/A,#N/A,0,0,0,0,0,0,Goalkeeper,0,a,0,0,0,0,0,0,#N/A,#N/A,#N/A,#N/A,0,0,0,0,0,0,a,0,0,0,0,0,0,#N/A,#N/A,#N/A,0,#N/A,0,0,0,0,0,0,0,0,0
603,Diouf,a,3,1,90,0,0,0,3,25-26-prem-sunderland-vs-west-ham-united,90,0,0,90,0,0,90,0,0,0,3,0,Defender,3,a,90,0,1,0,5,12,25-26-prem-west-ham-united-vs-chelsea,90,0,1,180,0,0,1,0,8,a,90,0,1,1,0,9,25-26-prem-nottingham-forest-vs-west-ham-united,90,0,0,1,270,0,2,1,8,24,0,14,0
604,Emerson,u,0,0,0,0,0,0,0,#N/A,#N/A,#N/A,0,#N/A,#N/A,#N/A,0,0,0,0,0,0,Defender,0,a,0,0,0,0,0,0,#N/A,#N/A,#N/A,#N/A,0,0,0,0,0,0,a,0,0,0,0,0,0,#N/A,#N/A,#N/A,0,#N/A,0,0,0,0,0,0,0,0,0
605,Kilman,a,9,0,90,0,0,0,3,25-26-prem-sunderland-vs-west-ham-united,90,0,0,90,0,0,90,0,0,0,3,0,Defender,0,a,90,0,0,0,5,8,25-26-prem-west-ham-united-vs-chelsea,90,0,0,180,0,0,0,0,8,a,90,0,0,1,0,11,25-26-prem-nottingham-forest-vs-west-ham-united,90,0,0,0,270,0,0,1,8,28,0,6,0
606,Mavropanos,a,0,0,0,0,0,0,0,#N/A,#N/A,#N/A,0,#N/A,#N/A,#N/A,0,0,0,0,0,0,Defender,0,a,0,0,0,0,0,0,#N/A,#N/A,#N/A,#N/A,0,0,0,0,0,0,a,90,0,0,1,0,7,25-26-prem-nottingham-forest-vs-west-ham-united,90,0,0,0,90,0,0,1,0,7,0,6,2
607,N.Aguerd,u,2,1,90,0,0,0,3,25-26-prem-sunderland-vs-west-ham-united,90,0,0,90,0,0,90,0,0,0,3,0,Defender,2,a,90,0,0,0,5,21,25-26-prem-west-ham-united-vs-chelsea,90,0,0,180,0,0,0,0,8,a,0,0,0,0,0,0,25-26-efl-cup-west-ham-united-vs-wolverhampton-wanderers,70,0,0,0,180,0,0,0,8,23,0,3,4
608,Scarles,a,0,0,0,0,0,0,0,#N/A,#N/A,#N/A,0,#N/A,#N/A,#N/A,0,0,0,0,0,0,Defender,0,a,0,0,0,0,0,0,#N/A,#N/A,#N/A,#N/A,0,0,0,0,0,0,a,0,0,0,0,0,0,#N/A,#N/A,#N/A,0,#N/A,0,0,0,0,0,0,0,0,2
609,Todibo,a,8,1,81,0,0,0,2,25-26-prem-sunderland-vs-west-ham-united,82,0,0,82,0,0,81,0,0,0,2,0,Defender,0,a,45,0,0,0,3,5,25-26-prem-west-ham-united-vs-chelsea,45,0,0,126,0,0,0,0,5,a,0,0,0,0,0,0,25-26-efl-cup-west-ham-united-vs-wolverhampton-wanderers,86,0,0,0,126,0,0,0,5,13,0,1,2
610,Wan-Bissaka,a,3,1,90,0,0,0,3,25-26-prem-sunderland-vs-west-ham-united,90,0,0,90,0,0,90,0,0,0,3,0,Defender,0,a,90,0,0,0,5,13,25-26-prem-west-ham-united-vs-chelsea,90,0,0,180,0,0,0,0,8,a,0,0,0,0,0,0,#N/A,#N/A,#N/A,0,#N/A,180,0,0,0,8,16,0,1,0
611,Casey,u,0,0,0,0,0,0,0,#N/A,#N/A,#N/A,0,#N/A,#N/A,#N/A,0,0,0,0,0,0,Defender,0,u,0,0,0,0,0,0,#N/A,#N/A,#N/A,#N/A,0,0,0,0,0,0,u,0,0,0,0,0,0,#N/A,#N/A,#N/A,0,#N/A,0,0,0,0,0,0,0,0,0
612,L.Paquetá,a,6,2,90,0,0,0,3,25-26-prem-sunderland-vs-west-ham-united,90,0,0,90,0,0,90,0,0,0,3,0,Midfielder,9,a,90,1,0,0,5,11,25-26-prem-west-ham-united-vs-chelsea,90,1,0,180,1,1,0,0,8,a,90,1,0,1,0,15,25-26-prem-nottingham-forest-vs-west-ham-united,90,1,0,0,270,2,0,1,8,32,0,21,0
613,Souček,a,1,1,19,0,0,0,2,25-26-prem-sunderland-vs-west-ham-united,19,0,0,19,0,0,19,0,0,0,2,0,Midfielder,2,a,69,0,0,0,5,6,25-26-prem-west-ham-united-vs-chelsea,70,0,0,88,0,0,0,0,7,a,90,0,0,1,0,9,25-26-prem-nottingham-forest-vs-west-ham-united,90,0,0,0,178,0,0,1,7,16,0,6,1
614,Ward-Prowse,a,3,2,70,0,0,0,1,25-26-prem-sunderland-vs-west-ham-united,71,0,0,71,0,0,70,0,0,0,1,0,Midfielder,2,a,90,0,0,0,5,6,25-26-prem-west-ham-united-vs-chelsea,90,0,0,160,0,0,0,0,6,a,74,0,0,1,0,6,25-26-prem-nottingham-forest-vs-west-ham-united,75,0,0,0,234,0,0,1,6,15,0,7,0
615,Summerville,a,0,0,0,0,0,0,0,#N/A,#N/A,#N/A,0,#N/A,#N/A,#N/A,0,0,0,0,0,0,Midfielder,0,i,0,0,0,0,0,0,#N/A,#N/A,#N/A,#N/A,0,0,0,0,0,0,i,8,0,2,0,0,4,25-26-prem-nottingham-forest-vs-west-ham-united,8,0,0,1,8,0,2,0,0,4,0,7,1
616,Álvarez,u,0,0,0,0,0,0,0,#N/A,#N/A,#N/A,0,#N/A,#N/A,#N/A,0,0,0,0,0,0,Midfielder,0,a,0,0,0,0,0,0,#N/A,#N/A,#N/A,#N/A,0,0,0,0,0,0,u,0,0,0,0,0,0,#N/A,#N/A,#N/A,0,#N/A,0,0,0,0,0,0,0,0,0
617,Cornet,u,0,0,0,0,0,0,0,#N/A,#N/A,#N/A,0,#N/A,#N/A,#N/A,0,0,0,0,0,0,Midfielder,0,a,0,0,0,0,0,0,#N/A,#N/A,#N/A,#N/A,0,0,0,0,0,0,a,0,0,0,0,0,0,#N/A,#N/A,#N/A,0,#N/A,0,0,0,0,0,0,0,0,0
618,G.Rodriguez,a,4,2,70,0,0,0,1,25-26-prem-sunderland-vs-west-ham-united,71,0,0,71,0,0,70,0,0,0,1,0,Midfielder,0,a,0,0,0,0,0,0,#N/A,#N/A,#N/A,#N/A,70,0,0,0,0,1,a,0,0,0,0,0,0,25-26-efl-cup-west-ham-united-vs-wolverhampton-wanderers,86,0,0,0,70,0,0,0,1,4,0,2,2
619,L.Guilherme,a,0,0,0,0,0,0,0,#N/A,#N/A,#N/A,0,#N/A,#N/A,#N/A,0,0,0,0,0,0,Midfielder,0,i,0,0,0,0,0,0,#N/A,#N/A,#N/A,#N/A,0,0,0,0,0,0,i,0,0,0,0,0,0,#N/A,#N/A,#N/A,0,#N/A,0,0,0,0,0,0,0,0,0
620,Earthy,a,0,0,0,0,0,0,0,#N/A,#N/A,#N/A,0,#N/A,#N/A,#N/A,0,0,0,0,0,0,Midfielder,0,a,0,0,0,0,0,0,#N/A,#N/A,#N/A,#N/A,0,0,0,0,0,0,a,0,0,0,0,0,0,#N/A,#N/A,#N/A,0,#N/A,0,0,0,0,0,0,0,0,0
621,Irving,a,2,1,8,0,0,0,1,25-26-prem-sunderland-vs-west-ham-united,8,0,0,8,0,0,8,0,0,0,1,0,Midfielder,0,a,0,0,0,0,0,0,#N/A,#N/A,#N/A,#N/A,8,0,0,0,0,1,a,15,0,0,0,0,3,25-26-prem-nottingham-forest-vs-west-ham-united,15,0,0,0,23,0,0,0,1,5,0,2,1
622,Orford,u,0,0,0,0,0,0,0,#N/A,#N/A,#N/A,0,#N/A,#N/A,#N/A,0,0,0,0,0,0,Midfielder,0,a,0,0,0,0,0,0,#N/A,#N/A,#N/A,#N/A,0,0,0,0,0,0,a,0,0,0,0,0,0,#N/A,#N/A,#N/A,0,#N/A,0,0,0,0,0,0,0,0,1
623,Potts,a,0,0,0,0,0,0,0,#N/A,#N/A,#N/A,0,#N/A,#N/A,#N/A,0,0,0,0,0,0,Midfielder,1,a,45,0,0,0,2,4,25-26-prem-west-ham-united-vs-chelsea,45,0,0,45,0,0,0,0,2,a,0,0,0,0,0,0,#N/A,#N/A,#N/A,0,#N/A,45,0,0,0,2,4,0,1,1
624,Bowen,a,8,2,90,0,0,0,3,25-26-prem-sunderland-vs-west-ham-united,90,0,0,90,0,0,90,0,0,0,3,0,Forward,2,a,90,0,0,0,5,1,25-26-prem-west-ham-united-vs-chelsea,90,0,0,180,0,0,0,0,8,a,90,1,0,1,0,8,25-26-prem-nottingham-forest-vs-west-ham-united,90,1,0,0,270,1,0,1,8,17,0,13,2
625,Füllkrug,a,0,2,90,0,0,0,3,25-26-prem-sunderland-vs-west-ham-united,90,0,0,90,0,0,90,0,0,0,3,0,Forward,1,a,45,0,0,0,3,1,25-26-prem-west-ham-united-vs-chelsea,45,0,0,135,0,0,0,0,6,a,63,0,0,1,0,3,25-26-prem-nottingham-forest-vs-west-ham-united,64,0,0,0,198,0,0,1,6,4,0,5,1
626,Marshall,a,0,0,0,0,0,0,0,#N/A,#N/A,#N/A,0,#N/A,#N/A,#N/A,0,0,0,0,0,0,Forward,0,a,0,0,0,0,0,0,#N/A,#N/A,#N/A,#N/A,0,0,0,0,0,0,a,0,0,0,0,0,0,#N/A,#N/A,#N/A,0,#N/A,0,0,0,0,0,0,0,0,0
659,Walker-Peters,a,0,0,0,0,0,0,0,#N/A,#N/A,#N/A,0,#N/A,#N/A,#N/A,0,0,0,0,0,0,Defender,1,a,20,0,0,0,0,1,25-26-prem-west-ham-united-vs-chelsea,20,0,0,20,0,0,0,0,0,a,90,0,0,1,0,10,25-26-prem-nottingham-forest-vs-west-ham-united,90,0,0,0,110,0,0,1,0,11,0,7,0
671,Wilson,a,1,1,19,0,0,0,2,25-26-prem-sunderland-vs-west-ham-united,19,0,0,19,0,0,19,0,0,0,2,0,Forward,1,a,45,0,0,0,2,1,25-26-prem-west-ham-united-vs-chelsea,45,0,0,64,0,0,0,0,4,a,26,1,0,0,0,0,25-26-prem-nottingham-forest-vs-west-ham-united,26,1,0,0,90,1,0,0,4,2,0,9,0
679,Hermansen,a,0,1,90,0,0,0,3,25-26-prem-sunderland-vs-west-ham-united,90,0,0,90,0,0,90,0,0,0,3,2,Goalkeeper,0,a,90,0,0,0,5,17,25-26-prem-west-ham-united-vs-chelsea,90,0,0,180,0,0,0,0,8,a,90,0,0,1,0,12,25-26-prem-nottingham-forest-vs-west-ham-united,90,0,0,0,270,0,0,1,8,29,7,8,3
708,M.Fernandes,a,0,0,0,0,0,0,0,#N/A,#N/A,#N/A,0,#N/A,#N/A,#N/A,0,0,0,0,0,0,Midfielder,0,a,0,0,0,0,0,0,#N/A,#N/A,#N/A,#N/A,0,0,0,0,0,0,a,81,0,0,1,0,11,25-26-prem-nottingham-forest-vs-west-ham-united,82,0,0,0,81,0,0,1,0,11,0,3,0
718,S.Magassa,a,0,0,0,0,0,0,0,#N/A,#N/A,#N/A,0,#N/A,#N/A,#N/A,0,0,0,0,0,0,Midfielder,0,a,0,0,0,0,0,0,#N/A,#N/A,#N/A,#N/A,0,0,0,0,0,0,a,0,0,0,0,0,0,#N/A,#N/A,#N/A,0,#N/A,0,0,0,0,0,0,0,0,0
738,Fabianski,d,0,0,0,0,0,0,0,#N/A,#N/A,#N/A,0,#N/A,#N/A,#N/A,0,0,0,0,0,0,Goalkeeper,0,d,0,0,0,0,0,0,#N/A,#N/A,#N/A,#N/A,0,0,0,0,0,0,d,0,0,0,0,0,0,#N/A,#N/A,#N/A,0,#N/A,0,0,0,0,0,0,0,0,4
747,Mayers,a,0,0,0,0,0,0,0,#N/A,#N/A,#N/A,0,#N/A,#N/A,#N/A,0,0,0,0,0,0,Defender,0,a,0,0,0,0,0,0,#N/A,#N/A,#N/A,#N/A,0,0,0,0,0,0,a,0,0,0,0,0,0,#N/A,#N/A,#N/A,0,#N/A,0,0,0,0,0,0,0,0,0
752,Golambeckis,a,0,0,0,0,0,0,0,#N/A,#N/A,#N/A,0,#N/A,#N/A,#N/A,0,0,0,0,0,0,Defender,0,a,0,0,0,0,0,0,#N/A,#N/A,#N/A,#N/A,0,0,0,0,0,0,a,0,0,0,0,0,0,#N/A,#N/A,#N/A,0,#N/A,0,0,0,0,0,0,0,0,4
758,Mohamadou Kanté,a,0,0,0,0,0,0,0,#N/A,#N/A,#N/A,0,#N/A,#N/A,#N/A,0,0,0,0,0,0,Midfielder,#N/A,#N/A,#N/A,#N/A,#N/A,#N/A,#N/A,#N/A,#N/A,#N/A,#N/A,#N/A,#N/A,#N/A,#N/A,#N/A,#N/A,#N/A,#N/A,#N/A,#N/A,#N/A,#N/A,#N/A,#N/A,#N/A,#N/A,#N/A,#N/A,#N/A,#N/A,#N/A,#N/A,#N/A,#N/A,#N/A,#N/A,#N/A,2
627,Johnstone,a,0,0,0,0,0,0,0,#N/A,#N/A,#N/A,0,#N/A,#N/A,#N/A,0,0,0,0,0,0,Goalkeeper,0,a,0,0,0,0,0,0,#N/A,#N/A,#N/A,#N/A,0,0,0,0,0,0,a,0,0,0,0,0,0,25-26-efl-cup-west-ham-united-vs-wolverhampton-wanderers,90,0,0,0,0,0,0,0,0,0,0,0,2
628,José Sá,a,0,0,90,0,0,0,4,25-26-prem-wolverhampton-wanderers-vs-manchester-city,90,0,0,90,0,0,90,0,0,0,4,0,Goalkeeper,3,a,90,0,0,0,1,20,25-26-prem-afc-bournemouth-vs-wolverhampton-wanderers,90,0,0,180,0,0,0,0,5,a,90,0,0,0,3,13,25-26-prem-wolverhampton-wanderers-vs-everton,90,0,3,0,270,0,0,0,8,33,4,4,0
629,Bentley,i,0,0,0,0,0,0,0,#N/A,#N/A,#N/A,0,#N/A,#N/A,#N/A,0,0,0,0,0,0,Goalkeeper,0,a,0,0,0,0,0,0,#N/A,#N/A,#N/A,#N/A,0,0,0,0,0,0,a,0,0,0,0,0,0,#N/A,#N/A,#N/A,0,#N/A,0,0,0,0,0,0,0,0,2
631,Agbadou,a,7,0,90,0,0,0,4,25-26-prem-wolverhampton-wanderers-vs-manchester-city,90,0,0,90,0,0,90,0,0,0,4,0,Defender,4,a,90,0,0,0,1,19,25-26-prem-afc-bournemouth-vs-wolverhampton-wanderers,90,0,0,180,0,0,0,0,5,a,90,0,0,0,3,14,25-26-efl-cup-west-ham-united-vs-wolverhampton-wanderers,90,0,3,0,270,0,0,0,8,40,0,5,0
632,Doherty,a,5,-1,90,0,0,0,4,25-26-prem-wolverhampton-wanderers-vs-manchester-city,90,0,0,90,0,0,90,0,0,0,4,0,Defender,1,a,90,0,0,0,1,17,25-26-prem-afc-bournemouth-vs-wolverhampton-wanderers,90,0,0,180,0,0,0,0,5,a,0,0,0,0,0,0,25-26-efl-cup-west-ham-united-vs-wolverhampton-wanderers,18,0,0,0,180,0,0,0,5,22,0,0,0
633,H.Bueno,a,1,1,18,0,0,0,1,25-26-prem-wolverhampton-wanderers-vs-manchester-city,18,0,0,18,0,0,18,0,0,0,1,0,Defender,0,a,45,0,0,0,0,6,25-26-prem-afc-bournemouth-vs-wolverhampton-wanderers,45,0,0,63,0,0,0,0,1,d,74,0,0,0,3,13,25-26-efl-cup-west-ham-united-vs-wolverhampton-wanderers,90,0,3,0,137,0,0,0,4,20,0,2,0
634,Mosquera,a,0,0,0,0,0,0,0,#N/A,#N/A,#N/A,0,#N/A,#N/A,#N/A,0,0,0,0,0,0,Defender,0,a,0,0,0,0,0,0,#N/A,#N/A,#N/A,#N/A,0,0,0,0,0,0,a,0,0,0,0,0,0,25-26-efl-cup-west-ham-united-vs-wolverhampton-wanderers,72,0,0,0,0,0,0,0,0,0,0,0,0
635,R.Gomes,i,1,1,17,0,0,0,1,25-26-prem-wolverhampton-wanderers-vs-manchester-city,17,0,0,17,0,0,17,0,0,0,1,0,Defender,0,a,0,0,0,0,0,0,#N/A,#N/A,#N/A,#N/A,17,0,0,0,0,1,a,27,1,0,0,0,5,25-26-efl-cup-west-ham-united-vs-wolverhampton-wanderers,72,1,0,0,44,1,0,0,1,6,0,8,2
636,S.Bueno,a,0,0,0,0,0,0,0,#N/A,#N/A,#N/A,0,#N/A,#N/A,#N/A,0,0,0,0,0,0,Defender,1,a,34,0,0,0,0,5,25-26-prem-afc-bournemouth-vs-wolverhampton-wanderers,34,0,0,34,0,0,0,0,0,a,90,0,0,0,3,13,25-26-efl-cup-west-ham-united-vs-wolverhampton-wanderers,90,0,3,0,124,0,0,0,3,18,0,4,1
637,Toti,a,4,0,90,0,0,0,4,25-26-prem-wolverhampton-wanderers-vs-manchester-city,90,0,0,90,0,0,90,0,0,0,4,0,Defender,-2,a,48,0,0,0,1,12,25-26-prem-afc-bournemouth-vs-wolverhampton-wanderers,49,0,0,138,0,0,0,0,5,a,90,0,0,0,3,17,25-26-prem-wolverhampton-wanderers-vs-everton,90,0,3,0,228,0,0,0,8,33,0,1,1
638,Hoever,a,7,1,72,0,0,0,3,25-26-prem-wolverhampton-wanderers-vs-manchester-city,73,0,0,73,0,0,72,0,0,0,3,0,Defender,1,d,34,0,0,0,1,3,25-26-prem-afc-bournemouth-vs-wolverhampton-wanderers,35,0,0,106,0,0,0,0,4,d,0,0,0,0,0,0,#N/A,#N/A,#N/A,0,#N/A,106,0,0,0,4,10,0,2,1
639,Meupiyou,u,0,0,0,0,0,0,0,#N/A,#N/A,#N/A,0,#N/A,#N/A,#N/A,0,0,0,0,0,0,Defender,0,u,0,0,0,0,0,0,#N/A,#N/A,#N/A,#N/A,0,0,0,0,0,0,u,0,0,0,0,0,0,#N/A,#N/A,#N/A,0,#N/A,0,0,0,0,0,0,0,0,3
640,Pedro Lima,u,0,0,0,0,0,0,0,#N/A,#N/A,#N/A,0,#N/A,#N/A,#N/A,0,0,0,0,0,0,Defender,0,a,0,0,0,0,0,0,#N/A,#N/A,#N/A,#N/A,0,0,0,0,0,0,a,0,0,0,0,0,0,#N/A,#N/A,#N/A,0,#N/A,0,0,0,0,0,0,0,0,0
641,Pond,a,0,0,0,0,0,0,0,#N/A,#N/A,#N/A,0,#N/A,#N/A,#N/A,0,0,0,0,0,0,Defender,0,a,0,0,0,0,0,0,#N/A,#N/A,#N/A,#N/A,0,0,0,0,0,0,a,0,0,0,0,0,0,#N/A,#N/A,#N/A,0,#N/A,0,0,0,0,0,0,0,0,0
642,Hee Chan,a,1,1,8,0,0,0,0,25-26-prem-wolverhampton-wanderers-vs-manchester-city,8,0,0,8,0,0,8,0,0,0,0,0,Midfielder,1,a,12,0,0,0,0,0,25-26-prem-afc-bournemouth-vs-wolverhampton-wanderers,12,0,0,20,0,0,0,0,0,a,75,1,0,0,3,2,25-26-efl-cup-west-ham-united-vs-wolverhampton-wanderers,81,0,3,0,95,1,0,0,3,3,0,9,0
643,André,a,15,4,71,0,0,0,3,25-26-prem-wolverhampton-wanderers-vs-manchester-city,72,0,0,72,0,0,71,0,0,0,3,0,Midfielder,1,a,45,0,0,0,0,5,25-26-prem-afc-bournemouth-vs-wolverhampton-wanderers,45,0,0,116,0,0,0,0,3,a,63,0,0,0,3,9,25-26-efl-cup-west-ham-united-vs-wolverhampton-wanderers,90,0,3,0,179,0,0,0,6,29,0,7,0
644,Bellegarde,i,3,2,72,0,0,0,3,25-26-prem-wolverhampton-wanderers-vs-manchester-city,73,0,0,73,0,0,72,0,0,0,3,0,Midfielder,1,a,45,0,0,0,1,4,25-26-prem-afc-bournemouth-vs-wolverhampton-wanderers,45,0,0,117,0,0,0,0,4,a,26,0,0,0,0,1,25-26-efl-cup-west-ham-united-vs-wolverhampton-wanderers,73,0,0,0,143,0,0,0,4,8,0,4,0
645,Fer López,a,0,1,18,0,0,0,1,25-26-prem-wolverhampton-wanderers-vs-manchester-city,18,0,0,18,0,0,18,0,0,0,1,0,Midfielder,0,a,0,0,0,0,0,0,#N/A,#N/A,#N/A,#N/A,18,0,0,0,0,1,a,26,0,0,0,0,1,25-26-efl-cup-west-ham-united-vs-wolverhampton-wanderers,73,0,0,0,44,0,0,0,1,1,0,2,0
646,Gomes,a,9,2,90,0,0,0,4,25-26-prem-wolverhampton-wanderers-vs-manchester-city,90,0,0,90,0,0,90,0,0,0,4,0,Midfielder,1,a,90,0,0,0,1,11,25-26-prem-afc-bournemouth-vs-wolverhampton-wanderers,90,0,0,180,0,0,0,0,5,a,90,0,0,0,3,5,25-26-efl-cup-west-ham-united-vs-wolverhampton-wanderers,17,0,3,0,270,0,0,0,8,25,0,5,0
647,Guedes,u,0,0,0,0,0,0,0,#N/A,#N/A,#N/A,0,#N/A,#N/A,#N/A,0,0,0,0,0,0,Midfielder,0,u,0,0,0,0,0,0,#N/A,#N/A,#N/A,#N/A,0,0,0,0,0,0,u,0,0,0,0,0,0,#N/A,#N/A,#N/A,0,#N/A,0,0,0,0,0,0,0,0,0
648,Munetsi,i,6,2,90,0,0,0,4,25-26-prem-wolverhampton-wanderers-vs-manchester-city,90,0,0,90,0,0,90,0,0,0,4,0,Midfielder,2,a,90,0,0,0,1,6,25-26-prem-afc-bournemouth-vs-wolverhampton-wanderers,90,0,0,180,0,0,0,0,5,a,90,0,1,0,3,2,25-26-prem-wolverhampton-wanderers-vs-everton,90,0,3,1,270,0,1,0,8,14,0,9,0
649,B.Traore,u,0,0,0,0,0,0,0,#N/A,#N/A,#N/A,0,#N/A,#N/A,#N/A,0,0,0,0,0,0,Midfielder,0,u,0,0,0,0,0,0,#N/A,#N/A,#N/A,#N/A,0,0,0,0,0,0,u,0,0,0,0,0,0,#N/A,#N/A,#N/A,0,#N/A,0,0,0,0,0,0,0,0,0
650,Chirewa,a,0,0,0,0,0,0,0,#N/A,#N/A,#N/A,0,#N/A,#N/A,#N/A,0,0,0,0,0,0,Midfielder,0,a,0,0,0,0,0,0,#N/A,#N/A,#N/A,#N/A,0,0,0,0,0,0,a,0,0,0,0,0,0,#N/A,#N/A,#N/A,0,#N/A,0,0,0,0,0,0,0,0,0
651,Edozie,a,0,0,0,0,0,0,0,#N/A,#N/A,#N/A,0,#N/A,#N/A,#N/A,0,0,0,0,0,0,Midfielder,0,a,0,0,0,0,0,0,#N/A,#N/A,#N/A,#N/A,0,0,0,0,0,0,a,0,0,0,0,0,0,#N/A,#N/A,#N/A,0,#N/A,0,0,0,0,0,0,0,0,0
652,Gonzalez,a,0,0,0,0,0,0,0,#N/A,#N/A,#N/A,0,#N/A,#N/A,#N/A,0,0,0,0,0,0,Midfielder,0,a,0,0,0,0,0,0,#N/A,#N/A,#N/A,#N/A,0,0,0,0,0,0,a,0,0,0,0,0,0,#N/A,#N/A,#N/A,0,#N/A,0,0,0,0,0,0,0,0,1
653,Hodge,u,0,0,0,0,0,0,0,#N/A,#N/A,#N/A,0,#N/A,#N/A,#N/A,0,0,0,0,0,0,Midfielder,0,u,0,0,0,0,0,0,#N/A,#N/A,#N/A,#N/A,0,0,0,0,0,0,u,0,0,0,0,0,0,#N/A,#N/A,#N/A,0,#N/A,0,0,0,0,0,0,0,0,0
654,Strand Larsen,a,5,2,81,0,0,0,4,25-26-prem-wolverhampton-wanderers-vs-manchester-city,82,0,0,82,0,0,81,0,0,0,4,0,Forward,2,a,77,0,0,0,1,1,25-26-prem-afc-bournemouth-vs-wolverhampton-wanderers,78,0,0,158,0,0,0,0,5,d,0,0,0,0,0,0,25-26-efl-cup-west-ham-united-vs-wolverhampton-wanderers,17,2,0,0,158,0,0,0,5,6,0,4,1
655,Fábio Silva,u,0,0,0,0,0,0,0,#N/A,#N/A,#N/A,0,#N/A,#N/A,#N/A,0,0,0,0,0,0,Forward,0,a,0,0,0,0,0,0,#N/A,#N/A,#N/A,#N/A,0,0,0,0,0,0,a,0,0,0,0,0,0,#N/A,#N/A,#N/A,0,#N/A,0,0,0,0,0,0,0,0,1
656,Kalajdžić,u,0,0,0,0,0,0,0,#N/A,#N/A,#N/A,0,#N/A,#N/A,#N/A,0,0,0,0,0,0,Forward,0,a,0,0,0,0,0,0,#N/A,#N/A,#N/A,#N/A,0,0,0,0,0,0,a,14,0,0,0,0,2,25-26-efl-cup-west-ham-united-vs-wolverhampton-wanderers,9,0,0,0,14,0,0,0,0,2,0,1,2
657,Chiwome,i,0,0,0,0,0,0,0,#N/A,#N/A,#N/A,0,#N/A,#N/A,#N/A,0,0,0,0,0,0,Forward,0,i,0,0,0,0,0,0,#N/A,#N/A,#N/A,#N/A,0,0,0,0,0,0,i,0,0,0,0,0,0,#N/A,#N/A,#N/A,0,#N/A,0,0,0,0,0,0,0,0,0
658,Fraser,a,0,0,0,0,0,0,0,#N/A,#N/A,#N/A,0,#N/A,#N/A,#N/A,0,0,0,0,0,0,Forward,0,a,0,0,0,0,0,0,#N/A,#N/A,#N/A,#N/A,0,0,0,0,0,0,a,0,0,0,0,0,0,#N/A,#N/A,#N/A,0,#N/A,0,0,0,0,0,0,0,0,
663,J.Arias,a,3,1,17,0,0,0,1,25-26-prem-wolverhampton-wanderers-vs-manchester-city,17,0,0,17,0,0,17,0,0,0,1,0,Midfielder,1,a,55,0,0,0,1,7,25-26-prem-afc-bournemouth-vs-wolverhampton-wanderers,56,0,0,72,0,0,0,0,2,a,63,0,0,0,3,7,25-26-efl-cup-west-ham-united-vs-wolverhampton-wanderers,90,0,3,0,135,0,0,0,5,17,0,4,
682,Møller Wolfe,a,4,1,71,0,0,0,3,25-26-prem-wolverhampton-wanderers-vs-manchester-city,72,0,0,72,0,0,71,0,0,0,3,0,Defender,1,a,45,0,0,0,1,5,25-26-prem-afc-bournemouth-vs-wolverhampton-wanderers,45,0,0,116,0,0,0,0,4,a,15,0,1,0,0,1,25-26-prem-wolverhampton-wanderers-vs-everton,15,0,0,1,131,0,1,0,4,10,0,6,
695,Tchatchoua,a,0,0,0,0,0,0,0,#N/A,#N/A,#N/A,0,#N/A,#N/A,#N/A,0,0,0,0,0,0,Defender,1,a,55,0,0,0,0,7,25-26-prem-afc-bournemouth-vs-wolverhampton-wanderers,55,0,0,55,0,0,0,0,0,a,62,0,0,0,3,5,25-26-prem-wolverhampton-wanderers-vs-everton,63,0,3,0,117,0,0,0,3,12,0,2,
709,Krejčí,a,0,0,0,0,0,0,0,#N/A,#N/A,#N/A,0,#N/A,#N/A,#N/A,0,0,0,0,0,0,Defender,0,a,0,0,0,0,0,0,#N/A,#N/A,#N/A,#N/A,0,0,0,0,0,0,a,0,0,0,0,0,0,#N/A,#N/A,#N/A,0,#N/A,0,0,0,0,0,0,0,0,
720,Tolu,a,0,0,0,0,0,0,0,#N/A,#N/A,#N/A,0,#N/A,#N/A,#N/A,0,0,0,0,0,0,Forward,0,a,0,0,0,0,0,0,#N/A,#N/A,#N/A,#N/A,0,0,0,0,0,0,a,0,0,0,0,0,0,#N/A,#N/A,#N/A,0,#N/A,0,0,0,0,0,0,0,0,
749,Mané,a,0,0,0,0,0,0,0,#N/A,#N/A,#N/A,0,#N/A,#N/A,#N/A,0,0,0,0,0,0,Forward,0,a,0,0,0,0,0,0,#N/A,#N/A,#N/A,#N/A,0,0,0,0,0,0,a,0,0,0,0,0,0,#N/A,#N/A,#N/A,0,#N/A,0,0,0,0,0,0,0,0,
